segment_id,free_flow_speed,speed_limit,frc,ratio_to_limit
-16420001640753,59.059999999999995,50,4,1.181
-16420001640752,57.6,50,4,1.152
-16420001639838,25.1,50,6,0.502
-16420001639812,71.09,31,5,2.293
-16420001639794,52.22,50,4,1.044
-16420001639695,66.17500000000001,50,6,1.324
-16420001639533,82.31,50,4,1.646
-16420001639522,51.98,50,4,1.04
-16420001639373,35.4,26,4,1.362
-16420001639349,34.489999999999995,50,4,0.69
-16420001639341,82.76,50,4,1.655
-16420001639322,38.99,23,4,1.695
-16420001639318,53.74,50,4,1.075
-16420001639254,67.385,60,2,1.123
-16420001639253,65.06,60,2,1.084
-16420001639252,69.7,60,2,1.162
-16420001639251,22.725,60,2,0.379
-16420001639250,59.760000000000005,60,2,0.996
-16420001639249,59.11,60,2,0.985
-16420001639247,42.14000000000001,50,4,0.843
-16420001639234,59.705000000000005,50,4,1.194
-16420001639233,60.29,50,4,1.206
-16420001639232,60.89,50,4,1.218
-16420001639201,33.9,25,4,1.356
-16420001639158,30.8,50,4,0.616
-16420001639059,33.785,50,4,0.676
-16420001639052,55.3,50,4,1.106
-16420001639051,55.3,50,4,1.106
-16420001639020,40.815,60,2,0.68
-16420001639018,86.035,50,1,1.721
-16420001638995,85.7,50,1,1.714
-16420001638986,41.089999999999996,50,4,0.822
-16420001638985,39.745,50,4,0.795
-16420001638939,5.1,31,5,0.165
-16420001638932,33.0,50,2,0.66
-16420001638931,43.535,50,2,0.871
-16420001638929,34.775,50,4,0.696
-16420001638928,30.919999999999998,50,4,0.618
-16420001638926,61.01,50,4,1.22
-16420001638914,63.2,50,5,1.264
-16420001638911,62.4,50,5,1.248
-16420001638876,33.76,50,4,0.675
-16420001638873,33.28999999999999,50,4,0.666
-16420001638867,32.339999999999996,50,5,0.647
-16420001638854,39.86,21,4,1.898
-16420001638742,30.795,60,2,0.513
-16420001638738,44.24,50,5,0.885
-16420001638737,39.775000000000006,50,5,0.796
-16420001638731,70.43,60,2,1.174
-16420001638710,42.2,60,4,0.703
-16420001638709,45.315,60,4,0.755
-16420001638708,47.53,60,4,0.792
-16420001638707,29.6,60,4,0.493
-16420001638706,46.5,60,4,0.775
-16420001638705,41.1,60,4,0.685
-16420001638703,48.015,60,4,0.8
-16420001638699,39.3,50,4,0.786
-16420001638687,34.97,50,4,0.699
-16420001638658,30.5,50,4,0.61
-16420001638630,86.63499999999999,50,1,1.733
-16420001638567,28.205,50,2,0.564
-16420001638525,31.415,50,4,0.628
-16420001636446,45.7,50,4,0.914
-16420001636433,35.769999999999996,30,1,1.192
-16420001636405,47.269999999999996,30,1,1.576
-16420001636398,48.19,50,4,0.964
-16420001636375,49.73,50,4,0.995
-16420001636340,27.634999999999998,50,6,0.553
-16420001636331,45.92,50,6,0.918
-16420001636162,48.96,50,4,0.979
-16420001636140,17.94,30,6,0.598
-16420001636062,91.6,80,1,1.145
-16420001635997,45.4,50,4,0.908
-16420001635996,59.775,60,4,0.996
-16420001635992,57.57,60,4,0.96
-16420001635988,25.950000000000003,30,6,0.865
-16420001635978,54.66,50,4,1.093
-16420001635977,47.88,50,4,0.958
-16420001635975,90.935,80,1,1.137
-16420001635959,53.38,50,4,1.068
-16420001635955,35.94,50,3,0.719
-16420001635954,39.965,50,3,0.799
-16420001635950,49.1,50,4,0.982
-16420001635949,53.56,50,4,1.071
-16420001635939,50.4,50,4,1.008
-16420001635102,42.98,18,4,2.388
-16420001634962,45.459999999999994,18,2,2.526
-16420001634869,44.339999999999996,50,6,0.887
-16420001634519,23.8,50,6,0.476
-16420001634422,35.325,18,4,1.963
-16420001634405,11.724999999999998,30,6,0.391
-16420001634344,43.54,50,6,0.871
-16420001634322,27.450000000000003,18,4,1.525
-16420001634189,45.2,90,3,0.502
-16420001634150,16.835,50,6,0.337
-16420001633861,34.29,50,6,0.686
-16420001633832,25.86,50,6,0.517
-16420001633780,47.0,30,1,1.567
-16420001633769,43.11499999999998,50,6,0.862
-16420001633687,49.07,50,3,0.981
-16420001633659,47.375,50,3,0.948
-16420001633611,39.065000000000005,50,3,0.781
-16420001633575,41.7,50,3,0.834
-16420001633528,25.87,50,6,0.517
-16420001633523,32.14,50,5,0.643
-16420001633522,34.9,50,5,0.698
-16420001633438,56.985,60,2,0.95
-16420001633427,25.42,50,6,0.508
-16420001633413,57.2,60,2,0.953
-16420001633401,54.7,60,2,0.912
-16420001633398,58.995000000000005,50,3,1.18
-16420001633387,47.94,50,3,0.959
-16420001633375,53.22,50,4,1.064
-16420001633374,51.5,50,4,1.03
-16420001633339,43.05,50,3,0.861
-16420001633319,29.38,30,6,0.979
-16420001633312,48.3,60,2,0.805
-16420001633197,52.2,60,4,0.87
-16420001633189,47.18,30,6,1.573
-16420001633188,48.51,60,4,0.808
-16420001633179,42.4,50,6,0.848
-16420001633161,45.1,60,2,0.752
-16420001633134,46.93,30,6,1.564
-16420001633131,52.7,50,3,1.054
-16420001633130,39.0,50,3,0.78
-16420001633028,49.2,50,5,0.984
-16420001632967,43.964999999999996,30,5,1.465
-16420001632944,39.199999999999996,50,6,0.784
-16420001632930,39.9,50,4,0.798
-16420001632906,53.475,30,4,1.782
-16420001632889,43.1,30,5,1.437
-16420001632878,33.5,20,4,1.675
-16420001632877,32.6,20,4,1.63
-16420001632819,39.54,30,1,1.318
-16420001632740,18.504999999999995,30,6,0.617
-16420001632723,52.98,30,4,1.766
-16420001632721,52.8,50,3,1.056
-16420001632704,25.14,18,6,1.397
-16420001632703,25.185,20,6,1.259
-16420001632702,24.825,18,6,1.379
-16420001632701,24.2,19,6,1.274
-16420001632661,44.425,50,4,0.888
-16420001632649,28.169999999999998,50,3,0.563
-16420001632648,24.5,50,3,0.49
-16420001632647,31.985,50,3,0.64
-16420001632643,57.55,50,3,1.151
-16420001632639,37.72,60,2,0.629
-16420001632638,52.55,50,3,1.051
-16420001632634,41.315,50,3,0.826
-16420001632622,39.4,50,4,0.788
-16420001632621,39.05,50,4,0.781
-16420001632619,52.18,50,3,1.044
-16420001632592,61.025,60,3,1.017
-16420001632591,58.8,60,3,0.98
-16420001632581,29.049999999999997,19,6,1.529
-16420001632561,59.17,60,2,0.986
-16420001632560,58.535,60,2,0.976
-16420001632491,29.45,30,6,0.982
-16420001632448,52.305,50,5,1.046
-16420001632425,58.365,50,3,1.167
-16420001632421,53.63,50,3,1.073
-16420001632408,55.00999999999999,18,3,3.056
-16420001632402,50.2,60,2,0.837
-16420001632397,17.25,30,6,0.575
-16420001632384,23.72,50,6,0.474
-16420001632353,35.405,18,6,1.967
-16420001632337,61.0,50,4,1.22
-16420001632336,60.4,50,4,1.208
-16420001632333,56.535,50,2,1.131
-16420001632328,40.81999999999999,50,6,0.816
-16420001632313,42.6,50,3,0.852
-16420001632292,52.96,50,4,1.059
-16420001632291,49.44,50,4,0.989
-16420001632282,15.85,30,6,0.528
-16420001632246,47.865,60,2,0.798
-16420001632226,31.38,50,6,0.628
-16420001632195,50.57,60,4,0.843
-16420001632172,37.7,50,4,0.754
-16420001632164,51.24,50,3,1.025
-16420001632105,43.33,90,3,0.481
-16420001632102,24.54,50,4,0.491
-16420001632098,45.615,50,6,0.912
-16420001632076,59.904999999999994,50,2,1.198
-16420001632016,51.1,50,4,1.022
-16420001631981,48.6,50,3,0.972
-16420001631972,51.5,50,3,1.03
-16420001631939,45.54,50,6,0.911
-16420001631938,45.339999999999996,50,6,0.907
-16420001631937,33.190000000000005,50,6,0.664
-16420001631936,39.2,50,6,0.784
-16420001631935,45.059999999999995,50,6,0.901
-16420001631933,44.715,50,6,0.894
-16420001631902,34.3,50,3,0.686
-16420001631893,29.45,50,6,0.589
-16420001631892,24.634999999999998,50,6,0.493
-16420001631855,39.800000000000004,50,6,0.796
-16420001631853,34.975,50,4,0.7
-16420001631846,34.825,50,6,0.696
-16420001631838,40.58,50,6,0.812
-16420001631836,53.635,50,4,1.073
-16420001631809,50.42,60,2,0.84
-16420001631807,44.4,50,3,0.888
-16420001631765,53.934999999999995,50,3,1.079
-16420001631744,57.55,50,3,1.151
-16420001631740,51.1,50,4,1.022
-16420001631739,50.279999999999994,50,4,1.006
-16420001631738,52.79,50,4,1.056
-16420001631737,56.8,50,4,1.136
-16420001631736,56.205000000000005,50,4,1.124
-16420001631734,46.135,50,2,0.923
-16420001631733,42.0,50,2,0.84
-16420001631727,43.62,50,4,0.872
-16420001631726,45.1,50,4,0.902
-16420001631725,35.8,50,3,0.716
-16420001628912,25.165,24,5,1.049
-16420001628842,25.3,50,5,0.506
-16420001625131,55.730000000000004,50,3,1.115
-16420001624950,34.78,50,4,0.696
-16420001624914,27.03,30,6,0.901
-16420001624864,67.36999999999998,18,4,3.743
-16420001624833,44.3,50,3,0.886
-16420001624753,58.6,50,3,1.172
-16420001624750,28.56,30,6,0.952
-16420001624734,38.5,50,3,0.77
-16420001624733,58.089999999999996,50,3,1.162
-16420001624702,59.5,50,3,1.19
-16420001624609,34.995,30,6,1.166
-16420001624559,67.235,60,4,1.121
-16420001624537,54.3,50,3,1.086
-16420001624428,35.56,50,3,0.711
-16420001624187,47.94,50,4,0.959
-16420001624161,56.4,60,4,0.94
-16420001624097,48.519999999999996,50,3,0.97
-16420001624087,48.2,50,3,0.964
-16420001624080,79.5,50,3,1.59
-16420001624079,70.3,50,3,1.406
-16420001624076,29.16,30,6,0.972
-16420001623995,58.0,50,3,1.16
-16420001623994,65.55000000000001,60,6,1.093
-16420001623975,55.8,50,4,1.116
-16420001623974,56.3,50,4,1.126
-16420001623934,40.17999999999999,50,4,0.804
-16420001623869,30.605,50,6,0.612
-16420001623863,31.075,30,6,1.036
-16420001623861,61.9,50,4,1.238
-16420001623860,68.25,50,4,1.365
-16420001623859,62.445,50,4,1.249
-16420001623858,67.3,50,4,1.346
-16420001623803,49.94,50,3,0.999
-16420001623757,35.57,50,4,0.711
-16420001623756,39.8,50,4,0.796
-16420001623755,50.809999999999995,50,4,1.016
-16420001623754,34.355,50,4,0.687
-16420001623731,35.37499999999999,50,6,0.707
-16420001623715,35.4,50,3,0.708
-16420001623714,51.665,50,4,1.033
-16420001623713,38.480000000000004,50,4,0.77
-16420001623712,44.2,50,4,0.884
-16420001623711,39.1,50,3,0.782
-16420001623710,49.1,50,4,0.982
-16420001623709,49.47,50,4,0.989
-16420001623689,50.794999999999995,50,4,1.016
-16420001623674,50.6,50,4,1.012
-16420001623668,46.559999999999995,50,4,0.931
-16420001623654,31.9,22,4,1.45
-16420001623653,30.4,19,4,1.6
-16420001623607,49.49,50,4,0.99
-16420001623604,33.97,50,3,0.679
-16420001623573,29.345,50,6,0.587
-16420001623559,51.4,50,3,1.028
-16420001623515,45.375,50,6,0.908
-16420001623510,60.735,60,4,1.012
-16420001623509,67.11999999999999,60,4,1.119
-16420001623488,33.91,50,4,0.678
-16420001623460,60.545,50,3,1.211
-16420001623454,48.78,50,3,0.976
-16420001623453,25.02,50,4,0.5
-16420001623438,29.77,50,4,0.595
-16420001623318,64.3,60,6,1.072
-16420001623303,43.690000000000005,30,5,1.456
-16420001623262,55.7,50,4,1.114
-16420001623259,52.89,50,5,1.058
-16420001623258,51.794999999999995,50,5,1.036
-16420001623246,53.879999999999995,50,4,1.078
-16420001623218,42.315,30,5,1.41
-16420001623217,29.49,30,6,0.983
-16420001623208,52.28,50,4,1.046
-16420001623207,39.4,50,6,0.788
-16420001623206,48.17,50,4,0.963
-16420001623172,43.93,30,5,1.464
-16420001623170,42.935,30,5,1.431
-16420001622720,54.5,50,3,1.09
-16420001622669,58.3,50,3,1.166
-16420001622668,55.235,50,3,1.105
-16420001622654,44.059999999999995,50,6,0.881
-16420001622618,32.1,50,4,0.642
-16420001622548,57.01,50,3,1.14
-16420001622489,51.1,50,4,1.022
-16420001622470,45.66,50,4,0.913
-16420001622466,37.75,30,6,1.258
-16420001622453,63.7,50,3,1.274
-16420001622452,44.934999999999995,50,6,0.899
-16420001622441,46.98,50,4,0.94
-16420001622440,52.3,50,4,1.046
-16420001622423,30.13,50,5,0.603
-16420001622358,38.12,50,4,0.762
-16420001622332,43.025,50,4,0.86
-16420001622331,42.3,50,4,0.846
-16420001622318,43.61,50,4,0.872
-16420001622317,51.655,50,4,1.033
-16420001622301,52.2,50,4,1.044
-16420001622300,42.93999999999998,50,4,0.859
-16420001622289,41.8,50,3,0.836
-16420001622285,43.809999999999995,50,4,0.876
-16420001622282,50.0,50,4,1.0
-16420001622258,39.89999999999999,50,4,0.798
-16420001622211,41.67999999999999,18,4,2.316
-16420001622210,37.78,30,6,1.259
-16420001622209,47.885000000000005,50,4,0.958
-16420001622192,45.805,50,4,0.916
-16420001622184,31.77,50,5,0.635
-16420001622183,60.21,50,4,1.204
-16420001622182,58.3,50,4,1.166
-16420001622181,60.5,50,4,1.21
-16420001622180,49.269999999999996,50,4,0.985
-16420001621536,63.97,50,4,1.279
-16420001621398,54.2,50,3,1.084
-16420001621385,69.19999999999999,18,3,3.844
-16420001621292,58.085,50,4,1.162
-16420001621134,41.47,50,4,0.829
-16420001621113,48.3,50,3,0.966
-16420001621044,45.8,50,4,0.916
-16420001621015,61.555,50,4,1.231
-16420001620971,27.869999999999997,22,2,1.267
-16420001620900,41.1,50,3,0.822
-16420001620852,48.3,50,3,0.966
-16420001620851,48.5,50,3,0.97
-16420001620809,50.185,50,4,1.004
-16420001620794,31.619999999999994,50,3,0.632
-16420001620682,50.37,30,4,1.679
-16420001620681,31.865,50,4,0.637
-16420001620631,31.545,50,5,0.631
-16420001620618,33.9,50,5,0.678
-16420001620612,43.57,50,6,0.871
-16420001620610,43.5,40,4,1.088
-16420001620606,64.77,50,4,1.295
-16420001620581,50.150000000000006,50,3,1.003
-16420001620561,25.6,21,3,1.219
-16420001620552,41.38999999999999,50,3,0.828
-16420001620548,46.37,30,4,1.546
-16420001620547,46.14,30,4,1.538
-16420001620534,42.98,50,3,0.86
-16420001620526,51.94,50,3,1.039
-16420001620524,38.3,50,3,0.766
-16420001620516,34.885,50,4,0.698
-16420001620463,41.5,50,3,0.83
-16420001620462,37.5,50,3,0.75
-16420001620460,50.2,50,3,1.004
-16420001620416,35.379999999999995,50,6,0.708
-16420001620396,46.87,30,4,1.562
-16420001620395,48.57,30,4,1.619
-16420001620374,35.485,50,3,0.71
-16420001620371,39.575,30,5,1.319
-16420001620349,44.515,70,3,0.636
-16420001620347,37.73,30,5,1.258
-16420001620344,27.725,50,3,0.554
-16420001620343,48.6,50,4,0.972
-16420001620342,34.6,70,3,0.494
-16420001620341,41.5,50,4,0.83
-16420001620340,43.239999999999995,50,4,0.865
-16420001620339,43.07,50,4,0.861
-16420001620328,26.24,30,6,0.875
-16420001620295,52.7,50,4,1.054
-16420001620279,46.55,40,4,1.164
-16420001620268,49.7,50,3,0.994
-16420001620250,24.665,30,6,0.822
-16420001620237,48.67999999999999,50,3,0.974
-16420001620234,46.4,50,3,0.928
-16420001620233,49.07,50,3,0.981
-16420001620218,23.9,30,6,0.797
-16420001620206,23.28,30,6,0.776
-16420001620183,39.025,50,5,0.78
-16420001620182,33.1,50,5,0.662
-16420001620159,39.81999999999999,50,3,0.796
-16420001620132,39.675000000000004,50,4,0.794
-16420001620131,32.335,50,4,0.647
-16420001620104,48.105,50,3,0.962
-16420001620092,39.959999999999994,50,6,0.799
-16420001616429,53.18000000000001,50,4,1.064
-16420001616177,35.565,50,6,0.711
-16420001616129,61.16,50,3,1.223
-16420001616128,61.79,50,3,1.236
-16420001616125,59.0,50,3,1.18
-16420001616124,54.059999999999995,50,3,1.081
-16420001616122,62.4,50,3,1.248
-16420001616121,55.38999999999999,50,3,1.108
-16420001616023,61.135,60,3,1.019
-16420001615982,64.735,60,3,1.079
-16420001615951,60.3,50,3,1.206
-16420001615842,56.73,50,3,1.135
-16420001615775,47.5,50,3,0.95
-16420001615719,50.385,60,2,0.84
-16420001615678,72.5,90,1,0.806
-16420001615677,73.3,90,1,0.814
-16420001615671,62.6,50,2,1.252
-16420001615526,55.23,50,3,1.105
-16420001615522,55.434999999999995,50,2,1.109
-16420001615521,55.205,50,2,1.104
-16420001615497,55.0,50,3,1.1
-16420001615481,79.75,50,1,1.595
-16420001615446,43.63,50,3,0.873
-16420001615410,44.3,60,2,0.738
-16420001615402,73.7,60,2,1.228
-16420001615398,74.13499999999999,60,2,1.236
-16420001615362,33.035,50,2,0.661
-16420001615361,39.3,50,2,0.786
-16420001615355,54.2,50,6,1.084
-16420001615354,49.0,50,6,0.98
-16420001615353,44.754999999999995,50,6,0.895
-16420001615352,40.885,50,6,0.818
-16420001615347,54.73,50,3,1.095
-16420001615342,34.82,50,6,0.696
-16420001615336,49.6,50,6,0.992
-16420001615333,49.1,60,2,0.818
-16420001615309,28.02,50,6,0.56
-16420001615308,37.11999999999999,50,3,0.742
-16420001615304,40.9,50,4,0.818
-16420001615288,60.13,50,3,1.203
-16420001615241,40.1,50,6,0.802
-16420001615235,61.21,50,2,1.224
-16420001615103,38.54,50,6,0.771
-16420001614832,35.9,50,4,0.718
-16420001614581,23.255000000000003,26,3,0.894
-16420001614449,30.305,50,6,0.606
-16420001614424,34.25,50,4,0.685
-16420001614235,29.27,50,4,0.585
-16420001614152,53.08,50,3,1.062
-16420001614141,29.220000000000002,50,6,0.584
-16420001614120,30.54,50,6,0.611
-16420001614101,21.355,50,4,0.427
-16420001614043,50.8,90,3,0.564
-16420001614042,39.385000000000005,50,4,0.788
-16420001614034,24.775,50,4,0.496
-16420001614014,47.6,60,2,0.793
-16420001613960,41.07,50,3,0.821
-16420001613936,40.68,50,5,0.814
-16420001613935,27.4,50,5,0.548
-16420001613900,36.015,50,4,0.72
-16420001613896,28.060000000000002,50,4,0.561
-16420001613851,49.17999999999999,60,2,0.82
-16420001613810,28.91,50,6,0.578
-16420001613761,54.315000000000005,30,4,1.811
-16420001613760,54.56,30,4,1.819
-16420001613619,26.385,50,4,0.528
-16420001613616,18.44,50,4,0.369
-16420001613602,27.495,30,6,0.916
-16420001613569,52.589999999999996,90,3,0.584
-16420001613566,34.2,30,5,1.14
-16420001613545,49.0,49,4,1.0
-16420001613544,63.78,50,3,1.276
-16420001613526,24.6,50,4,0.492
-16420001613518,51.665,50,5,1.033
-16420001613452,52.6,50,3,1.052
-16420001613404,38.66,50,6,0.773
-16420001613342,32.8,30,6,1.093
-16420001613266,54.339999999999996,50,3,1.087
-16420001613233,64.1,50,3,1.282
-16420001613181,40.599999999999994,50,6,0.812
-16420001613180,39.785,50,6,0.796
-16420001613160,42.855,50,2,0.857
-16420001613144,52.0,50,5,1.04
-16420001613126,39.459999999999994,32,3,1.233
-16420001613116,27.71,50,4,0.554
-16420001613114,38.7,50,3,0.774
-16420001613109,43.1,50,2,0.862
-16420001613051,46.894999999999996,50,3,0.938
-16420001613034,34.8,50,4,0.696
-16420001613033,28.515,50,4,0.57
-16420001613005,36.53,50,6,0.731
-16420001612996,37.2,30,3,1.24
-16420001612991,38.28,30,5,1.276
-16420001612903,58.71,50,3,1.174
-16420001612902,55.51,50,3,1.11
-16420001612898,42.25,50,5,0.845
-16420001612836,35.205000000000005,50,5,0.704
-16420001612810,51.0,50,3,1.02
-16420001612809,49.2,50,3,0.984
-16420001609405,43.87,50,5,0.877
-16420001609313,34.84,30,6,1.161
-16420001609300,60.0,50,4,1.2
-16420001609299,60.3,50,4,1.206
-16420001609283,47.145,50,4,0.943
-16420001609278,46.885,50,5,0.938
-16420001609277,48.9,50,5,0.978
-16420001609276,49.7,50,5,0.994
-16420001609275,46.3,50,5,0.926
-16420001609265,21.4,30,6,0.713
-16420001609215,46.115,50,5,0.922
-16420001607498,76.8,50,3,1.536
-16420001607403,33.26,50,6,0.665
-16420001607313,71.495,50,3,1.43
-16420001607258,30.9,50,5,0.618
-16420001607249,30.294999999999998,50,5,0.606
-16420001607032,35.294999999999995,50,5,0.706
-16420001607029,38.1,50,5,0.762
-16420001607017,57.1,50,3,1.142
-16420001607016,57.565000000000005,50,3,1.151
-16420001607015,56.4,50,3,1.128
-16420001605004,28.939999999999998,50,4,0.579
-16420001604954,69.28999999999999,50,3,1.386
-16420001604866,33.934999999999995,50,5,0.679
-16420001604865,35.2,50,5,0.704
-16420001604862,68.0,60,3,1.133
-16420001604842,31.465,50,6,0.629
-16420001604791,34.089999999999996,50,5,0.682
-16420001604729,29.459999999999997,50,4,0.589
-16420001604663,26.264999999999997,30,6,0.876
-16420001604612,75.115,50,3,1.502
-16420001604492,46.86,50,4,0.937
-16420001604444,25.055,50,6,0.501
-16420001604428,29.8,50,6,0.596
-16420001604424,54.965,50,3,1.099
-16420001604278,37.7,50,5,0.754
-16420001604277,61.0,50,4,1.22
-16420001604276,36.25,50,5,0.725
-16420001604275,37.8,50,5,0.756
-16420001604184,34.1,60,3,0.568
-16420001604183,36.3,60,3,0.605
-16420001604138,26.1,30,5,0.87
-16420001604137,25.62,30,5,0.854
-16420001604108,25.2,50,4,0.504
-16420001604025,46.4,50,3,0.928
-16420001603973,24.995,30,5,0.833
-16420001603956,30.27,30,5,1.009
-16420001603955,25.86,30,5,0.862
-16420001603954,26.67,30,5,0.889
-16420001603953,50.3,50,3,1.006
-16420001603914,36.03,30,5,1.201
-16420001603891,63.1,50,4,1.262
-16420001603861,74.345,50,3,1.487
-16420001603805,69.03,60,3,1.15
-16420001603779,72.0,50,3,1.44
-16420001603735,44.76,50,4,0.895
-16420001603719,69.1,60,3,1.152
-16420001603670,32.005,50,6,0.64
-16420001603657,55.085,50,4,1.102
-16420001603646,25.575,50,6,0.511
-16420001603639,56.7,50,4,1.134
-16420001603604,44.55,50,5,0.891
-16420001603602,41.6,50,5,0.832
-16420001603601,45.824999999999996,50,5,0.916
-16420001603594,44.894999999999996,40,4,1.122
-16420001603581,31.2,30,6,1.04
-16420001603548,32.1,50,4,0.642
-16420001603533,74.36,50,3,1.487
-16420001603444,47.0,50,3,0.94
-16420001603443,45.769999999999996,50,3,0.915
-16420001603418,49.794999999999995,40,4,1.245
-16420001603417,25.8,50,4,0.516
-16420001603416,32.2,50,4,0.644
-16420001601277,57.150000000000006,50,3,1.143
-16420001601266,59.485,50,3,1.19
-16420001601265,51.4,50,3,1.028
-16420001601217,58.824999999999996,50,3,1.176
-16420001601216,55.964999999999996,50,3,1.119
-16420001601215,59.12,50,3,1.182
-16420001601194,49.2,50,3,0.984
-16420001601190,55.934999999999995,30,2,1.864
-16420001601189,55.474999999999994,30,2,1.849
-16420001601188,56.5,30,2,1.883
-16420001601123,33.7,50,4,0.674
-16420001601112,57.8,50,3,1.156
-16420001601096,53.8,50,3,1.076
-16420001601077,52.9,50,3,1.058
-16420001601069,50.6,50,3,1.012
-16420001600976,56.925,50,3,1.138
-16420001600964,36.0,50,4,0.72
-16420001600947,55.394999999999996,50,3,1.108
-16420001600942,46.879999999999995,50,3,0.938
-16420001600681,44.0,50,6,0.88
-16420001600634,50.519999999999996,50,3,1.01
-16420001600619,47.339999999999996,30,5,1.578
-16420001600618,47.019999999999996,30,5,1.567
-16420001600574,46.379999999999995,50,5,0.928
-16420001600543,48.33,50,3,0.967
-16420001600526,49.8,90,3,0.553
-16420001600500,37.75,50,5,0.755
-16420001600499,48.75,50,5,0.975
-16420001600384,28.55,30,6,0.952
-16420001600377,46.9,90,3,0.521
-16420001600277,59.214999999999996,50,3,1.184
-16420001600223,57.105,50,3,1.142
-16420001600222,56.404999999999994,50,3,1.128
-16420001600190,52.650000000000006,50,4,1.053
-16420001600189,52.765,50,4,1.055
-16420001600122,97.235,90,1,1.08
-16420001600049,53.4,50,3,1.068
-16420001599985,61.81999999999999,50,4,1.236
-16420001599971,37.525,50,3,0.75
-16420001599942,34.4,50,3,0.688
-16420001599860,34.025,50,3,0.68
-16420001599846,56.45,60,2,0.941
-16420001599842,55.22,30,4,1.841
-16420001599816,63.6,50,3,1.272
-16420001599815,22.939999999999998,30,4,0.765
-16420001599784,45.94999999999999,90,3,0.511
-16420001599782,36.0,30,4,1.2
-16420001599777,35.3,50,4,0.706
-16420001599754,55.95,60,2,0.932
-16420001599738,46.525,50,4,0.93
-16420001599737,43.6,50,4,0.872
-16420001599733,64.80000000000001,50,3,1.296
-16420001599732,62.95,50,3,1.259
-16420001599731,63.7,50,3,1.274
-16420001599729,55.5,60,4,0.925
-16420001599728,55.42,60,4,0.924
-16420001599687,52.755,30,4,1.759
-16420001599666,63.8,50,3,1.276
-16420001599664,66.2,50,3,1.324
-16420001599659,27.7,50,4,0.554
-16420001599654,58.6,50,3,1.172
-16420001599653,48.559999999999995,50,3,0.971
-16420001599652,54.4,50,3,1.088
-16420001599651,60.7,50,3,1.214
-16420001599650,59.73,50,3,1.195
-16420001599649,25.315,50,3,0.506
-16420001599615,61.345,50,4,1.227
-16420001599608,53.135,50,4,1.063
-16420001599561,30.24,30,6,1.008
-16420001597413,43.349999999999994,30,6,1.445
-16420001597403,28.68,30,6,0.956
-16420001597300,67.0,70,3,0.957
-16420001597299,58.78,50,3,1.176
-16420001597169,41.8,30,6,1.393
-16420001597115,25.745,30,6,0.858
-16420001592870,43.120000000000005,50,6,0.862
-16420001592739,54.690000000000005,50,6,1.094
-16420001592553,30.700000000000003,50,6,0.614
-16420001592248,43.62,50,6,0.872
-16420001592139,37.96,50,4,0.759
-16420001592086,45.925,50,3,0.918
-16420001592085,45.0,50,3,0.9
-16420001592002,55.754999999999995,50,4,1.115
-16420001591997,25.36,50,4,0.507
-16420001591865,31.889999999999997,50,4,0.638
-16420001591864,39.6,50,4,0.792
-16420001591772,22.099999999999998,50,6,0.442
-16420001591766,61.66,50,3,1.233
-16420001591631,51.64,50,3,1.033
-16420001591517,53.7,50,6,1.074
-16420001591477,29.7,50,4,0.594
-16420001591453,24.25,50,6,0.485
-16420001591378,17.025,50,4,0.34
-16420001591372,27.559999999999995,50,6,0.551
-16420001591365,57.53,50,4,1.151
-16420001591358,55.275,50,4,1.106
-16420001591356,49.3,50,4,0.986
-16420001591355,49.16,50,4,0.983
-16420001591354,55.0,50,4,1.1
-16420001591353,49.80499999999999,50,4,0.996
-16420001591352,49.6,50,4,0.992
-16420001591344,25.289999999999996,50,6,0.506
-16420001591276,55.5,50,4,1.11
-16420001591198,61.53,50,3,1.231
-16420001591157,54.64,50,3,1.093
-16420001591126,61.394999999999996,50,4,1.228
-16420001591121,49.44,50,3,0.989
-16420001591111,54.0,50,3,1.08
-16420001591102,45.7,50,3,0.914
-16420001591080,49.3,50,4,0.986
-16420001591078,50.495,50,4,1.01
-16420001591027,44.3,50,3,0.886
-16420001591023,43.345,50,4,0.867
-16420001591004,36.385000000000005,50,6,0.728
-16420001590898,43.1,50,3,0.862
-16420001590897,60.55,50,3,1.211
-16420001590896,42.95,50,3,0.859
-16420001590895,48.2,50,3,0.964
-16420001590894,49.05,50,3,0.981
-16420001590893,59.45,50,3,1.189
-16420001590892,57.75,50,3,1.155
-16420001590891,57.63,50,3,1.153
-16420001590890,59.75,50,3,1.195
-16420001590889,50.849999999999994,50,3,1.017
-16420001590888,59.05,50,3,1.181
-16420001590887,59.150000000000006,50,3,1.183
-16420001590886,59.05,50,3,1.181
-16420001590885,59.1,50,3,1.182
-16420001590884,53.75,50,3,1.075
-16420001590883,46.05,50,3,0.921
-16420001590882,60.05,50,3,1.201
-16420001590881,59.349999999999994,50,3,1.187
-16420001590880,60.7,50,3,1.214
-16420001590879,45.849999999999994,50,3,0.917
-16420001590874,59.75,50,3,1.195
-16420001589074,38.690000000000005,50,4,0.774
-16420001589069,43.434999999999995,50,3,0.869
-16420001588870,58.125,50,3,1.162
-16420001588754,45.190000000000005,50,4,0.904
-16420001588753,46.449999999999996,50,4,0.929
-16420001588729,36.019999999999996,50,4,0.72
-16420001588664,58.21,50,3,1.164
-16420001588654,51.2,50,3,1.024
-16420001588652,57.04,50,3,1.141
-16420001588645,33.6,50,4,0.672
-16420001588644,28.49,50,4,0.57
-16420001588601,33.4,50,4,0.668
-16420001588600,31.639999999999997,50,4,0.633
-16420001588596,28.49,50,4,0.57
-16420001588595,44.080000000000005,50,3,0.882
-16420001588581,47.7,50,3,0.954
-16420001588580,40.9,50,3,0.818
-16420001588551,49.44,50,3,0.989
-16420001588540,64.42999999999999,50,4,1.289
-16420001588535,46.33,50,3,0.927
-16420001588502,58.6,50,3,1.172
-16420001588440,45.28,50,3,0.906
-16420001586670,31.91,30,6,1.064
-16420001586477,48.59,50,6,0.972
-16420001586392,29.41999999999999,50,4,0.588
-16420001585794,37.29,50,6,0.746
-16420001585777,47.6,50,4,0.952
-16420001585776,53.975,50,4,1.08
-16420001585766,53.39,50,4,1.068
-16420001585678,36.0,30,6,1.2
-16420001585662,51.915,44,3,1.18
-16420001585661,45.19,50,3,0.904
-16420001585660,67.14999999999999,50,3,1.343
-16420001585659,61.1,50,3,1.222
-16420001585658,48.82,50,3,0.976
-16420001585657,59.795,50,3,1.196
-16420001585656,50.9,50,3,1.018
-16420001585655,45.4,24,3,1.892
-16420001585654,68.6,50,3,1.372
-16420001585607,37.3,30,6,1.243
-16420001585579,50.690000000000005,50,4,1.014
-16420001585568,40.1,50,3,0.802
-16420001585532,29.44,50,4,0.589
-16420001585498,30.0,50,3,0.6
-16420001585474,27.92,50,6,0.558
-16420001585453,38.8,50,3,0.776
-16420001585442,46.0,50,4,0.92
-16420001585375,33.78,30,6,1.126
-16420001585322,52.05,50,5,1.041
-16420001585256,41.6,50,6,0.832
-16420001585201,34.03000000000001,50,4,0.681
-16420001585186,49.4,50,5,0.988
-16420001585165,30.67,18,3,1.704
-16420001585122,41.84,50,4,0.837
-16420001585079,41.925,50,4,0.838
-16420001585078,33.68,30,6,1.123
-16420001585058,60.995000000000005,50,3,1.22
-16420001585004,46.625,50,5,0.932
-16420001584981,38.760000000000005,50,3,0.775
-16420001584871,34.8,50,4,0.696
-16420001584854,54.8,50,4,1.096
-16420001584774,51.61,50,3,1.032
-16420001584761,72.5,50,3,1.45
-16420001584760,74.73,50,3,1.495
-16420001584759,71.045,50,3,1.421
-16420001584757,72.545,50,3,1.451
-16420001584756,73.6,50,3,1.472
-16420001584754,72.115,50,3,1.442
-16420001584745,43.57,50,3,0.871
-16420001584717,54.8,50,4,1.096
-16420001584699,48.9,50,3,0.978
-16420001584695,28.2,50,6,0.564
-16420001584690,62.3,50,3,1.246
-16420001584689,60.9,50,3,1.218
-16420001584681,54.29,50,4,1.086
-16420001584652,41.94,50,6,0.839
-16420001584617,66.3,50,3,1.326
-16420001584533,50.96,50,3,1.019
-16420001584526,34.46,50,4,0.689
-16420001584508,32.18,30,6,1.073
-16420001584503,58.3,50,3,1.166
-16420001584476,48.795,50,3,0.976
-16420001584452,46.425,50,4,0.928
-16420001584429,39.17,50,4,0.783
-16420001584387,35.0,50,4,0.7
-16420001584386,45.6,50,4,0.912
-16420001584362,65.91000000000001,50,3,1.318
-16420001584346,48.495,50,4,0.97
-16420001584301,55.23,50,3,1.105
-16420001584288,45.815,50,5,0.916
-16420001584267,28.365000000000002,18,3,1.576
-16420001584246,85.66999999999999,70,1,1.224
-16420001584245,84.63499999999999,70,1,1.209
-16420001584240,50.279999999999994,90,3,0.559
-16420001584239,62.855,90,3,0.698
-16420001584238,66.4,90,3,0.738
-16420001584237,70.97999999999999,90,3,0.789
-16420001584236,69.2,90,3,0.769
-16420001584235,71.47,90,3,0.794
-16420001584234,52.5,90,3,0.583
-16420001584181,53.4,50,2,1.068
-16420001584177,34.2,30,6,1.14
-16420001584105,45.64,50,5,0.913
-16420001584100,54.8,50,4,1.096
-16420001584050,43.059999999999995,50,3,0.861
-16420001584043,46.4,50,5,0.928
-16420001584040,49.87,50,3,0.997
-16420001584020,37.269999999999996,50,6,0.745
-16420001584008,43.25,50,4,0.865
-16420001583975,44.3,50,4,0.886
-16420001583954,56.96999999999999,50,4,1.139
-16420001583953,55.62,50,4,1.112
-16420001583864,48.3,50,2,0.966
-16420001583849,48.6,50,5,0.972
-16420001583828,63.53,50,3,1.271
-16420001583792,4.5,50,6,0.09
-16420001583746,70.87,90,3,0.787
-16420001583742,46.39999999999999,50,6,0.928
-16420001583737,27.125,50,6,0.542
-16420001583724,32.1,50,3,0.642
-16420001583692,47.7,50,4,0.954
-16420001583295,43.0,50,6,0.86
-16420001582340,66.0,50,4,1.32
-16420001582335,50.0,90,3,0.556
-16420001582334,47.0,90,3,0.522
-16420001582318,51.0,50,4,1.02
-16420001582311,37.4,50,6,0.748
-16420001582142,43.0,50,6,0.86
-16420001582111,54.8,50,4,1.096
-16420001582058,54.5,50,4,1.09
-16420001582005,51.059999999999995,50,4,1.021
-16420001581731,51.0,50,5,1.02
-16420001581561,38.4,50,6,0.768
-16420001581477,52.0,50,4,1.04
-16420001581351,45.0,50,4,0.9
-16420001581184,41.2,30,4,1.373
-16420001581094,46.0,90,3,0.511
-16420001581062,39.559999999999995,30,6,1.319
-16420001581029,67.045,50,4,1.341
-16420001580970,51.74,50,4,1.035
-16420001580919,49.0,90,3,0.544
-16420001580890,51.0,30,4,1.7
-16420001580622,41.0,50,6,0.82
-16420001580521,53.0,50,5,1.06
-16420001580486,28.585,50,4,0.572
-16420001580316,57.0,50,5,1.14
-16420001580247,52.0,50,4,1.04
-16420001580172,67.4,50,4,1.348
-16420001580042,85.0,50,1,1.7
-16420001579973,50.35,50,4,1.007
-16420001579972,50.0,50,4,1.0
-16420001579928,38.0,30,6,1.267
-16420001579896,67.0,50,4,1.34
-16420001579895,41.0,50,6,0.82
-16420001579730,87.0,50,1,1.74
-16420001579726,40.2,50,6,0.804
-16420001579721,40.11,50,6,0.802
-16420001579714,36.0,50,6,0.72
-16420001579651,52.0,50,5,1.04
-16420001575885,43.0,50,6,0.86
-16420001575869,55.355,30,4,1.845
-16420001575824,18.0,50,6,0.36
-16420001575821,30.8,50,4,0.616
-16420001575386,36.480000000000004,50,5,0.73
-16420001575385,17.0,50,5,0.34
-16420001575384,50.0,50,5,1.0
-16420001575296,44.185,30,3,1.473
-16420001575277,55.0,30,4,1.833
-16420001575177,29.0,50,4,0.58
-16420001575096,30.160000000000004,50,4,0.603
-16420001575092,25.0,50,6,0.5
-16420001575058,46.7,50,5,0.934
-16420001574940,58.620000000000005,50,3,1.172
-16420001574939,76.0,90,3,0.844
-16420001574938,75.0,90,3,0.833
-16420001574937,73.8,90,3,0.82
-16420001574936,67.0,90,3,0.744
-16420001574893,21.0,50,3,0.42
-16420001574890,26.0,50,3,0.52
-16420001574865,33.235,50,6,0.665
-16420001574822,30.0,50,6,0.6
-16420001574732,16.299999999999997,50,6,0.326
-16420001574717,42.9,50,2,0.858
-16420001574715,24.025,50,6,0.48
-16420001574698,42.0,50,6,0.84
-16420001574681,58.9,50,3,1.178
-16420001574671,9.199999999999998,50,6,0.184
-16420001574636,31.0,50,6,0.62
-16420001574616,43.0,30,3,1.433
-16420001574583,53.0,50,4,1.06
-16420001574570,42.0,50,6,0.84
-16420001574569,49.0,50,3,0.98
-16420001574568,49.0,50,3,0.98
-16420001574527,30.490000000000002,50,4,0.61
-16420001574525,23.189999999999998,50,4,0.464
-16420001574524,29.314999999999998,50,4,0.586
-16420001574494,22.0,50,6,0.44
-16420001574447,49.0,50,6,0.98
-16420001574446,49.6,50,6,0.992
-16420001574445,50.089999999999996,50,6,1.002
-16420001574444,52.0,50,6,1.04
-16420001574421,33.0,50,2,0.66
-16420001574370,50.029999999999994,50,4,1.001
-16420001574361,22.7,50,5,0.454
-16420001574335,49.6,50,6,0.992
-16420001574325,21.0,50,6,0.42
-16420001574315,34.0,50,4,0.68
-16420001574314,36.2,50,4,0.724
-16420001574285,57.0,50,4,1.14
-16420001574271,50.035,50,6,1.001
-16420001574255,51.0,50,4,1.02
-16420001574241,41.0,50,4,0.82
-16420001574231,37.0,50,4,0.74
-16420001574225,31.0,30,6,1.033
-16420001574223,35.794999999999995,30,6,1.193
-16420001574208,37.0,50,4,0.74
-16420001574172,33.0,50,6,0.66
-16420001574159,35.0,50,4,0.7
-16420001574157,36.334999999999994,50,6,0.727
-16420001574144,22.0,50,4,0.44
-16420001574119,45.0,30,4,1.5
-16420001574118,35.0,30,4,1.167
-16420001574090,33.489999999999995,50,6,0.67
-16420001574055,24.9,50,4,0.498
-16420001574047,43.0,50,6,0.86
-16420001574043,60.0,50,3,1.2
-16420001574042,63.2,50,3,1.264
-16420001574041,63.0,50,3,1.26
-16420001574037,30.0,50,2,0.6
-16420001574036,60.50500000000001,50,2,1.21
-16420001574035,47.0,60,2,0.783
-16420001574006,61.0,50,3,1.22
-16420001574003,39.629999999999995,30,4,1.321
-16420001573991,33.71999999999999,50,6,0.674
-16420001573990,53.7,60,2,0.895
-16420001573953,41.0,50,5,0.82
-16420001573952,24.24,50,4,0.485
-16420001573950,45.19,50,5,0.904
-16420001573933,46.1,50,4,0.922
-16420001573932,50.0,50,5,1.0
-16420001573928,26.0,50,4,0.52
-16420001573922,32.0,50,2,0.64
-16420001573888,49.0,50,4,0.98
-16420001573861,21.49,50,6,0.43
-16420001573841,27.0,50,2,0.54
-16420001573837,21.199999999999996,50,6,0.424
-16420001573833,45.0,50,2,0.9
-16420001573829,47.1,30,4,1.57
-16420001573797,28.0,50,4,0.56
-16420001573758,41.0,50,4,0.82
-16420001573751,61.0,50,2,1.22
-16420001571086,21.035,50,6,0.421
-16420001571009,64.0,40,2,1.6
-16420001570942,37.345,50,4,0.747
-16420001570910,24.424999999999997,50,6,0.488
-16420001570860,25.25,50,6,0.505
-16420001570780,45.71,50,6,0.914
-16420001570775,42.0,50,6,0.84
-16420001570774,54.0,50,2,1.08
-16420001570770,48.99999999999999,27,6,1.815
-16420001570769,24.0,50,5,0.48
-16420001570729,46.0,30,5,1.533
-16420001570676,20.0,50,5,0.4
-16420001570664,46.544999999999995,30,5,1.551
-16420001570663,70.0,90,2,0.778
-16420001570654,46.68499999999999,50,6,0.934
-16420001570575,62.0,40,2,1.55
-16420001570539,48.0,50,3,0.96
-16420001570399,46.815,50,5,0.936
-16420001570379,46.0,50,6,0.92
-16420001570370,32.72,50,6,0.654
-16420001570344,29.799999999999994,50,5,0.596
-16420001570191,36.0,50,6,0.72
-16420001570188,51.0,50,6,1.02
-16420001570132,50.0,50,6,1.0
-16420001570105,48.76499999999999,50,6,0.975
-16420001570056,39.0,50,6,0.78
-16420001570023,70.19,90,2,0.78
-16420001570020,55.349999999999994,50,4,1.107
-16420001570010,53.975,50,4,1.08
-16420001569918,42.0,50,6,0.84
-16420001569899,33.25,50,6,0.665
-16420001569813,41.0,50,6,0.82
-16420001569772,44.0,50,6,0.88
-16420001569760,4.0,50,5,0.08
-16420001569726,24.0,50,5,0.48
-16420001569693,65.0,60,4,1.083
-16420001569683,37.875,50,6,0.758
-16420001569643,46.144999999999996,50,3,0.923
-16420001569599,25.0,50,6,0.5
-16420001569585,26.4,50,6,0.528
-16420001569537,29.309999999999977,50,3,0.586
-16420001569528,91.0,90,1,1.011
-16420001569506,45.0,50,3,0.9
-16420001569499,57.0,50,2,1.14
-16420001569489,68.0,50,3,1.36
-16420001569488,69.3,50,3,1.386
-16420001569475,65.795,50,3,1.316
-16420001569452,67.03999999999999,50,3,1.341
-16420001569433,61.81999999999999,60,4,1.03
-16420001569430,55.0,50,3,1.1
-16420001569429,55.9,50,3,1.118
-16420001569428,60.0,50,4,1.2
-16420001569427,55.434999999999995,50,4,1.109
-16420001569426,21.369999999999994,50,3,0.427
-16420001569417,44.0,50,6,0.88
-16420001569384,49.2,50,5,0.984
-16420001569381,45.0,50,3,0.9
-16420001569327,42.8,30,4,1.427
-16420001569326,35.0,50,4,0.7
-16420001569247,36.0,30,4,1.2
-16420001569243,61.0,60,2,1.017
-16420001569242,54.0,60,2,0.9
-16420001569241,60.0,60,2,1.0
-16420001569240,54.0,60,2,0.9
-16420001569239,53.0,60,2,0.883
-16420001569206,38.7,50,6,0.774
-16420001569173,59.0,50,3,1.18
-16420001569143,58.0,50,2,1.16
-16420001569087,31.059999999999995,50,4,0.621
-16420001569053,58.0,50,4,1.16
-16420001568994,55.0,60,2,0.917
-16420001568976,44.2,50,3,0.884
-16420001568954,53.0,60,2,0.883
-16420001568948,67.0,50,3,1.34
-16420001568903,58.4,60,2,0.973
-16420001568901,58.6,60,2,0.977
-16420001568824,55.0,50,4,1.1
-16420001568821,67.0,50,2,1.34
-16420001568808,53.0,50,4,1.06
-16420001568807,53.0,50,4,1.06
-16420001568787,31.059999999999995,50,5,0.621
-16420001568786,52.0,50,4,1.04
-16420001568781,23.049999999999983,50,5,0.461
-16420001568779,24.0,50,5,0.48
-16420001568741,51.5,50,4,1.03
-16420001568718,48.0,50,4,0.96
-16420001568703,62.68,50,4,1.254
-16420001568702,65.0,50,4,1.3
-16420001566568,35.7,50,6,0.714
-16420001566382,43.2,50,4,0.864
-16420001566348,46.28,50,6,0.926
-16420001566129,34.0,50,6,0.68
-16420001565813,46.0,50,3,0.92
-16420001565449,28.049999999999997,50,6,0.561
-16420001565430,47.0,30,1,1.567
-16420001565417,84.235,70,1,1.203
-16420001565162,84.0,70,1,1.2
-16420001565097,57.0,50,2,1.14
-16420001565092,31.0,50,4,0.62
-16420001564976,29.0,50,6,0.58
-16420001564966,34.0,50,6,0.68
-16420001564844,40.0,50,6,0.8
-16420001564670,46.0,50,6,0.92
-16420001564664,39.29,50,6,0.786
-16420001564630,49.0,50,6,0.98
-16420001564471,49.0,30,1,1.633
-16420001564429,39.0,20,2,1.95
-16420001564428,42.0,20,2,2.1
-16420001564382,57.0,50,3,1.14
-16420001564343,30.859999999999992,50,4,0.617
-16420001564320,37.0,18,6,2.056
-16420001564259,29.259999999999998,50,6,0.585
-16420001564256,28.7,50,3,0.574
-16420001564239,58.0,50,3,1.16
-16420001564160,44.0,50,6,0.88
-16420001564153,55.0,50,3,1.1
-16420001564152,41.89999999999998,50,3,0.838
-16420001564146,37.0,40,2,0.925
-16420001564121,11.0,50,6,0.22
-16420001564118,21.75,50,6,0.435
-16420001564033,44.8,50,6,0.896
-16420001564030,43.0,50,3,0.86
-16420001564012,57.0,50,6,1.14
-16420001564011,55.0,50,6,1.1
-16420001564010,51.0,50,6,1.02
-16420001563998,43.0,34,3,1.265
-16420001563986,35.0,50,3,0.7
-16420001563956,52.0,50,3,1.04
-16420001563924,55.0,30,4,1.833
-16420001563923,53.0,30,4,1.767
-16420001563922,51.0,30,4,1.7
-16420001563875,45.0,40,2,1.125
-16420001563870,55.7,50,6,1.114
-16420001563847,42.0,50,3,0.84
-16420001563814,36.650000000000006,28,4,1.309
-16420001563813,34.7,50,4,0.694
-16420001563766,30.68,50,6,0.614
-16420001563726,57.0,50,3,1.14
-16420001563683,57.0,50,3,1.14
-16420001563637,44.0,50,3,0.88
-16420001563624,54.0,50,3,1.08
-16420001563602,56.085,50,2,1.122
-16420001563601,56.3,50,2,1.126
-16420001563595,58.0,50,2,1.16
-16420001563535,52.0,50,6,1.04
-16420001563532,58.07499999999999,50,3,1.161
-16420001563527,40.0,24,4,1.667
-16420001563425,57.0,50,3,1.14
-16420001563424,66.0,50,3,1.32
-16420001555515,64.1,50,2,1.282
-16420001555514,61.0,50,2,1.22
-16420001555322,26.0,30,6,0.867
-16420001555162,58.0,30,2,1.933
-16420001555014,40.0,50,6,0.8
-16420001554920,17.0,50,6,0.34
-16420001554893,36.0,50,6,0.72
-16420001554880,58.0,30,2,1.933
-16420001554847,68.155,50,4,1.363
-16420001554674,42.0,50,4,0.84
-16420001554635,60.30999999999999,50,4,1.206
-16420001554628,65.5,50,2,1.31
-16420001554603,29.0,50,4,0.58
-16420001554602,26.0,50,4,0.52
-16420001554601,22.0,50,4,0.44
-16420001554427,24.199999999999996,50,4,0.484
-16420001554394,56.1,50,2,1.122
-16420001554390,40.0,60,2,0.667
-16420001554363,25.0,50,4,0.5
-16420001554320,18.0,50,4,0.36
-16420001554296,31.0,50,4,0.62
-16420001554290,45.0,60,2,0.75
-16420001554241,39.24000000000001,50,2,0.785
-16420001554234,48.05,60,2,0.801
-16420001554225,46.9,60,2,0.782
-16420001554223,50.0,60,2,0.833
-16420001554145,28.35,50,6,0.567
-16420001554144,29.77,50,6,0.595
-16420001554130,47.455,50,4,0.949
-16420001554129,42.26499999999999,50,4,0.845
-16420001554104,34.22,50,4,0.684
-16420001554075,35.975,50,6,0.72
-16420001554068,57.0,50,2,1.14
-16420001554056,49.334999999999994,50,4,0.987
-16420001554055,45.0,50,4,0.9
-16420001553998,28.275,50,5,0.566
-16420001553987,27.0,50,4,0.54
-16420001553985,40.19999999999999,50,6,0.804
-16420001553887,32.0,50,4,0.64
-16420001553886,34.0,50,4,0.68
-16420001553879,31.04,50,6,0.621
-16420001553866,54.0,26,3,2.077
-16420001553864,70.275,70,3,1.004
-16420001553861,38.24,30,3,1.275
-16420001553841,40.91999999999998,50,4,0.818
-16420001553798,38.065,50,4,0.761
-16420001553797,45.9,50,4,0.918
-16420001553792,18.119999999999994,50,4,0.362
-16420001553726,13.269999999999998,50,4,0.265
-16420001553712,50.3,50,4,1.006
-16420001553623,21.0,50,4,0.42
-16420001553618,57.3,50,2,1.146
-16420001553615,39.0,50,2,0.78
-16420001553461,32.0,50,4,0.64
-16420001553414,34.94,50,4,0.699
-16420001553411,26.0,50,5,0.52
-16420001553403,49.095,50,5,0.982
-16420001553378,50.6,50,4,1.012
-16420001553377,56.9,50,2,1.138
-16420001553376,42.0,50,2,0.84
-16420001553375,50.0,50,4,1.0
-16420001553374,56.0,50,2,1.12
-16420001553373,20.0,50,2,0.4
-16420001553372,50.0,50,2,1.0
-16420001553371,57.0,50,2,1.14
-16420001553370,30.0,50,2,0.6
-16420001553366,24.0,50,4,0.48
-16420001553351,48.0,50,4,0.96
-16420001553350,38.894999999999996,50,4,0.778
-16420001553349,42.0,50,4,0.84
-16420001553348,31.0,50,4,0.62
-16420001553328,26.580000000000002,50,6,0.532
-16420001553321,21.0,50,3,0.42
-16420001553315,37.160000000000004,30,3,1.239
-16420001553312,71.0,50,3,1.42
-16420001553295,34.2,50,3,0.684
-16420001553286,43.055,50,4,0.861
-16420001553268,33.0,28,2,1.179
-16420001553267,34.0,31,2,1.097
-16420001553256,24.939999999999998,50,6,0.499
-16420001553249,53.55,50,4,1.071
-16420001553217,32.0,50,2,0.64
-16420001553215,38.35,50,4,0.767
-16420001553208,29.0,30,6,0.967
-16420001553207,19.299999999999997,50,4,0.386
-16420001553191,32.0,50,4,0.64
-16420001553162,59.0,50,2,1.18
-16420001553156,26.639999999999986,50,4,0.533
-16420001553142,25.0,50,4,0.5
-16420001553110,35.0,50,3,0.7
-16420001553109,42.0,50,4,0.84
-16420001553098,46.0,50,4,0.92
-16420001553092,26.889999999999997,50,4,0.538
-16420001553004,49.0,60,2,0.817
-16420001552991,17.0,50,2,0.34
-16420001552979,19.025,50,2,0.38
-16420001552964,40.775,50,4,0.816
-16420001552963,33.635000000000005,50,4,0.673
-16420001552962,35.0,50,4,0.7
-16420001552961,42.529999999999994,50,4,0.851
-16420001552959,30.0,50,4,0.6
-16420001552958,39.0,50,4,0.78
-16420001552904,26.575000000000003,50,2,0.532
-16420001552872,28.9,50,6,0.578
-16420001552871,25.0,50,6,0.5
-16420001552852,57.0,60,2,0.95
-16420001552851,59.0,60,2,0.983
-16420001552850,33.0,50,2,0.66
-16420001552840,34.4,50,4,0.688
-16420001552818,58.0,50,2,1.16
-16420001552806,81.0,50,2,1.62
-16420001552786,24.0,50,4,0.48
-16420001552735,47.0,50,4,0.94
-16420001552711,32.0,50,5,0.64
-16420001552704,34.0,50,4,0.68
-16420001552692,42.089999999999996,50,2,0.842
-16420001552684,21.0,50,4,0.42
-16420001552645,18.384999999999994,50,4,0.368
-16420001552611,71.0,50,3,1.42
-16420001552605,40.0,30,3,1.333
-16420001552583,48.0,50,4,0.96
-16420001552577,59.01999999999998,50,4,1.18
-16420001552575,68.0,50,4,1.36
-16420001552515,34.0,50,4,0.68
-16420001552503,30.8,50,4,0.616
-16420001552472,50.0,50,4,1.0
-16420001552455,28.849999999999998,50,2,0.577
-16420001552454,32.8,50,2,0.656
-16420001552350,36.3,50,3,0.726
-16420001552347,24.429999999999996,50,3,0.489
-16420001552346,34.9,50,3,0.698
-16420001552345,24.0,50,3,0.48
-16420001552343,71.0,50,3,1.42
-16420001552342,69.0,50,3,1.38
-16420001552301,44.4,50,4,0.888
-16420001552279,26.45999999999998,30,3,0.882
-16420001552269,58.4,50,2,1.168
-16420001552268,60.0,60,2,1.0
-16420001552267,59.6,50,2,1.192
-16420001552266,61.0,60,2,1.017
-16420001550145,53.0,50,4,1.06
-16420001550106,42.0,50,4,0.84
-16420001550060,58.26499999999999,60,2,0.971
-16420001550004,58.0,60,2,0.967
-16420001549523,54.730000000000004,40,4,1.368
-16420001549460,55.0,40,4,1.375
-16420001549121,55.015,40,4,1.375
-16420001549040,35.14,50,2,0.703
-16420001548965,39.0,50,2,0.78
-16420001548793,34.0,50,3,0.68
-16420001548792,34.0,50,3,0.68
-16420001548749,59.0,60,2,0.983
-16420001548748,58.8,60,2,0.98
-16420001548747,58.0,60,2,0.967
-16420001548667,52.0,50,4,1.04
-16420001539393,50.0,50,4,1.0
-16420001539392,57.0,50,4,1.14
-16420001539356,56.785000000000004,50,4,1.136
-16420001539240,68.4,50,4,1.368
-16420001539225,62.510000000000005,50,4,1.25
-16420001538981,66.955,50,4,1.339
-16420001538973,20.849999999999994,50,6,0.417
-16420001538909,69.6,50,4,1.392
-16420001538726,22.0,30,6,0.733
-16420001538710,68.0,50,4,1.36
-16420001538511,25.0,50,6,0.5
-16420001538489,39.7,50,4,0.794
-16420001538454,45.239999999999995,50,4,0.905
-16420001538223,30.9,50,4,0.618
-16420001538199,68.0,50,4,1.36
-16420001538192,37.2,50,4,0.744
-16420001538009,49.0,50,4,0.98
-16420001538005,54.0,50,4,1.08
-16420001537885,23.0,30,6,0.767
-16420001537666,21.0,30,6,0.7
-16420001537665,30.0,30,6,1.0
-16420001537317,68.0,50,4,1.36
-16420001537316,68.0,50,4,1.36
-16420001537294,23.845,50,4,0.477
-16420001537077,48.0,50,2,0.96
-16420001537076,48.1,50,2,0.962
-16420001537056,48.0,50,4,0.96
-16420001537012,21.0,50,4,0.42
-16420001536839,43.3,50,4,0.866
-16420001536724,61.23000000000001,50,4,1.225
-16420001533916,46.0,50,5,0.92
-16420001533887,65.0,60,3,1.083
-16420001533809,28.0,50,6,0.56
-16420001533755,33.0,30,6,1.1
-16420001533750,50.0,50,1,1.0
-16420001533721,28.1,50,6,0.562
-16420001533597,38.05,30,6,1.268
-16420001533580,19.0,50,6,0.38
-16420001533493,28.0,50,6,0.56
-16420001533462,32.0,30,6,1.067
-16420001533376,37.9,50,6,0.758
-16420001533346,31.1,30,6,1.037
-16420001533319,25.2,30,6,0.84
-16420001533270,43.714999999999996,50,6,0.874
-16420001533263,22.0,50,6,0.44
-16420001533149,32.0,50,6,0.64
-16420001533103,25.2,30,6,0.84
-16420001532909,37.76,50,6,0.755
-16420001532908,36.0,50,5,0.72
-16420001532877,36.9,50,6,0.738
-16420001532874,42.0,50,6,0.84
-16420001532847,47.0,30,5,1.567
-16420001532845,34.0,50,6,0.68
-16420001532844,33.2,30,6,1.107
-16420001532697,34.0,30,6,1.133
-16420001532695,33.045,50,6,0.661
-16420001532687,46.0,50,4,0.92
-16420001532594,30.145,50,5,0.603
-16420001532548,47.0,50,5,0.94
-16420001532480,28.0,30,6,0.933
-16420001532428,64.4,60,3,1.073
-16420001532396,81.9,30,1,2.73
-16420001532330,29.6,30,6,0.987
-16420001532304,37.64,50,6,0.753
-16420001532249,29.0,30,6,0.967
-16420001532202,48.0,50,4,0.96
-16420001532092,35.0,40,6,0.875
-16420001532061,23.0,30,6,0.767
-16420001532060,20.0,50,6,0.4
-16420001532034,80.0,90,1,0.889
-16420001531995,51.0,30,3,1.7
-16420001531939,23.0,50,6,0.46
-16420001531886,30.75,50,6,0.615
-16420001531847,51.0,50,1,1.02
-16420001531798,28.0,30,6,0.933
-16420001531797,34.279999999999994,50,6,0.686
-16420001531651,50.0,50,6,1.0
-16420001531628,46.0,30,4,1.533
-16420001531627,46.135,30,4,1.538
-16420001531602,33.239999999999995,50,6,0.665
-16420001531569,31.0,50,6,0.62
-16420001531521,30.25,30,6,1.008
-16420001531463,25.0,30,6,0.833
-16420001531460,28.4,50,6,0.568
-16420001531385,42.0,30,6,1.4
-16420001531334,63.3,30,4,2.11
-16420001531333,63.0,50,4,1.26
-16420001531332,60.38,50,4,1.208
-16420001531287,36.0,30,3,1.2
-16420001531286,29.58000000000002,30,3,0.986
-16420001531213,27.005,50,6,0.54
-16420001531163,26.339999999999996,30,6,0.878
-16420001531130,30.14999999999999,50,5,0.603
-16420001531122,27.0,30,6,0.9
-16420001531081,80.0,50,1,1.6
-16420001531028,26.0,50,6,0.52
-16420001531025,38.11,30,6,1.27
-16420001531014,18.0,50,6,0.36
-16420001530880,32.0,50,6,0.64
-16420001530794,26.674999999999997,30,6,0.889
-16420001530776,46.660000000000004,30,6,1.555
-16420001530775,26.0,50,6,0.52
-16420001530774,38.0,30,6,1.267
-16420001530773,30.6,30,6,1.02
-16420001530772,29.0,30,6,0.967
-16420001530647,82.0,30,1,2.733
-16420001530593,52.48,50,3,1.05
-16420001530562,31.0,30,6,1.033
-16420001530553,21.299999999999997,50,6,0.426
-16420001530524,32.0,50,6,0.64
-16420001530497,24.0,30,6,0.8
-16420001530484,46.8,50,4,0.936
-16420001530453,35.0,50,5,0.7
-16420001530448,85.0,30,1,2.833
-16420001530447,86.0,50,1,1.72
-16420001530440,32.0,30,4,1.067
-16420001530438,37.0,50,4,0.74
-16420001530355,24.0,30,6,0.8
-16420001530327,32.075,50,4,0.642
-16420001530305,41.495,30,6,1.383
-16420001530137,58.0,50,4,1.16
-16420001530133,25.0,30,6,0.833
-16420001530070,38.18,50,6,0.764
-16420001530060,30.55,50,6,0.611
-16420001530058,23.889999999999997,30,6,0.796
-16420001530057,36.0,30,6,1.2
-16420001529980,29.45,30,6,0.982
-16420001529960,55.0,50,3,1.1
-16420001529930,33.835,30,2,1.128
-16420001529803,53.0,50,3,1.06
-16420001529764,41.0,30,6,1.367
-16420001529738,39.0,30,5,1.3
-16420001529586,57.6,60,2,0.96
-16420001529585,58.0,60,2,0.967
-16420001529561,55.6,30,1,1.853
-16420001529557,59.0,50,1,1.18
-16420001529535,46.4,50,4,0.928
-16420001529517,29.0,30,6,0.967
-16420001529478,35.2,50,6,0.704
-16420001529445,29.995,50,6,0.6
-16420001529324,22.0,50,6,0.44
-16420001529322,37.65,50,6,0.753
-16420001529284,46.0,50,3,0.92
-16420001529271,41.0,50,6,0.82
-16420001529243,42.0,50,3,0.84
-16420001529239,33.0,30,6,1.1
-16420001529235,44.23,50,5,0.885
-16420001529234,51.0,30,4,1.7
-16420001529233,45.0,30,4,1.5
-16420001529225,19.0,18,5,1.056
-16420001529152,28.0,30,6,0.933
-16420001529107,36.0,50,4,0.72
-16420001529105,22.45,30,6,0.748
-16420001529087,35.0,50,3,0.7
-16420001529084,35.0,40,4,0.875
-16420001529072,34.71999999999999,50,5,0.694
-16420001529071,41.919999999999995,50,5,0.838
-16420001529024,41.0,30,6,1.367
-16420001528962,50.0,50,6,1.0
-16420001528948,24.0,50,6,0.48
-16420001528909,38.0,40,4,0.95
-16420001528890,28.0,50,6,0.56
-16420001528888,37.4,30,6,1.247
-16420001528883,27.66,50,6,0.553
-16420001528880,26.75,50,6,0.535
-16420001528865,24.6,30,6,0.82
-16420001528860,23.0,50,6,0.46
-16420001528853,30.0,50,5,0.6
-16420001528852,24.0,50,5,0.48
-16420001528840,26.0,30,3,0.867
-16420001528809,35.349999999999994,50,3,0.707
-16420001528784,37.0,30,5,1.233
-16420001528772,35.0,50,6,0.7
-16420001528763,30.0,30,6,1.0
-16420001528734,31.0,50,6,0.62
-16420001528716,39.0,50,6,0.78
-16420001528707,34.6,30,6,1.153
-16420001528683,22.14,30,6,0.738
-16420001528649,43.0,50,5,0.86
-16420001528567,40.955,30,6,1.365
-16420001528546,35.0,50,6,0.7
-16420001527656,39.035,50,5,0.781
-16420001527650,36.0,50,5,0.72
-16420001527612,48.0,50,4,0.96
-16420001527608,47.0,50,4,0.94
-16420001526213,32.0,50,4,0.64
-16420001526212,30.9,50,4,0.618
-16420001526110,24.0,50,4,0.48
-16420001525403,37.0,50,6,0.74
-16420001525250,38.375,50,6,0.768
-16420001524157,38.675,50,6,0.774
-16420001524060,27.349999999999994,50,6,0.547
-16420001524055,31.880000000000003,50,6,0.638
-16420001523975,39.0,50,3,0.78
-16420001523969,29.0,50,6,0.58
-16420001523913,61.0,50,2,1.22
-16420001523912,61.7,50,2,1.234
-16420001523877,38.0,50,6,0.76
-16420001523857,31.0,50,6,0.62
-16420001523844,32.0,50,6,0.64
-16420001523833,40.0,30,3,1.333
-16420001523803,27.0,50,6,0.54
-16420001523797,37.35,50,6,0.747
-16420001523732,35.0,50,4,0.7
-16420001523724,50.945,50,4,1.019
-16420001523712,36.0,50,3,0.72
-16420001523648,38.5,50,4,0.77
-16420001523647,36.17000000000001,50,4,0.723
-16420001523610,30.0,50,6,0.6
-16420001523579,47.0,50,4,0.94
-16420001523578,46.0,60,4,0.767
-16420001513295,28.0,50,6,0.56
-16420001513243,55.0,50,4,1.1
-16420001513218,42.0,50,6,0.84
-16420001513026,30.0,50,5,0.6
-16420001512904,47.0,50,4,0.94
-16420001512827,33.0,50,6,0.66
-16420001512747,84.0,30,1,2.8
-16420001512715,26.76,50,6,0.535
-16420001512655,17.25,30,6,0.575
-16420001512597,50.0,50,3,1.0
-16420001512354,28.0,50,4,0.56
-16420001512200,41.0,50,6,0.82
-16420001512199,40.0,50,6,0.8
-16420001512095,46.0,30,6,1.533
-16420001512080,43.0,50,4,0.86
-16420001511938,26.0,30,6,0.867
-16420001511525,30.0,50,6,0.6
-16420001511417,30.0,50,6,0.6
-16420001511374,55.0,50,4,1.1
-16420001511353,27.759999999999998,30,6,0.925
-16420001511346,30.0,30,4,1.0
-16420001511345,28.0,30,4,0.933
-16420001511296,84.5,30,1,2.817
-16420001511240,58.0,50,3,1.16
-16420001511196,56.0,30,3,1.867
-16420001511130,23.0,50,3,0.46
-16420001511129,60.0,50,3,1.2
-16420001511102,46.989999999999995,50,4,0.94
-16420001511082,29.0,50,6,0.58
-16420001511005,69.0,50,4,1.38
-16420001511004,72.0,50,4,1.44
-16420001510981,58.0,50,5,1.16
-16420001510972,34.9,50,4,0.698
-16420001510950,87.6,90,1,0.973
-16420001510931,32.36,30,6,1.079
-16420001510929,34.0,50,6,0.68
-16420001510925,36.0,50,5,0.72
-16420001510890,42.315,30,4,1.41
-16420001510889,42.0,30,4,1.4
-16420001510853,47.5,50,4,0.95
-16420001510820,28.72,30,6,0.957
-16420001510786,31.56,30,6,1.052
-16420001510771,32.6,30,6,1.087
-16420001510755,34.75,30,4,1.158
-16420001510753,34.0,50,4,0.68
-16420001510743,42.455,50,6,0.849
-16420001510722,23.65,30,6,0.788
-16420001510721,84.33500000000001,90,1,0.937
-16420001510699,43.0,50,4,0.86
-16420001510698,46.0,50,4,0.92
-16420001510620,42.559999999999995,30,5,1.419
-16420001510599,57.0,50,4,1.14
-16420001510587,59.0,90,2,0.656
-16420001510468,54.8,90,2,0.609
-16420001510466,62.004999999999995,60,3,1.033
-16420001510464,87.0,90,1,0.967
-16420001510412,39.53,50,2,0.791
-16420001510410,45.5,50,6,0.91
-16420001510399,45.0,50,3,0.9
-16420001510394,32.45,30,6,1.082
-16420001510310,61.0,50,3,1.22
-16420001510309,32.43,30,5,1.081
-16420001510247,39.0,50,6,0.78
-16420001510169,46.0,50,4,0.92
-16420001510137,28.924999999999997,30,5,0.964
-16420001510107,43.0,90,2,0.478
-16420001510062,35.0,50,4,0.7
-16420001509979,31.0,50,6,0.62
-16420001509904,45.0,50,4,0.9
-16420001509899,45.8,50,3,0.916
-16420001509898,45.51999999999998,50,3,0.91
-16420001509828,56.2,50,4,1.124
-16420001509827,46.829999999999984,50,4,0.937
-16420001509817,40.0,30,5,1.333
-16420001509807,42.0,50,2,0.84
-16420001509805,88.0,90,1,0.978
-16420001509776,43.0,50,3,0.86
-16420001509775,40.0,50,3,0.8
-16420001509705,46.0,50,3,0.92
-16420001509684,87.85,80,1,1.098
-16420001509661,48.0,50,4,0.96
-16420001509660,59.76,50,4,1.195
-16420001509649,53.4,50,4,1.068
-16420001509648,40.0,50,5,0.8
-16420001509604,26.0,30,6,0.867
-16420001509590,31.665,50,4,0.633
-16420001509550,22.41,50,3,0.448
-16420001509547,59.0,50,1,1.18
-16420001509546,75.0,70,1,1.071
-16420001509545,53.0,30,1,1.767
-16420001509544,72.19999999999999,50,1,1.444
-16420001509540,47.0,50,4,0.94
-16420001509476,44.0,50,4,0.88
-16420001509460,31.0,50,3,0.62
-16420001509459,28.0,50,3,0.56
-16420001509458,27.0,50,3,0.54
-16420001509457,39.80500000000001,50,3,0.796
-16420001509429,61.1,50,3,1.222
-16420001509399,27.0,30,6,0.9
-16420001509386,39.0,50,5,0.78
-16420001509348,28.0,50,4,0.56
-16420001509257,31.0,30,6,1.033
-16420001509246,42.919999999999995,50,4,0.858
-16420001509234,28.54,30,6,0.951
-16420001509230,54.8,50,2,1.096
-16420001509184,32.54,50,6,0.651
-16420001509183,44.0,50,2,0.88
-16420001509172,50.5,50,3,1.01
-16420001509154,30.0,50,5,0.6
-16420001509152,29.0,50,4,0.58
-16420001509151,43.0,50,3,0.86
-16420001509099,44.0,50,3,0.88
-16420001509052,51.75,60,2,0.862
-16420001509021,44.0,30,4,1.467
-16420001508971,55.0,50,4,1.1
-16420001508970,33.1,30,6,1.103
-16420001508947,31.9,50,6,0.638
-16420001508946,25.64,50,6,0.513
-16420001508940,24.84,30,5,0.828
-16420001508938,45.0,50,3,0.9
-16420001508933,50.3,50,3,1.006
-16420001508931,29.2,30,5,0.973
-16420001508928,58.0,50,4,1.16
-16420001508917,25.439999999999987,50,4,0.509
-16420001508904,54.0,50,4,1.08
-16420001508901,41.0,50,6,0.82
-16420001508891,57.9,50,5,1.158
-16420001508788,30.24,30,6,1.008
-16420001508666,30.0,50,6,0.6
-16420001508653,57.0,50,2,1.14
-16420001508646,52.885,50,4,1.058
-16420001508542,45.5,50,6,0.91
-16420001508523,27.0,30,6,0.9
-16420001508522,62.0,50,2,1.24
-16420001508520,63.0,50,2,1.26
-16420001508490,47.32,50,4,0.946
-16420001508405,27.9,30,6,0.93
-16420001508397,24.35999999999999,30,6,0.812
-16420001508389,24.949999999999996,30,6,0.832
-16420001508330,55.8,50,2,1.116
-16420001508327,49.0,40,4,1.225
-16420001508302,58.635,50,4,1.173
-16420001508301,66.0,60,4,1.1
-16420001508300,58.0,60,4,0.967
-16420001508238,54.0,50,4,1.08
-16420001508193,34.089999999999996,50,6,0.682
-16420001508192,44.0,50,6,0.88
-16420001508163,31.0,50,6,0.62
-16420001508125,45.0,50,4,0.9
-16420001508109,12.0,30,6,0.4
-16420001508090,31.0,30,6,1.033
-16420001508067,38.0,60,2,0.633
-16420001508066,48.0,50,2,0.96
-16420001508065,32.575,50,2,0.652
-16420001508048,54.0,50,4,1.08
-16420001508045,22.0,30,6,0.733
-16420001508036,32.29,50,4,0.646
-16420001508034,40.919999999999995,50,4,0.818
-16420001508032,30.0,30,6,1.0
-16420001508013,25.35,30,6,0.845
-16420001508006,40.0,60,2,0.667
-16420001508005,46.0,50,2,0.92
-16420001508003,41.035,60,2,0.684
-16420001508002,45.415,60,2,0.757
-16420001508001,43.0,60,2,0.717
-16420001507999,48.0,60,2,0.8
-16420001507998,44.2,30,5,1.473
-16420001507964,29.1,50,6,0.582
-16420001507957,57.0,60,3,0.95
-16420001507955,37.0,50,4,0.74
-16420001507916,36.8,30,6,1.227
-16420001507915,45.1,50,5,0.902
-16420001507896,46.0,50,5,0.92
-16420001507876,52.545,50,6,1.051
-16420001507870,33.21,30,6,1.107
-16420001507848,33.87999999999999,50,4,0.678
-16420001507847,45.3,50,4,0.906
-16420001507755,17.98,30,6,0.599
-16420001507748,65.75499999999998,50,4,1.315
-16420001507747,65.0,50,4,1.3
-16420001507706,33.0,50,4,0.66
-16420001507685,26.0,50,5,0.52
-16420001507684,31.0,50,4,0.62
-16420001507682,39.25,50,4,0.785
-16420001507636,36.0,50,5,0.72
-16420001507635,27.74,50,5,0.555
-16420001507634,36.87,50,5,0.737
-16420001507633,37.0,50,5,0.74
-16420001507596,31.3,50,2,0.626
-16420001507595,28.0,50,2,0.56
-16420001507581,26.005,30,6,0.867
-16420001507558,31.75,60,2,0.529
-16420001507548,48.0,50,4,0.96
-16420001507547,44.35999999999999,50,4,0.887
-16420001507526,28.064999999999998,50,4,0.561
-16420001507521,58.33,60,3,0.972
-16420001507516,30.139999999999986,50,4,0.603
-16420001507501,26.0,30,6,0.867
-16420001507499,50.0,50,6,1.0
-16420001507465,40.0,50,4,0.8
-16420001507445,18.99,50,4,0.38
-16420001507420,54.0,60,4,0.9
-16420001507419,53.559999999999995,60,4,0.893
-16420001507418,43.0,50,4,0.86
-16420001507409,38.48,50,4,0.77
-16420001507408,47.0,50,4,0.94
-16420001507395,60.0,50,4,1.2
-16420001507394,45.150000000000006,50,4,0.903
-16420001507389,58.0,50,2,1.16
-16420001507328,32.794999999999995,30,6,1.093
-16420001507306,44.0,50,3,0.88
-16420001507305,41.9,50,6,0.838
-16420001507275,38.0,50,6,0.76
-16420001507265,49.0,50,6,0.98
-16420001507258,54.0,30,6,1.8
-16420001507235,34.04,50,4,0.681
-16420001507234,40.0,50,4,0.8
-16420001507212,52.0,50,4,1.04
-16420001507185,43.1,50,6,0.862
-16420001507155,41.0,50,4,0.82
-16420001507153,50.0,40,4,1.25
-16420001507121,45.0,50,3,0.9
-16420001507114,57.025,50,4,1.14
-16420001507099,20.0,50,4,0.4
-16420001507092,30.0,50,6,0.6
-16420001507083,45.0,50,6,0.9
-16420001507072,33.615,50,4,0.672
-16420001507061,26.0,50,4,0.52
-16420001507049,53.0,50,4,1.06
-16420001507034,63.85999999999999,50,3,1.277
-16420001507033,36.0,50,3,0.72
-16420001507011,55.1,50,2,1.102
-16420001506970,58.959999999999994,50,4,1.179
-16420001506937,30.0,50,4,0.6
-16420001506925,42.0,50,4,0.84
-16420001506924,34.730000000000004,50,4,0.695
-16420001506910,45.0,40,2,1.125
-16420001506859,32.05,30,6,1.068
-16420001506853,39.0,50,4,0.78
-16420001506852,50.01,50,3,1.0
-16420001506831,45.0,50,4,0.9
-16420001506825,40.0,40,2,1.0
-16420001506802,58.71499999999999,60,3,0.979
-16420001506797,55.0,50,6,1.1
-16420001506684,46.0,20,6,2.3
-16420001506683,41.55,20,6,2.077
-16420001506671,18.0,50,6,0.36
-16420001506668,42.655,30,6,1.422
-16420001506631,34.0,30,5,1.133
-16420001506605,57.864999999999995,50,3,1.157
-16420001506597,40.0,50,6,0.8
-16420001506531,49.03,50,6,0.981
-16420001506499,22.0,30,5,0.733
-16420001506470,29.0,50,6,0.58
-16420001506468,29.424999999999997,50,6,0.588
-16420001506461,27.0,50,2,0.54
-16420001506458,26.0,50,2,0.52
-16420001506436,63.3,60,4,1.055
-16420001506430,25.949999999999996,30,6,0.865
-16420001506423,41.71,30,6,1.39
-16420001506422,35.95,50,6,0.719
-16420001506421,37.88999999999999,50,6,0.758
-16420001506406,60.0,60,3,1.0
-16420001506348,27.0,30,6,0.9
-16420001506317,22.0,50,6,0.44
-16420001506315,32.04499999999999,30,6,1.068
-16420001506312,45.1,50,3,0.902
-16420001506120,88.0,80,1,1.1
-16420001506105,59.919999999999995,60,3,0.999
-16420001506096,41.324999999999996,30,6,1.378
-16420001506085,22.0,30,6,0.733
-16420001506071,50.785000000000004,50,3,1.016
-16420001506066,41.0,50,6,0.82
-16420001506063,40.55,30,6,1.352
-16420001506023,34.0,50,6,0.68
-16420001506022,26.0,50,6,0.52
-16420001506014,61.0,50,2,1.22
-16420001506013,47.0,50,2,0.94
-16420001506012,51.0,50,2,1.02
-16420001506011,49.510000000000005,50,2,0.99
-16420001506003,54.559999999999995,60,2,0.909
-16420001505999,31.0,50,3,0.62
-16420001505990,33.65,50,6,0.673
-16420001505923,41.0,50,2,0.82
-16420001505910,46.05,60,2,0.768
-16420001505907,50.18,50,3,1.004
-16420001505898,58.0,50,4,1.16
-16420001505825,32.0,50,6,0.64
-16420001505824,54.0,50,3,1.08
-16420001505823,42.7,60,2,0.712
-16420001505733,32.434999999999995,50,4,0.649
-16420001505732,36.0,50,4,0.72
-16420001505718,44.14,50,3,0.883
-16420001505709,36.599999999999994,50,6,0.732
-16420001505704,52.0,30,4,1.733
-16420001505703,48.324999999999996,30,4,1.611
-16420001505702,42.739999999999995,30,4,1.425
-16420001505701,46.0,50,4,0.92
-16420001505700,56.0,30,4,1.867
-16420001505699,38.0,50,4,0.76
-16420001505620,52.150000000000006,60,2,0.869
-16420001505606,50.0,50,4,1.0
-16420001505605,44.0,50,4,0.88
-16420001505585,35.0,50,4,0.7
-16420001505569,29.0,50,6,0.58
-16420001505535,42.279999999999994,50,2,0.846
-16420001505534,44.0,50,3,0.88
-16420001505533,32.355,50,3,0.647
-16420001505526,56.79499999999999,50,4,1.136
-16420001505525,48.0,50,6,0.96
-16420001505524,35.0,50,6,0.7
-16420001505523,39.0,50,3,0.78
-16420001505520,56.0,50,4,1.12
-16420001505510,53.0,30,2,1.767
-16420001505499,26.715000000000003,30,6,0.891
-16420001505424,37.0,30,4,1.233
-16420001505423,35.0,30,4,1.167
-16420001505422,29.0,50,4,0.58
-16420001505414,47.0,50,2,0.94
-16420001505410,40.0,50,4,0.8
-16420001505400,44.0,50,4,0.88
-16420001505390,27.0,50,2,0.54
-16420001505389,23.0,30,2,0.767
-16420001505302,82.0,90,1,0.911
-16420001505263,95.745,90,1,1.064
-16420001505251,52.0,50,3,1.04
-16420001505242,46.199999999999996,50,6,0.924
-16420001505209,48.1,39,3,1.233
-16420001505208,74.405,90,1,0.827
-16420001505207,88.0,90,1,0.978
-16420001505175,85.75999999999998,90,1,0.953
-16420001505141,95.0,90,1,1.056
-16420001505119,98.66,90,1,1.096
-16420001505102,82.55000000000001,90,3,0.917
-16420001505095,45.0,30,3,1.5
-16420001505089,68.02,50,3,1.36
-16420001505085,36.0,30,3,1.2
-16420001505073,39.0,30,3,1.3
-16420001505072,71.0,50,3,1.42
-16420001505070,37.68,30,3,1.256
-16420001505055,37.0,30,3,1.233
-16420001505045,65.0,90,3,0.722
-16420001505016,71.02,50,3,1.42
-16420001505015,57.0,50,3,1.14
-16420001504996,49.0,40,3,1.225
-16420001504931,36.0,30,3,1.2
-16420001504929,70.49999999999997,50,3,1.41
-16420001504917,84.0,90,1,0.933
-16420001504890,44.0,50,6,0.88
-16420001504889,52.0,26,3,2.0
-16420001504885,53.0,22,3,2.409
-16420001504877,38.69,30,3,1.29
-16420001504842,85.0,90,1,0.944
-16420001504837,43.095,50,6,0.862
-16420001504812,68.0,90,3,0.756
-16420001504800,47.0,50,5,0.94
-16420001504799,83.0,90,1,0.922
-16420001504792,47.0,50,5,0.94
-16420001504784,30.0,33,3,0.909
-16420001504774,48.0,40,3,1.2
-16420001500992,19.32,50,6,0.386
-16420001500959,22.85,50,6,0.457
-16420001500926,30.1,30,6,1.003
-16420001500711,23.25,30,6,0.775
-16420001500645,28.359999999999996,22,4,1.289
-16420001500643,27.645,18,4,1.536
-16420001500399,56.0,50,4,1.12
-16420001500317,47.0,50,5,0.94
-16420001500286,46.155,30,5,1.538
-16420001500241,28.0,18,4,1.556
-16420001500032,39.059999999999995,30,4,1.302
-16420001500026,19.82,30,6,0.661
-16420001500025,16.1,30,6,0.537
-16420001500017,51.0,50,4,1.02
-16420001499990,56.0,50,4,1.12
-16420001499961,43.745,50,4,0.875
-16420001499960,39.199999999999996,30,6,1.307
-16420001499827,38.3,30,4,1.277
-16420001499806,28.0,30,6,0.933
-16420001499776,72.55999999999999,90,3,0.806
-16420001499775,60.0,90,3,0.667
-16420001499774,71.0,90,3,0.789
-16420001499773,62.0,90,3,0.689
-16420001499772,73.0,90,3,0.811
-16420001499734,27.0,30,6,0.9
-16420001499733,46.0,50,5,0.92
-16420001499732,45.0,30,5,1.5
-16420001499506,48.2,50,6,0.964
-16420001499195,80.8,80,1,1.01
-16420001499193,81.0,80,1,1.012
-16420001499175,55.0,50,4,1.1
-16420001499049,38.0,50,6,0.76
-16420001499037,19.56,50,6,0.391
-16420001499006,45.0,50,4,0.9
-16420001498943,35.12,50,6,0.702
-16420001491092,34.475,50,5,0.69
-16420001491039,34.0,50,3,0.68
-16420001490924,44.0,50,3,0.88
-16420001490857,55.5,50,3,1.11
-16420001490830,56.0,90,3,0.622
-16420001490670,34.0,50,6,0.68
-16420001490563,51.0,50,3,1.02
-16420001490530,58.279999999999994,90,2,0.648
-16420001490466,25.0,50,4,0.5
-16420001490136,54.0,50,4,1.08
-16420001490123,55.0,50,3,1.1
-16420001490098,51.62999999999999,50,3,1.033
-16420001490093,58.095,50,3,1.162
-16420001490092,56.0,50,3,1.12
-16420001489915,25.6,50,5,0.512
-16420001489736,57.0,50,3,1.14
-16420001489493,43.9,50,5,0.878
-16420001489475,55.0,50,5,1.1
-16420001489413,38.254999999999995,50,6,0.765
-16420001489406,59.0,50,3,1.18
-16420001489395,63.0,30,3,2.1
-16420001489360,44.0,50,3,0.88
-16420001489169,31.0,50,3,0.62
-16420001489109,26.0,50,3,0.52
-16420001489102,37.0,50,5,0.74
-16420001489101,33.0,50,5,0.66
-16420001489097,38.0,50,6,0.76
-16420001489037,19.0,50,6,0.38
-16420001489019,25.769999999999992,50,4,0.515
-16420001489010,38.0,30,6,1.267
-16420001488971,41.0,50,5,0.82
-16420001488963,38.029999999999994,50,5,0.761
-16420001488962,48.98,50,5,0.98
-16420001488950,36.0,50,5,0.72
-16420001488926,31.0,50,6,0.62
-16420001488923,35.76999999999999,50,3,0.715
-16420001488892,52.065,50,5,1.041
-16420001488877,40.205000000000005,30,6,1.34
-16420001488857,38.099999999999994,50,6,0.762
-16420001488739,62.4,90,3,0.693
-16420001488738,41.0,50,3,0.82
-16420001488733,38.0,50,3,0.76
-16420001488729,45.0,90,3,0.5
-16420001488696,32.0,50,4,0.64
-16420001488690,33.0,50,3,0.66
-16420001488634,51.0,90,3,0.567
-16420001488631,30.7,50,6,0.614
-16420001488596,55.0,50,3,1.1
-16420001488595,56.0,50,3,1.12
-16420001488594,56.904999999999994,50,3,1.138
-16420001488547,46.0,50,3,0.92
-16420001488507,47.0,90,3,0.522
-16420001488485,25.0,50,6,0.5
-16420001488469,58.0,90,2,0.644
-16420001488434,24.0,50,5,0.48
-16420001488414,48.0,50,4,0.96
-16420001488405,37.0,50,6,0.74
-16420001488394,55.010000000000005,50,2,1.1
-16420001488393,54.26999999999999,50,2,1.085
-16420001488383,48.0,50,4,0.96
-16420001488348,60.0,50,5,1.2
-16420001488251,45.0,50,3,0.9
-16420001488244,53.0,50,4,1.06
-16420001488243,53.0,50,4,1.06
-16420001488242,57.0,50,3,1.14
-16420001488237,68.0,30,3,2.267
-16420001488170,51.0,50,5,1.02
-16420001488167,47.894999999999996,50,4,0.958
-16420001488162,54.0,50,2,1.08
-16420001488160,27.0,50,6,0.54
-16420001488152,51.0,90,3,0.567
-16420001488123,51.18999999999999,90,3,0.569
-16420001488097,47.31999999999999,50,4,0.946
-16420001488090,51.0,90,3,0.567
-16420001488065,55.0,50,3,1.1
-16420001488023,52.745,50,5,1.055
-16420001487994,31.0,50,5,0.62
-16420001487967,48.0,50,5,0.96
-16420001487941,72.05,50,1,1.441
-16420001487939,74.0,50,1,1.48
-16420001487907,59.0,50,5,1.18
-16420001487856,47.0,50,4,0.94
-16420001487855,50.0,50,5,1.0
-16420001487804,27.0,50,4,0.54
-16420001487803,31.369999999999994,50,4,0.627
-16420001487781,19.129999999999992,50,5,0.383
-16420001487706,30.0,50,5,0.6
-16420001487705,35.0,50,5,0.7
-16420001484951,43.0,18,3,2.389
-16420001484924,26.95,50,4,0.539
-16420001484920,75.0,50,3,1.5
-16420001484912,33.0,50,5,0.66
-16420001484831,39.0,50,5,0.78
-16420001484794,24.0,26,3,0.923
-16420001484755,42.0,50,4,0.84
-16420001484700,41.7,50,2,0.834
-16420001484695,22.959999999999997,50,4,0.459
-16420001484692,41.0,18,3,2.278
-16420001484672,29.0,50,4,0.58
-16420001484660,75.0,50,3,1.5
-16420001484634,52.0,90,3,0.578
-16420001484600,40.0,50,5,0.8
-16420001484590,26.0,50,4,0.52
-16420001484572,29.0,50,3,0.58
-16420001484571,29.0,50,3,0.58
-16420001484564,34.0,50,2,0.68
-16420001484531,57.98,90,3,0.644
-16420001484513,75.3,90,1,0.837
-16420001484512,78.0,50,1,1.56
-16420001484510,75.0,90,1,0.833
-16420001484372,45.0,50,4,0.9
-16420001484362,45.0,50,4,0.9
-16420001484351,27.0,31,3,0.871
-16420001484326,32.044999999999995,50,3,0.641
-16420001484325,32.0,50,3,0.64
-16420001484324,33.7,50,3,0.674
-16420001484323,33.0,50,3,0.66
-16420001484289,60.5,50,3,1.21
-16420001484268,42.0,50,4,0.84
-16420001484267,68.87,50,2,1.377
-16420001484237,46.7,28,3,1.668
-16420001484178,54.0,50,3,1.08
-16420001484140,35.0,50,4,0.7
-16420001484131,61.96,50,3,1.239
-16420001484064,34.2,50,6,0.684
-16420001484063,26.0,50,6,0.52
-16420001484034,24.0,50,6,0.48
-16420001484033,25.0,50,6,0.5
-16420001484032,21.2,50,6,0.424
-16420001484031,27.0,50,6,0.54
-16420001483979,48.0,50,3,0.96
-16420001483978,47.65999999999999,50,3,0.953
-16420001483968,30.0,50,3,0.6
-16420001483933,31.0,50,4,0.62
-16420001483921,34.885,50,4,0.698
-16420001483920,35.730000000000004,50,4,0.715
-16420001483900,64.0,50,3,1.28
-16420001483894,28.0,50,3,0.56
-16420001483875,30.0,50,4,0.6
-16420001483874,27.0,50,4,0.54
-16420001483859,63.7,50,3,1.274
-16420001483854,31.0,50,3,0.62
-16420001483837,39.575,50,6,0.792
-16420001483834,38.105000000000004,50,3,0.762
-16420001483830,38.779999999999994,29,3,1.337
-16420001483805,39.425,50,6,0.788
-16420001483760,37.0,50,4,0.74
-16420001483737,30.0,50,3,0.6
-16420001483711,13.539999999999987,50,4,0.271
-16420001483702,48.0,50,2,0.96
-16420001483701,49.0,50,2,0.98
-16420001483691,60.0,50,3,1.2
-16420001483657,44.5,50,2,0.89
-16420001483653,60.0,60,2,1.0
-16420001483646,39.0,50,4,0.78
-16420001483645,38.0,50,4,0.76
-16420001483642,31.0,50,2,0.62
-16420001483629,28.0,50,4,0.56
-16420001483618,61.0,50,3,1.22
-16420001483612,67.935,50,2,1.359
-16420001483611,36.0,50,4,0.72
-16420001483608,48.0,60,2,0.8
-16420001483607,61.0,20,3,3.05
-16420001483586,23.0,50,6,0.46
-16420001483580,45.9,50,4,0.918
-16420001483562,40.0,50,4,0.8
-16420001483561,42.0,50,4,0.84
-16420001483552,35.0,50,5,0.7
-16420001483551,37.78999999999999,50,5,0.756
-16420001483550,40.0,50,5,0.8
-16420001483536,50.0,50,3,1.0
-16420001483520,69.0,90,3,0.767
-16420001483489,31.909999999999997,50,4,0.638
-16420001483482,25.0,50,5,0.5
-16420001483481,43.0,50,4,0.86
-16420001483480,45.785,50,5,0.916
-16420001483477,37.0,50,3,0.74
-16420001483459,76.0,50,1,1.52
-16420001483456,42.88999999999999,50,4,0.858
-16420001483445,60.0,20,3,3.0
-16420001483438,34.5,60,4,0.575
-16420001483437,35.0,60,4,0.583
-16420001483395,11.0,50,6,0.22
-16420001483394,42.0,50,5,0.84
-16420001483389,27.93,50,6,0.559
-16420001483362,51.0,50,4,1.02
-16420001483361,38.0,50,4,0.76
-16420001483356,40.379999999999995,29,3,1.392
-16420001483347,30.639999999999997,50,4,0.613
-16420001483342,21.53,50,5,0.431
-16420001483341,27.524999999999984,50,5,0.55
-16420001483334,62.0,50,3,1.24
-16420001483331,38.835,50,2,0.777
-16420001483316,28.0,50,6,0.56
-16420001483314,29.0,50,4,0.58
-16420001483311,37.979999999999976,50,2,0.76
-16420001483305,89.25999999999999,100,2,0.893
-16420001483294,30.0,50,4,0.6
-16420001483293,27.0,50,4,0.54
-16420001482437,50.0,50,4,1.0
-16420001482116,39.0,50,2,0.78
-16420001482115,47.02499999999998,50,5,0.94
-16420001482114,47.44499999999999,50,5,0.949
-16420001482113,44.99499999999999,50,2,0.9
-16420001482112,46.84000000000001,50,5,0.937
-16420001482000,37.0,50,6,0.74
-16420001481685,41.0,50,2,0.82
-16420001481679,23.049999999999997,50,4,0.461
-16420001481678,40.0,50,2,0.8
-16420001481654,43.0,50,5,0.86
-16420001481547,40.0,50,6,0.8
-16420001481481,33.0,50,6,0.66
-16420001481329,61.0,50,2,1.22
-16420001481192,44.0,50,5,0.88
-16420001481118,34.0,50,6,0.68
-16420001481031,43.275000000000006,50,6,0.866
-16420001480946,44.0,30,2,1.467
-16420001480694,29.0,50,5,0.58
-16420001480651,26.479999999999997,50,6,0.53
-16420001480525,39.0,50,5,0.78
-16420001480452,42.44499999999999,50,5,0.849
-16420001480412,42.2,50,2,0.844
-16420001480228,32.0,50,2,0.64
-16420001480221,42.815,50,5,0.856
-16420001480204,38.0,50,6,0.76
-16420001479964,47.459999999999994,50,5,0.949
-16420001479831,41.18999999999999,30,2,1.373
-16420001479773,56.0,50,4,1.12
-16420001479772,56.0,50,4,1.12
-16420001479770,50.09499999999999,50,4,1.002
-16420001479762,65.0,50,2,1.3
-16420001479737,34.945,50,6,0.699
-16420001479681,24.0,50,5,0.48
-16420001479524,42.6,50,2,0.852
-16420001479479,27.634999999999994,50,5,0.553
-16420001479449,45.0,50,5,0.9
-16420001479426,47.4,50,5,0.948
-16420001479383,61.0,50,4,1.22
-16420001479288,54.0,60,2,0.9
-16420001479248,30.0,50,4,0.6
-16420001479247,31.0,50,4,0.62
-16420001479239,50.5,50,4,1.01
-16420001479096,20.0,50,4,0.4
-16420001479095,23.0,50,4,0.46
-16420001479094,24.0,50,4,0.48
-16420001479093,27.0,50,4,0.54
-16420001479051,41.0,50,5,0.82
-16420001479033,28.189999999999998,50,4,0.564
-16420001479031,42.1,50,4,0.842
-16420001479030,44.0,50,4,0.88
-16420001479029,30.0,50,4,0.6
-16420001479026,45.5,50,4,0.91
-16420001479025,46.8,50,4,0.936
-16420001478987,48.0,50,5,0.96
-16420001478955,44.0,50,2,0.88
-16420001478944,65.0,50,4,1.3
-16420001478936,16.31499999999997,50,5,0.326
-16420001478881,27.999999999999993,50,5,0.56
-16420001478776,33.64,50,6,0.673
-16420001478618,32.94999999999999,50,6,0.659
-16420001478458,21.0,50,6,0.42
-16420001478448,27.0,50,6,0.54
-16420001478445,33.0,50,6,0.66
-16420001478403,34.17000000000001,50,5,0.683
-16420001478402,23.0,50,2,0.46
-16420001478359,36.0,50,6,0.72
-16420001475406,28.0,50,6,0.56
-16420001475215,27.550000000000004,50,6,0.551
-16420001474825,64.2,100,1,0.642
-16420001474681,28.4,50,6,0.568
-16420001474574,82.0,100,1,0.82
-16420001474415,45.849999999999994,50,6,0.917
-16420001474326,60.0,50,3,1.2
-16420001474325,61.0,50,3,1.22
-16420001474223,46.0,50,1,0.92
-16420001474062,42.0,50,4,0.84
-16420001474061,63.0,50,4,1.26
-16420001474018,37.0,50,6,0.74
-16420001473932,80.0,100,1,0.8
-16420001473900,48.0,30,6,1.6
-16420001473872,34.0,30,5,1.133
-16420001473869,23.65,50,6,0.473
-16420001473825,42.0,50,6,0.84
-16420001473756,24.895,50,6,0.498
-16420001473748,55.585,50,4,1.112
-16420001473746,42.0,50,6,0.84
-16420001473721,41.0,50,4,0.82
-16420001473653,32.855,50,6,0.657
-16420001473644,24.3,50,6,0.486
-16420001473642,66.0,60,4,1.1
-16420001473641,47.639999999999986,60,4,0.794
-16420001473640,61.779999999999994,60,4,1.03
-16420001473556,46.0,30,6,1.533
-16420001473367,24.3,50,6,0.486
-16420001473328,39.0,50,6,0.78
-16420001473306,24.044999999999998,50,6,0.481
-16420001473260,51.0,50,6,1.02
-16420001473228,34.334999999999994,50,5,0.687
-16420001473124,54.0,50,3,1.08
-16420001473058,48.0,50,3,0.96
-16420001473052,57.0,50,3,1.14
-16420001473000,61.0,20,3,3.05
-16420001472062,16.595,50,6,0.332
-16420001472043,30.285,50,6,0.606
-16420001472025,32.099999999999994,30,6,1.07
-16420001472013,21.7,30,6,0.723
-16420001471977,33.0,30,6,1.1
-16420001471900,22.5,30,6,0.75
-16420001471889,37.825,50,6,0.757
-16420001471858,23.0,30,6,0.767
-16420001471844,32.0,50,6,0.64
-16420001471760,62.0,50,4,1.24
-16420001471753,28.599999999999994,50,6,0.572
-16420001471746,35.0,30,6,1.167
-16420001471708,31.0,30,6,1.033
-16420001471686,30.0,30,6,1.0
-16420001471648,32.0,30,6,1.067
-16420001471645,31.0,30,6,1.033
-16420001471636,21.8,30,6,0.727
-16420001471574,48.0,25,4,1.92
-16420001471569,30.699999999999996,30,6,1.023
-16420001471564,30.75,30,6,1.025
-16420001471548,26.0,50,6,0.52
-16420001471523,33.08,50,6,0.662
-16420001471492,48.0,30,6,1.6
-16420001471452,62.055,30,6,2.068
-16420001471395,30.0,50,6,0.6
-16420001471382,25.88,30,6,0.863
-16420001471334,27.55,50,6,0.551
-16420001471333,27.76,30,6,0.925
-16420001471251,84.0,50,3,1.68
-16420001471241,41.0,50,6,0.82
-16420001471218,38.0,30,6,1.267
-16420001471183,26.0,30,6,0.867
-16420001471182,30.2,30,6,1.007
-16420001471180,38.0,50,6,0.76
-16420001471138,24.0,30,6,0.8
-16420001471137,36.57,50,6,0.731
-16420001471130,37.0,30,6,1.233
-16420001471114,25.0,30,6,0.833
-16420001471108,35.0,30,6,1.167
-16420001471078,34.0,50,6,0.68
-16420001471074,55.0,50,4,1.1
-16420001471062,46.14,50,6,0.923
-16420001470999,27.0,50,6,0.54
-16420001470998,34.0,50,6,0.68
-16420001470983,45.0,30,6,1.5
-16420001470971,38.0,30,6,1.267
-16420001470970,31.0,30,6,1.033
-16420001470959,27.80999999999999,30,6,0.927
-16420001470916,21.77,30,6,0.726
-16420001470912,28.99,30,6,0.966
-16420001470907,22.02,50,6,0.44
-16420001470876,28.0,50,6,0.56
-16420001470865,35.3,50,6,0.706
-16420001470762,28.33499999999999,30,6,0.944
-16420001470724,33.0,30,6,1.1
-16420001470705,81.9,50,3,1.638
-16420001470683,35.0,30,6,1.167
-16420001470650,46.0,30,6,1.533
-16420001470649,59.599999999999966,30,6,1.987
-16420001470629,43.0,30,6,1.433
-16420001470610,39.845,50,4,0.797
-16420001470607,31.1,50,6,0.622
-16420001470580,27.1,30,6,0.903
-16420001470545,26.9,30,6,0.897
-16420001470531,22.0,30,6,0.733
-16420001470527,24.0,30,6,0.8
-16420001470492,29.0,30,6,0.967
-16420001470484,28.0,50,6,0.56
-16420001470456,27.7,30,6,0.923
-16420001470447,35.17999999999999,50,6,0.704
-16420001470443,19.560000000000002,30,6,0.652
-16420001470436,31.86,30,6,1.062
-16420001470433,36.0,50,6,0.72
-16420001470423,23.060000000000002,50,6,0.461
-16420001470380,38.0,50,6,0.76
-16420001470377,39.0,50,6,0.78
-16420001470349,57.8,50,6,1.156
-16420001470342,34.0,30,6,1.133
-16420001470338,33.72,50,6,0.674
-16420001470315,30.95,50,6,0.619
-16420001470312,41.769999999999996,30,6,1.392
-16420001470276,56.665,30,2,1.889
-16420001470275,51.58999999999998,60,2,0.86
-16420001470271,16.0,30,6,0.533
-16420001470234,35.0,50,6,0.7
-16420001470212,44.0,30,6,1.467
-16420001470210,44.019999999999996,30,6,1.467
-16420001470207,45.019999999999996,30,6,1.501
-16420001470194,25.0,30,6,0.833
-16420001470192,20.975,30,6,0.699
-16420001470182,20.99,50,6,0.42
-16420001470169,38.0,30,6,1.267
-16420001470140,27.849999999999998,30,6,0.928
-16420001470128,26.0,30,6,0.867
-16420001470115,41.0,30,6,1.367
-16420001470102,12.8,30,6,0.427
-16420001470089,22.5,30,6,0.75
-16420001470072,45.0,50,6,0.9
-16420001470059,67.25,30,6,2.242
-16420001470015,25.0,50,6,0.5
-16420001470000,35.794999999999995,30,6,1.193
-16420001469988,42.89,50,6,0.858
-16420001469983,25.0,30,6,0.833
-16420001469959,39.925,50,3,0.798
-16420001469955,31.0,30,6,1.033
-16420001469917,29.859999999999996,30,6,0.995
-16420001469909,40.8,50,6,0.816
-16420001469887,66.0,60,2,1.1
-16420001469885,69.085,50,2,1.382
-16420001469868,38.0,30,6,1.267
-16420001469862,60.8,50,2,1.216
-16420001469848,22.0,30,6,0.733
-16420001469831,42.39999999999999,50,6,0.848
-16420001469830,45.0,50,6,0.9
-16420001469769,34.0,30,6,1.133
-16420001469765,31.35,30,6,1.045
-16420001469760,53.0,50,2,1.06
-16420001469758,36.0,50,6,0.72
-16420001469746,35.0,50,6,0.7
-16420001469745,40.0,50,6,0.8
-16420001469691,40.099999999999994,30,6,1.337
-16420001469680,26.0,50,6,0.52
-16420001469678,24.96999999999999,30,6,0.832
-16420001469661,26.0,30,6,0.867
-16420001469649,35.0,50,2,0.7
-16420001469631,37.75,30,6,1.258
-16420001469598,18.0,30,6,0.6
-16420001469590,25.0,50,6,0.5
-16420001469586,29.0,30,6,0.967
-16420001469584,37.95,30,6,1.265
-16420001469583,24.0,50,6,0.48
-16420001469582,27.09,30,5,0.903
-16420001469568,25.1,50,6,0.502
-16420001469549,25.125,50,6,0.502
-16420001469503,32.0,22,4,1.455
-16420001469502,32.0,60,4,0.533
-16420001469462,24.0,50,6,0.48
-16420001469446,38.82000000000001,26,4,1.493
-16420001469416,25.4,30,6,0.847
-16420001469397,37.0,30,6,1.233
-16420001469393,26.925,30,6,0.898
-16420001469384,58.65,50,6,1.173
-16420001469378,35.0,50,6,0.7
-16420001469377,19.0,30,6,0.633
-16420001469372,26.0,30,6,0.867
-16420001469371,60.2,50,6,1.204
-16420001469369,22.35,50,6,0.447
-16420001469359,35.8,50,6,0.716
-16420001469317,27.0,30,6,0.9
-16420001469299,61.0,30,4,2.033
-16420001469297,59.055,30,4,1.968
-16420001469266,20.5,50,6,0.41
-16420001469263,28.0,30,6,0.933
-16420001469261,43.0,50,4,0.86
-16420001469260,42.0,50,4,0.84
-16420001469216,21.0,30,6,0.7
-16420001469214,32.0,50,6,0.64
-16420001469213,27.715,30,6,0.924
-16420001469200,38.94,50,6,0.779
-16420001469197,33.0,50,6,0.66
-16420001469193,38.0,30,6,1.267
-16420001469186,43.0,50,6,0.86
-16420001469170,35.0,30,6,1.167
-16420001469168,51.93999999999998,50,4,1.039
-16420001469123,35.6,50,6,0.712
-16420001469116,31.0,30,6,1.033
-16420001469107,34.1,50,6,0.682
-16420001469090,41.0,30,6,1.367
-16420001469087,30.96,30,6,1.032
-16420001469062,48.0,50,4,0.96
-16420001469020,53.0,60,2,0.883
-16420001469016,34.05,30,6,1.135
-16420001468992,34.21999999999999,24,4,1.426
-16420001468979,30.1,30,4,1.003
-16420001468973,24.75,30,6,0.825
-16420001468963,26.95,30,6,0.898
-16420001468954,46.0,30,6,1.533
-16420001468938,55.0,30,2,1.833
-16420001468926,33.0,50,6,0.66
-16420001468918,26.0,50,6,0.52
-16420001468908,34.81,30,6,1.16
-16420001468891,39.2,50,6,0.784
-16420001468883,21.0,50,6,0.42
-16420001468863,33.0,50,6,0.66
-16420001468861,41.0,50,6,0.82
-16420001468860,52.0,50,6,1.04
-16420001468859,54.0,60,6,0.9
-16420001468858,42.1,30,6,1.403
-16420001468854,28.0,50,6,0.56
-16420001468853,40.0,30,6,1.333
-16420001468850,43.0,50,6,0.86
-16420001468833,43.305,50,6,0.866
-16420001468821,24.0,30,6,0.8
-16420001468816,35.55,30,6,1.185
-16420001468813,37.449999999999996,30,6,1.248
-16420001468812,27.55,30,6,0.918
-16420001468808,26.7,30,6,0.89
-16420001468797,27.12,30,6,0.904
-16420001468756,28.0,30,6,0.933
-16420001468733,44.0,50,3,0.88
-16420001468696,31.925,50,4,0.639
-16420001468693,27.0,30,6,0.9
-16420001468685,22.22,50,6,0.444
-16420001468684,32.0,30,6,1.067
-16420001468647,26.0,30,6,0.867
-16420001468642,27.65,50,6,0.553
-16420001468635,28.0,30,6,0.933
-16420001468633,20.0,30,6,0.667
-16420001468616,55.0,60,2,0.917
-16420001468615,41.75,60,2,0.696
-16420001468597,26.0,30,6,0.867
-16420001468585,35.0,50,6,0.7
-16420001468570,60.0,50,6,1.2
-16420001468569,31.235,50,6,0.625
-16420001468567,42.0,50,6,0.84
-16420001468540,42.0,50,5,0.84
-16420001468522,32.0,50,6,0.64
-16420001468515,23.2,18,4,1.289
-16420001468514,26.429999999999996,50,6,0.529
-16420001468485,27.0,30,6,0.9
-16420001468470,36.275,30,6,1.209
-16420001468462,25.0,50,6,0.5
-16420001468455,24.0,30,6,0.8
-16420001468440,37.95,30,6,1.265
-16420001468438,23.25,50,6,0.465
-16420001468437,35.0,30,6,1.167
-16420001468432,31.9,30,6,1.063
-16420001468425,36.699999999999996,30,6,1.223
-16420001468424,58.849999999999994,50,6,1.177
-16420001468420,25.559999999999995,50,6,0.511
-16420001468413,35.81,50,6,0.716
-16420001468404,61.4,30,2,2.047
-16420001468382,31.725,30,6,1.058
-16420001468381,40.129999999999995,50,6,0.803
-16420001468377,40.3,30,6,1.343
-16420001468359,26.0,50,6,0.52
-16420001468343,21.2,30,6,0.707
-16420001468340,25.0,30,5,0.833
-16420001468336,23.0,30,6,0.767
-16420001468329,31.0,30,6,1.033
-16420001468326,28.0,30,6,0.933
-16420001468300,32.0,30,6,1.067
-16420001468283,34.0,50,6,0.68
-16420001468282,34.7,30,6,1.157
-16420001468281,59.39999999999999,30,6,1.98
-16420001468245,43.0,50,5,0.86
-16420001468243,36.0,30,6,1.2
-16420001468237,35.0,50,6,0.7
-16420001468212,38.82,50,6,0.776
-16420001468177,30.080000000000002,30,6,1.003
-16420001468172,35.0,50,6,0.7
-16420001468157,34.86,50,6,0.697
-16420001468136,26.01,30,6,0.867
-16420001468133,40.0,50,6,0.8
-16420001468131,52.0,50,4,1.04
-16420001468126,33.41,30,6,1.114
-16420001468105,34.0,50,6,0.68
-16420001468062,30.0,50,6,0.6
-16420001468061,38.0,50,6,0.76
-16420001468057,31.0,30,6,1.033
-16420001468056,45.0,30,4,1.5
-16420001468040,32.25,50,6,0.645
-16420001468034,21.0,50,6,0.42
-16420001468028,29.0,30,6,0.967
-16420001468023,38.23499999999999,50,6,0.765
-16420001468014,41.879999999999995,50,6,0.838
-16420001468012,41.0,50,6,0.82
-16420001468011,40.0,50,6,0.8
-16420001468003,39.97,30,6,1.332
-16420001467988,31.0,50,6,0.62
-16420001467983,30.76,30,6,1.025
-16420001467977,33.75,30,6,1.125
-16420001467974,39.0,30,6,1.3
-16420001467953,32.0,30,6,1.067
-16420001467949,39.0,50,6,0.78
-16420001467934,26.099999999999998,30,6,0.87
-16420001467931,38.0,30,6,1.267
-16420001467928,28.0,50,6,0.56
-16420001467895,28.849999999999998,30,6,0.962
-16420001467882,48.0,37,3,1.297
-16420001467869,32.7,50,6,0.654
-16420001467863,23.0,30,6,0.767
-16420001467862,36.9,50,6,0.738
-16420001467853,33.0,50,6,0.66
-16420001467849,30.0,30,6,1.0
-16420001467824,39.515,30,6,1.317
-16420001467822,48.97,50,6,0.979
-16420001467807,27.0,30,6,0.9
-16420001467800,34.824999999999996,50,6,0.696
-16420001467772,44.0,50,6,0.88
-16420001467768,26.4,30,6,0.88
-16420001467735,33.15,30,6,1.105
-16420001467718,27.029999999999998,30,6,0.901
-16420001467717,53.5,50,4,1.07
-16420001467712,38.87,50,6,0.777
-16420001467701,32.0,30,6,1.067
-16420001467699,57.0,30,6,1.9
-16420001467698,47.0,50,6,0.94
-16420001467692,35.0,50,6,0.7
-16420001467685,23.7,30,6,0.79
-16420001467683,19.1,30,6,0.637
-16420001467680,31.0,50,6,0.62
-16420001467671,23.0,30,6,0.767
-16420001467658,23.0,30,6,0.767
-16420001467655,26.0,50,6,0.52
-16420001467654,42.55,50,6,0.851
-16420001467653,33.525,50,6,0.67
-16420001467625,33.7,50,6,0.674
-16420001467624,35.0,30,6,1.167
-16420001467619,24.0,30,6,0.8
-16420001467613,34.1,50,6,0.682
-16420001467580,25.8,50,6,0.516
-16420001467568,41.9,50,6,0.838
-16420001467557,62.0,50,3,1.24
-16420001467549,27.0,50,5,0.54
-16420001467548,28.7,50,5,0.574
-16420001467543,34.0,50,6,0.68
-16420001467526,31.339999999999996,30,6,1.045
-16420001467511,38.0,50,6,0.76
-16420001467505,28.0,30,6,0.933
-16420001467497,36.0,20,6,1.8
-16420001467495,36.0,20,6,1.8
-16420001467484,28.0,50,6,0.56
-16420001467424,32.36999999999999,30,6,1.079
-16420001467419,42.835,50,6,0.857
-16420001467414,56.599999999999994,50,6,1.132
-16420001467392,36.3,30,6,1.21
-16420001467390,50.0,50,4,1.0
-16420001467389,46.0,50,4,0.92
-16420001467385,43.075,30,6,1.436
-16420001462374,44.055,50,4,0.881
-16420001462309,32.379999999999995,30,6,1.079
-16420001462245,36.699999999999996,50,6,0.734
-16420001462194,32.0,30,6,1.067
-16420001462186,32.0,50,6,0.64
-16420001462100,58.0,50,3,1.16
-16420001462097,42.0,50,6,0.84
-16420001462084,34.165,50,6,0.683
-16420001462071,34.9,50,6,0.698
-16420001462056,31.599999999999994,50,6,0.632
-16420001461956,56.0,50,4,1.12
-16420001461925,34.0,30,6,1.133
-16420001461915,37.0,50,6,0.74
-16420001461830,41.540000000000006,50,5,0.831
-16420001461809,54.85999999999999,50,3,1.097
-16420001461804,47.0,30,6,1.567
-16420001461803,39.0,50,4,0.78
-16420001461777,56.0,50,4,1.12
-16420001461776,52.0,50,4,1.04
-16420001461775,46.47,50,4,0.929
-16420001461768,36.0,30,6,1.2
-16420001461767,29.68,30,6,0.989
-16420001461747,55.0,50,4,1.1
-16420001461626,31.0,50,6,0.62
-16420001461452,35.0,50,4,0.7
-16420001461291,37.0,50,6,0.74
-16420001461288,37.0,30,6,1.233
-16420001461279,49.0,50,4,0.98
-16420001461236,57.0,50,3,1.14
-16420001461235,58.0,50,3,1.16
-16420001461231,33.925,50,6,0.678
-16420001461204,60.0,50,3,1.2
-16420001461200,58.0,50,3,1.16
-16420001461199,53.685,50,4,1.074
-16420001461161,54.0,50,4,1.08
-16420001461146,43.885,30,6,1.463
-16420001461133,38.0,50,6,0.76
-16420001461045,41.0,50,6,0.82
-16420001460971,38.489999999999995,30,6,1.283
-16420001460958,54.925,50,4,1.098
-16420001460924,24.4,50,6,0.488
-16420001460887,50.0,50,4,1.0
-16420001460872,45.0,50,4,0.9
-16420001460871,39.0,50,4,0.78
-16420001460870,60.0,50,4,1.2
-16420001460838,55.0,50,3,1.1
-16420001460834,34.86,50,6,0.697
-16420001460818,55.095,50,4,1.102
-16420001460811,55.0,50,3,1.1
-16420001460803,42.0,50,5,0.84
-16420001460799,44.0,50,6,0.88
-16420001460794,54.0,50,3,1.08
-16420001460766,49.0,50,4,0.98
-16420001460764,32.08,50,6,0.642
-16420001460747,56.9,50,3,1.138
-16420001460746,54.0,50,3,1.08
-16420001460711,59.719999999999985,50,3,1.194
-16420001460690,53.0,50,4,1.06
-16420001452385,50.0,60,3,0.833
-16420001452364,45.90999999999999,50,4,0.918
-16420001452328,41.0,50,3,0.82
-16420001452127,28.794999999999995,50,2,0.576
-16420001452066,34.0,50,2,0.68
-16420001452006,48.0,30,2,1.6
-16420001451840,26.694999999999993,50,2,0.534
-16420001451820,48.0,60,3,0.8
-16420001451775,42.0,30,2,1.4
-16420001451664,35.4,50,4,0.708
-16420001451556,75.0,90,3,0.833
-16420001450981,31.044999999999995,50,4,0.621
-16420001450970,34.1,50,5,0.682
-16420001450958,33.0,30,3,1.1
-16420001450942,32.0,30,3,1.067
-16420001450925,39.175000000000004,50,4,0.784
-16420001450918,39.0,50,3,0.78
-16420001450917,39.0,50,3,0.78
-16420001450818,31.0,50,5,0.62
-16420001450794,46.0,50,4,0.92
-16420001450757,64.7,50,3,1.294
-16420001450755,64.535,50,3,1.291
-16420001450624,33.0,50,4,0.66
-16420001450586,29.0,30,6,0.967
-16420001450542,21.0,90,3,0.233
-16420001450233,31.1,50,2,0.622
-16420001450231,36.415,50,3,0.728
-16420001445335,68.0,50,3,1.36
-16420001445252,77.0,90,1,0.856
-16420001445213,71.0,50,3,1.42
-16420001445188,71.0,50,3,1.42
-16420001445162,72.0,50,3,1.44
-16420001444912,68.0,50,3,1.36
-16420001444736,35.279999999999994,50,2,0.706
-16420001444726,43.0,90,3,0.478
-16420001444697,71.0,50,3,1.42
-16420001444686,57.0,50,4,1.14
-16420001444604,72.0,50,3,1.44
-16420001444571,22.0,50,6,0.44
-16420001444534,41.0,50,6,0.82
-16420001444525,70.87,50,3,1.417
-16420001444470,94.0,90,1,1.044
-16420001444391,60.0,60,3,1.0
-16420001444352,40.0,36,3,1.111
-16420001444170,25.0,30,6,0.833
-16420001444126,70.0,50,3,1.4
-16420001444120,69.0,50,3,1.38
-16420001444029,71.0,50,3,1.42
-16420001444020,42.455,50,6,0.849
-16420001443974,45.0,50,3,0.9
-16420001443926,57.0,50,4,1.14
-16420001443915,74.0,90,3,0.822
-16420001443914,74.6,90,3,0.829
-16420001443900,64.185,50,3,1.284
-16420001443869,72.0,50,3,1.44
-16420001443865,56.1,50,4,1.122
-16420001443864,59.0,50,4,1.18
-16420001443862,72.585,50,3,1.452
-16420001443768,59.98999999999999,50,3,1.2
-16420001443745,41.185,38,3,1.084
-16420001443732,22.1,22,3,1.005
-16420001443728,47.0,90,3,0.522
-16420001443682,38.0,50,6,0.76
-16420001443667,23.0,50,6,0.46
-16420001443654,51.0,90,3,0.567
-16420001443649,55.980000000000004,50,3,1.12
-16420001443616,39.0,50,4,0.78
-16420001443535,36.0,23,3,1.565
-16420001443427,57.0,50,4,1.14
-16420001443317,56.0,50,3,1.12
-16420001443288,46.0,50,5,0.92
-16420001443281,61.0,50,3,1.22
-16420001443250,33.0,50,4,0.66
-16420001443169,63.0,60,3,1.05
-16420001443143,38.0,50,3,0.76
-16420001443123,67.0,50,3,1.34
-16420001443102,50.0,50,3,1.0
-16420001443077,32.599999999999994,50,6,0.652
-16420001443058,51.0,50,3,1.02
-16420001443004,34.330000000000005,50,3,0.687
-16420001442990,76.675,70,3,1.095
-16420001442989,80.27,70,3,1.147
-16420001442988,60.0,50,3,1.2
-16420001442987,58.0,60,3,0.967
-16420001442986,59.0,60,3,0.983
-16420001442892,39.505,50,6,0.79
-16420001442831,40.0,50,6,0.8
-16420001442817,95.0,90,1,1.056
-16420001442808,73.0,90,1,0.811
-16420001442755,33.0,30,6,1.1
-16420001442726,31.8,50,4,0.636
-16420001442725,32.0,50,4,0.64
-16420001442710,30.0,50,4,0.6
-16420001442704,25.0,50,4,0.5
-16420001442689,19.0,50,3,0.38
-16420001442662,28.5,50,4,0.57
-16420001442656,43.0,50,6,0.86
-16420001442653,24.799999999999997,30,6,0.827
-16420001442650,36.0,24,3,1.5
-16420001442633,63.54999999999999,50,6,1.271
-16420001442619,36.0,50,2,0.72
-16420001442612,52.145,50,4,1.043
-16420001442604,48.0,50,3,0.96
-16420001442580,37.75,50,6,0.755
-16420001442573,24.0,50,3,0.48
-16420001442570,79.0,50,1,1.58
-16420001442563,44.29499999999999,90,3,0.492
-16420001442555,45.0,50,6,0.9
-16420001442539,58.0,50,6,1.16
-16420001442511,33.419999999999995,50,5,0.668
-16420001442442,45.6,50,5,0.912
-16420001442413,43.0,50,5,0.86
-16420001442412,40.0,50,5,0.8
-16420001442392,71.0,50,3,1.42
-16420001442383,27.0,50,3,0.54
-16420001442376,52.68999999999999,50,3,1.054
-16420001442331,56.0,50,6,1.12
-16420001442300,34.0,50,2,0.68
-16420001442275,69.1,50,3,1.382
-16420001442274,50.739999999999995,50,4,1.015
-16420001442240,37.6,50,5,0.752
-16420001442199,39.31999999999999,50,6,0.786
-16420001442158,49.11000000000001,50,3,0.982
-16420001442153,45.0,50,6,0.9
-16420001442117,26.944999999999997,50,5,0.539
-16420001442116,45.0,50,5,0.9
-16420001436739,50.0,50,4,1.0
-16420001436738,51.875,50,4,1.038
-16420001405170,23.0,50,3,0.46
-16420001404560,50.0,50,3,1.0
-16420001404183,34.0,50,5,0.68
-16420001403952,23.99,50,3,0.48
-16420001403951,25.915,50,3,0.518
-16420001403381,30.0,50,3,0.6
-16420001401985,33.925,50,4,0.678
-16420001401964,47.0,50,3,0.94
-16420001401591,48.589999999999996,50,6,0.972
-16420001401203,43.5,50,4,0.87
-16420001401024,52.0,50,3,1.04
-16420001400079,49.0,50,6,0.98
-16420001399948,47.0,50,6,0.94
-16420001399691,67.0,50,4,1.34
-16420001399690,61.40999999999999,50,4,1.228
-16420001399689,61.86999999999999,50,4,1.237
-16420001399688,61.055,50,4,1.221
-16420001399687,67.0,50,4,1.34
-16420001399280,71.0,70,3,1.014
-16420001398843,50.0,50,6,1.0
-16420001398719,74.5,70,3,1.064
-16420001398611,37.24499999999999,50,2,0.745
-16420001398479,45.0,50,4,0.9
-16420001398478,32.0,50,4,0.64
-16420001398422,46.0,50,3,0.92
-16420001398404,35.934999999999995,50,5,0.719
-16420001398402,40.035,50,5,0.801
-16420001398265,45.10999999999999,50,4,0.902
-16420001397848,41.849999999999994,50,5,0.837
-16420001397846,41.3,50,5,0.826
-16420001397039,47.08,50,3,0.942
-16420001396835,67.0,50,4,1.34
-16420001396675,60.0,60,3,1.0
-16420001396655,50.0,50,6,1.0
-16420001396382,24.049999999999997,50,6,0.481
-16420001396223,35.0,50,3,0.7
-16420001396222,33.0,50,3,0.66
-16420001396220,32.36,50,3,0.647
-16420001395738,41.0,50,3,0.82
-16420001395698,33.0,50,4,0.66
-16420001395697,36.13,50,4,0.723
-16420001395526,40.0,50,3,0.8
-16420001395481,56.0,60,3,0.933
-16420001395309,33.0,50,3,0.66
-16420001395307,32.0,50,3,0.64
-16420001395234,70.0,50,2,1.4
-16420001395224,70.235,50,2,1.405
-16420001395172,48.625,50,4,0.972
-16420001395171,56.0,50,4,1.12
-16420001394743,42.0,50,2,0.84
-16420001394496,56.0,50,3,1.12
-16420001394487,53.284999999999975,50,6,1.066
-16420001394486,53.0,50,6,1.06
-16420001394306,33.0,50,5,0.66
-16420001394002,42.035000000000004,50,4,0.841
-16420001393998,53.3,50,5,1.066
-16420001393996,54.0,50,5,1.08
-16420001393824,40.0,50,2,0.8
-16420001393636,29.0,50,4,0.58
-16420001393635,43.0,50,4,0.86
-16420001393398,52.18,50,4,1.044
-16420001393222,45.025,90,3,0.5
-16420001393018,51.0,50,3,1.02
-16420001392920,33.0,50,4,0.66
-16420001392774,40.0,50,3,0.8
-16420001392636,47.349999999999966,50,3,0.947
-16420001392610,33.0,50,3,0.66
-16420001392546,43.13,30,4,1.438
-16420001392511,50.0,50,5,1.0
-16420001392485,38.80999999999999,50,4,0.776
-16420001392480,47.910000000000004,50,3,0.958
-16420001392479,18.0,50,3,0.36
-16420001392478,35.0,50,3,0.7
-16420001392444,27.0,50,5,0.54
-16420001392443,16.369999999999997,50,5,0.327
-16420001392427,33.785,50,3,0.676
-16420001392319,67.0,50,4,1.34
-16420001392207,62.150000000000006,50,4,1.243
-16420001392199,42.0,50,5,0.84
-16420001392117,51.23,50,3,1.025
-16420001392058,45.0,30,5,1.5
-16420001391928,49.7,50,4,0.994
-16420001391927,52.0,50,4,1.04
-16420001391636,47.0,50,6,0.94
-16420001391595,63.0,50,4,1.26
-16420001391439,31.035000000000004,30,4,1.035
-16420001391438,29.91999999999999,30,4,0.997
-16420001391415,57.0,50,3,1.14
-16420001391414,55.0,50,3,1.1
-16420001391406,56.0,50,3,1.12
-16420001391405,57.0,50,3,1.14
-16420001391366,38.5,50,3,0.77
-16420001391293,48.0,50,6,0.96
-16420001391290,56.0,60,2,0.933
-16420001391259,31.7,50,2,0.634
-16420001391165,36.68000000000001,30,5,1.223
-16420001391105,44.0,50,6,0.88
-16420001391078,45.0,50,3,0.9
-16420001391026,47.0,50,3,0.94
-16420001390752,56.0,60,2,0.933
-16420001383439,70.0,50,4,1.4
-16420001383438,62.0,50,4,1.24
-16420001383422,37.2,50,6,0.744
-16420001383372,62.0,50,3,1.24
-16420001383207,40.985,50,5,0.82
-16420001383042,34.0,50,6,0.68
-16420001383038,63.629999999999995,50,4,1.273
-16420001383037,63.0,50,4,1.26
-16420001382892,75.17999999999999,50,3,1.504
-16420001382875,38.72,50,6,0.774
-16420001382839,82.0,30,1,2.733
-16420001382838,83.0,30,1,2.767
-16420001382837,83.0,30,1,2.767
-16420001382832,38.059999999999995,50,5,0.761
-16420001382711,65.0,50,3,1.3
-16420001382673,32.14999999999999,50,4,0.643
-16420001382671,42.0,50,3,0.84
-16420001382579,62.0,70,3,0.886
-16420001382547,56.0,50,2,1.12
-16420001382531,63.0,60,4,1.05
-16420001382524,48.2,50,6,0.964
-16420001382440,41.0,50,6,0.82
-16420001382434,45.4,40,4,1.135
-16420001382433,42.0,50,4,0.84
-16420001382403,55.0,50,6,1.1
-16420001382394,56.65999999999999,30,4,1.889
-16420001382393,57.2,30,4,1.907
-16420001382376,64.0,60,4,1.067
-16420001382368,66.0,50,3,1.32
-16420001382341,59.19999999999999,50,6,1.184
-16420001382336,32.0,50,3,0.64
-16420001382335,52.7,60,3,0.878
-16420001382334,55.0,50,6,1.1
-16420001382308,47.1,40,4,1.178
-16420001382274,29.315,30,2,0.977
-16420001382273,30.755,30,2,1.025
-16420001382252,56.2,60,4,0.937
-16420001382238,70.8,50,2,1.416
-16420001382237,71.0,50,2,1.42
-16420001382236,69.4,50,2,1.388
-16420001382235,70.0,50,2,1.4
-16420001382234,71.2,50,2,1.424
-16420001382233,71.0,50,2,1.42
-16420001382201,33.145,50,5,0.663
-16420001382184,44.0,50,6,0.88
-16420001382028,55.0,50,4,1.1
-16420001382027,54.269999999999996,50,4,1.085
-16420001382026,38.3,50,3,0.766
-16420001381961,46.0,50,5,0.92
-16420001381960,41.0,50,5,0.82
-16420001381912,62.0,50,2,1.24
-16420001381911,62.0,50,2,1.24
-16420001381849,52.9,60,4,0.882
-16420001381808,59.125,50,6,1.182
-16420001381807,74.0,50,2,1.48
-16420001381806,75.2,50,2,1.504
-16420001381805,75.0,50,2,1.5
-16420001381804,75.0,50,2,1.5
-16420001381792,37.0,50,5,0.74
-16420001381789,40.0,60,2,0.667
-16420001381758,66.0,50,4,1.32
-16420001381757,70.0,50,4,1.4
-16420001381752,30.0,50,5,0.6
-16420001381751,20.034999999999997,50,5,0.401
-16420001381683,25.4,50,4,0.508
-16420001381649,71.0,50,2,1.42
-16420001381624,75.0,50,3,1.5
-16420001381557,34.0,50,5,0.68
-16420001381526,38.0,50,2,0.76
-16420001381525,38.0,50,2,0.76
-16420001381513,55.0,30,2,1.833
-16420001381502,39.0,50,5,0.78
-16420001381487,44.0,60,2,0.733
-16420001381486,44.0,50,5,0.88
-16420001381471,46.87,50,6,0.937
-16420001381463,31.0,30,5,1.033
-16420001381449,42.68000000000001,50,6,0.854
-16420001381448,33.0,50,6,0.66
-16420001381418,56.525,50,6,1.13
-16420001381407,37.0,50,4,0.74
-16420001381406,35.0,50,4,0.7
-16420001381401,69.0,50,2,1.38
-16420001381369,65.0,50,3,1.3
-16420001381362,54.0,50,6,1.08
-16420001381360,56.4,30,6,1.88
-16420001381359,42.0,50,6,0.84
-16420001381358,54.0,30,6,1.8
-16420001381286,39.57,50,5,0.791
-16420001381282,38.78,50,4,0.776
-16420001381105,28.0,50,5,0.56
-16420001381102,45.965,50,4,0.919
-16420001381097,39.8,50,2,0.796
-16420001381091,31.0,50,6,0.62
-16420001381090,13.7,50,5,0.274
-16420001381030,91.77000000000001,90,1,1.02
-16420001381024,43.150000000000006,50,4,0.863
-16420001381021,49.55999999999998,50,4,0.991
-16420001381020,49.85999999999999,50,4,0.997
-16420001381018,52.0,50,4,1.04
-16420001381017,49.0,50,4,0.98
-16420001381016,47.0,50,4,0.94
-16420001381009,50.0,50,4,1.0
-16420001380978,57.2,50,3,1.144
-16420001380977,57.0,50,3,1.14
-16420001380968,46.48,50,4,0.93
-16420001380960,51.58999999999998,50,4,1.032
-16420001380947,49.0,50,2,0.98
-16420001380936,70.0,50,4,1.4
-16420001380935,50.0,50,4,1.0
-16420001380934,65.4,50,4,1.308
-16420001380932,42.4,50,2,0.848
-16420001380914,46.989999999999995,90,2,0.522
-16420001380910,59.0,90,2,0.656
-16420001380901,59.0,50,3,1.18
-16420001380900,58.0,50,3,1.16
-16420001380899,58.0,50,4,1.16
-16420001380893,46.0,50,2,0.92
-16420001380890,42.0,90,2,0.467
-16420001380361,70.0,50,3,1.4
-16420001380108,67.0,50,3,1.34
-16420001379463,41.0,50,6,0.82
-16420001379380,35.004999999999995,50,3,0.7
-16420001379364,65.0,50,2,1.3
-16420001379172,42.0,40,3,1.05
-16420001379095,26.0,50,6,0.52
-16420001378834,26.0,50,6,0.52
-16420001377906,26.314999999999994,50,6,0.526
-16420001376555,30.0,30,5,1.0
-16420001374786,36.0,50,3,0.72
-16420001374377,26.915,50,6,0.538
-16420001374158,52.0,50,4,1.04
-16420001374073,59.4,50,3,1.188
-16420001373973,38.0,50,4,0.76
-16420001373956,37.0,50,4,0.74
-16420001373870,25.02,50,6,0.5
-16420001373836,32.0,50,6,0.64
-16420001373553,53.0,50,3,1.06
-16420001373407,25.4,50,5,0.508
-16420001373340,40.0,50,4,0.8
-16420001373338,35.0,50,4,0.7
-16420001373323,89.0,100,2,0.89
-16420001373322,84.0,100,2,0.84
-16420001373287,21.19999999999999,50,6,0.424
-16420001373286,26.909999999999997,50,6,0.538
-16420001373275,52.05,50,5,1.041
-16420001373266,57.00999999999999,50,3,1.14
-16420001373242,29.34,50,4,0.587
-16420001373226,65.1,50,2,1.302
-16420001373214,84.17,60,2,1.403
-16420001373156,75.885,60,2,1.265
-16420001373057,44.419999999999995,50,4,0.888
-16420001372949,27.699999999999996,30,6,0.923
-16420001372917,37.0,50,3,0.74
-16420001372916,49.315,50,3,0.986
-16420001372871,21.0,50,4,0.42
-16420001372783,72.0,50,4,1.44
-16420001372659,49.0,50,3,0.98
-16420001372658,54.910000000000004,50,3,1.098
-16420001372657,49.969999999999956,50,3,0.999
-16420001372656,42.0,50,3,0.84
-16420001372655,49.0,50,3,0.98
-16420001372579,40.0,50,4,0.8
-16420001372534,39.85,50,3,0.797
-16420001372405,50.075,50,4,1.002
-16420001372277,34.0,50,3,0.68
-16420001372246,40.0,50,6,0.8
-16420001372244,27.0,40,4,0.675
-16420001372205,62.0,50,3,1.24
-16420001372204,55.725,50,3,1.114
-16420001372159,25.0,50,4,0.5
-16420001372119,42.0,50,3,0.84
-16420001372109,53.8,50,4,1.076
-16420001372108,55.0,50,4,1.1
-16420001372081,40.0,50,4,0.8
-16420001372078,43.85999999999999,50,4,0.877
-16420001371722,51.0,50,3,1.02
-16420001371674,47.33,50,3,0.947
-16420001371673,33.0,50,3,0.66
-16420001371508,36.0,50,4,0.72
-16420001371334,26.0,50,6,0.52
-16420001371300,70.13499999999999,50,4,1.403
-16420001371180,50.164999999999985,50,2,1.003
-16420001371179,47.04,50,2,0.941
-16420001371055,39.4,50,3,0.788
-16420001370994,55.0,50,4,1.1
-16420001370993,51.305,50,4,1.026
-16420001370933,17.0,50,5,0.34
-16420001370861,50.0,50,4,1.0
-16420001370182,54.82,50,4,1.096
-16420001370003,54.0,30,4,1.8
-16420001369961,53.95,50,4,1.079
-16420001369707,70.0,50,6,1.4
-16420001369598,23.0,50,4,0.46
-16420001369596,30.4,50,4,0.608
-16420001369205,54.0,50,4,1.08
-16420001369204,54.0,50,4,1.08
-16420001369107,33.775,50,4,0.676
-16420001368998,51.0,50,4,1.02
-16420001368896,14.0,50,6,0.28
-16420001368856,48.0,50,5,0.96
-16420001368831,39.83499999999998,50,4,0.797
-16420001368716,13.0,50,6,0.26
-16420001368573,54.0,50,4,1.08
-16420001368571,58.0,50,4,1.16
-16420001368530,45.0,50,4,0.9
-16420001368254,52.589999999999996,50,4,1.052
-16420001368092,30.925,50,6,0.618
-16420001367974,56.0,50,3,1.12
-16420001367921,49.0,50,2,0.98
-16420001367912,59.0,50,4,1.18
-16420001367819,54.0,50,4,1.08
-16420001367312,44.0,50,4,0.88
-16420001367235,49.0,50,5,0.98
-16420001367233,49.0,50,5,0.98
-16420001367188,21.0,30,5,0.7
-16420001367042,41.0,50,4,0.82
-16420001367040,40.0,30,3,1.333
-16420001366883,53.86999999999999,50,4,1.077
-16420001366861,46.855000000000004,50,3,0.937
-16420001366832,32.0,18,5,1.778
-16420001366831,39.834999999999994,18,5,2.213
-16420001366817,39.919999999999995,50,4,0.798
-16420001366812,34.0,50,4,0.68
-16420001366782,55.0,50,3,1.1
-16420001366673,59.0,50,4,1.18
-16420001366471,48.0,50,4,0.96
-16420001366470,39.0,50,4,0.78
-16420001366469,47.0,50,4,0.94
-16420001366468,62.0,50,4,1.24
-16420001366467,62.5,50,4,1.25
-16420001366180,55.0,20,3,2.75
-16420001366133,38.0,40,3,0.95
-16420001366049,50.0,50,3,1.0
-16420001365819,41.35,50,4,0.827
-16420001365799,55.0,50,3,1.1
-16420001365688,59.0,70,3,0.843
-16420001365683,55.05,50,3,1.101
-16420001365585,45.0,50,3,0.9
-16420001365398,45.32999999999999,50,4,0.907
-16420001365397,51.25,50,3,1.025
-16420001365214,38.0,50,4,0.76
-16420001365209,39.5,50,6,0.79
-16420001365129,54.0,50,4,1.08
-16420001364927,49.0,18,4,2.722
-16420001364882,50.0,50,4,1.0
-16420001364815,26.0,50,4,0.52
-16420001364814,37.0,50,5,0.74
-16420001364811,28.3,50,4,0.566
-16420001364596,59.0,50,3,1.18
-16420001364491,23.0,50,5,0.46
-16420001364490,36.22,50,5,0.724
-16420001364422,48.0,50,5,0.96
-16420001364421,45.269999999999996,50,5,0.905
-16420001364391,49.0,50,3,0.98
-16420001364379,46.0,50,4,0.92
-16420001364319,57.0,50,3,1.14
-16420001364249,55.0,30,4,1.833
-16420001364208,58.43999999999998,50,3,1.169
-16420001364050,53.0,50,3,1.06
-16420001363844,25.0,50,4,0.5
-16420001363542,27.419999999999998,30,2,0.914
-16420001363541,55.0,50,2,1.1
-16420001363540,39.45,50,2,0.789
-16420001363229,32.14,50,5,0.643
-16420001363227,23.0,50,5,0.46
-16420001363220,13.4,50,5,0.268
-16420001363099,42.425,50,5,0.848
-16420001363094,35.0,50,4,0.7
-16420001362805,28.85,30,5,0.962
-16420001362794,37.0,50,3,0.74
-16420001362793,33.0,50,3,0.66
-16420001362552,46.0,50,3,0.92
-16420001362550,38.699999999999996,30,3,1.29
-16420001362538,54.0,50,4,1.08
-16420001362537,41.0,30,4,1.367
-16420001362533,56.0,50,4,1.12
-16420001362410,32.0,50,4,0.64
-16420001362359,32.0,40,4,0.8
-16420001362318,51.32,50,3,1.026
-16420001362291,54.32,50,3,1.086
-16420001362218,53.0,50,4,1.06
-16420001362171,42.414999999999985,50,3,0.848
-16420001362164,48.0,50,4,0.96
-16420001362094,35.5,50,3,0.71
-16420001361950,63.525,50,3,1.27
-16420001361944,67.0,50,3,1.34
-16420001361928,25.0,50,6,0.5
-16420001361892,45.0,50,5,0.9
-16420001361843,32.0,50,5,0.64
-16420001361837,57.0,50,4,1.14
-16420001361826,43.31999999999999,50,3,0.866
-16420001361719,43.089999999999996,50,4,0.862
-16420001361667,40.25,50,5,0.805
-16420001361585,47.0,50,5,0.94
-16420001361410,30.8,50,5,0.616
-16420001361370,38.0,50,5,0.76
-16420001361247,42.0,50,4,0.84
-16420001361173,30.3,60,3,0.505
-16420001361172,28.0,60,3,0.467
-16420001360970,47.0,50,4,0.94
-16420001360512,49.95,50,3,0.999
-16420001360396,39.9,50,4,0.798
-16420001360336,26.0,50,4,0.52
-16420001360335,26.0,50,4,0.52
-16420001360225,52.0,20,3,2.6
-16420001360221,46.9,50,3,0.938
-16420001360123,50.0,50,3,1.0
-16420001360101,43.0,18,4,2.389
-16420001359947,27.0,50,3,0.54
-16420001359933,50.0,50,3,1.0
-16420001359909,57.0,50,3,1.14
-16420001359908,34.7,50,5,0.694
-16420001359907,44.0,50,4,0.88
-16420001359906,45.0,50,4,0.9
-16420001359876,45.595,50,4,0.912
-16420001359624,43.0,50,4,0.86
-16420001359619,49.655,50,4,0.993
-16420001359618,54.0,50,3,1.08
-16420001359575,49.0,50,4,0.98
-16420001359443,39.0,50,5,0.78
-16420001359442,31.0,50,5,0.62
-16420001359195,43.0,50,4,0.86
-16420001359100,49.0,50,4,0.98
-16420001358957,38.0,50,5,0.76
-16420001358397,35.1,50,3,0.702
-16420001358313,48.275,50,3,0.966
-16420001358161,55.5,50,3,1.11
-16420001358160,57.89999999999998,50,3,1.158
-16420001358158,60.0,50,3,1.2
-16420001358157,53.73000000000001,50,3,1.075
-16420001358156,66.0,50,3,1.32
-16420001358007,49.07,50,4,0.981
-16420001357898,49.875,50,3,0.998
-16420001357787,39.0,50,4,0.78
-16420001357603,53.0,50,4,1.06
-16420001353304,40.95,40,4,1.024
-16420001353294,29.0,50,4,0.58
-16420001353283,33.0,50,4,0.66
-16420001353281,30.0,50,4,0.6
-16420001353272,34.0,50,4,0.68
-16420001353254,45.0,40,3,1.125
-16420001353248,28.0,50,2,0.56
-16420001353215,29.0,40,3,0.725
-16420001350968,69.98,50,2,1.4
-16420001350734,23.16,30,5,0.772
-16420001350709,38.0,30,2,1.267
-16420001350707,35.1,30,2,1.17
-16420001350614,69.0,50,2,1.38
-16420001350417,57.0,30,3,1.9
-16420001350298,40.47,30,2,1.349
-16420001350271,59.0,50,2,1.18
-16420001350270,53.0,50,2,1.06
-16420001350267,55.0,50,2,1.1
-16420001350183,61.0,50,2,1.22
-16420001350161,30.0,50,4,0.6
-16420001350065,67.0,50,2,1.34
-16420001350042,48.0,50,4,0.96
-16420001350026,72.0,50,2,1.44
-16420001349991,50.0,50,2,1.0
-16420001349974,49.8,30,4,1.66
-16420001349940,64.0,60,3,1.067
-16420001349939,64.0,50,3,1.28
-16420001349857,56.0,30,2,1.867
-16420001349741,47.0,50,4,0.94
-16420001349701,31.0,30,4,1.033
-16420001349696,46.0,60,4,0.767
-16420001349694,54.0,60,3,0.9
-16420001349690,38.654999999999994,50,5,0.773
-16420001349670,50.0,30,4,1.667
-16420001349637,53.1,60,3,0.885
-16420001349457,28.0,50,6,0.56
-16420001349395,32.0,30,5,1.067
-16420001349372,22.0,30,5,0.733
-16420001349316,52.0,30,3,1.733
-16420001349315,53.0,60,3,0.883
-16420001349313,44.0,30,3,1.467
-16420001349254,37.0,50,5,0.74
-16420001349136,61.0,30,3,2.033
-16420001349107,39.489999999999995,50,2,0.79
-16420001349081,52.0,60,3,0.867
-16420001349060,60.95,50,3,1.219
-16420001349053,34.6,50,4,0.692
-16420001349047,48.0,50,4,0.96
-16420001349045,28.0,30,4,0.933
-16420001349036,46.46,30,4,1.549
-16420001349024,55.0,30,3,1.833
-16420001349023,55.0,30,3,1.833
-16420001349009,38.0,50,4,0.76
-16420001348975,35.4,50,4,0.708
-16420001348973,60.129999999999995,50,2,1.203
-16420001348971,31.165,30,4,1.039
-16420001348922,48.620000000000005,70,3,0.695
-16420001348921,36.724999999999994,50,3,0.734
-16420001348919,56.0,50,3,1.12
-16420001348917,40.58499999999998,50,3,0.812
-16420001348914,33.0,60,4,0.55
-16420001348901,64.0,50,4,1.28
-16420001348900,64.0,50,4,1.28
-16420001348899,64.0,50,4,1.28
-16420001348897,38.089999999999996,50,2,0.762
-16420001348886,64.47,50,4,1.289
-16420001348865,51.2,30,4,1.707
-16420001348864,52.0,30,4,1.733
-16420001348857,30.839999999999996,30,2,1.028
-16420001348851,41.3,60,4,0.688
-16420001348845,34.8,30,2,1.16
-16420001348802,33.0,50,4,0.66
-16420001348790,53.94,50,4,1.079
-16420001348759,24.0,90,3,0.267
-16420001348723,41.0,60,3,0.683
-16420001348693,38.0,30,3,1.267
-16420001348676,53.0,60,3,0.883
-16420001348654,78.0,50,3,1.56
-16420001348650,64.0,50,3,1.28
-16420001348586,23.0,50,6,0.46
-16420001348575,60.0,50,4,1.2
-16420001348574,56.5,50,4,1.13
-16420001348573,56.0,30,4,1.867
-16420001348572,55.0,30,4,1.833
-16420001348564,36.0,30,5,1.2
-16420001348536,48.7,50,4,0.974
-16420001348473,33.94,30,4,1.131
-16420001348450,53.0,30,4,1.767
-16420001348401,67.0,50,4,1.34
-16420001348397,64.0,50,4,1.28
-16420001348386,64.9,60,3,1.082
-16420001348383,36.0,50,4,0.72
-16420001348354,35.2,31,5,1.135
-16420001348320,57.0,30,3,1.9
-16420001348308,60.005,50,4,1.2
-16420001348281,34.0,30,5,1.133
-16420001348280,27.47,50,5,0.549
-16420001348279,43.724999999999994,30,5,1.457
-16420001348273,58.25,30,3,1.942
-16420001348257,36.0,50,4,0.72
-16420001348256,15.619999999999992,50,4,0.312
-16420001348255,54.0,50,4,1.08
-16420001348211,63.0,60,3,1.05
-16420001348194,54.0,50,3,1.08
-16420001348191,61.86999999999999,50,4,1.237
-16420001348190,60.0,50,4,1.2
-16420001348120,45.105000000000004,30,5,1.504
-16420001348110,50.0,50,4,1.0
-16420001348091,42.0,30,4,1.4
-16420001348061,28.0,30,5,0.933
-16420001348031,42.61,50,5,0.852
-16420001348013,59.0,50,3,1.18
-16420001348012,23.0,30,4,0.767
-16420001348004,33.1,30,2,1.103
-16420001347997,40.0,50,5,0.8
-16420001347959,60.0,30,3,2.0
-16420001347956,62.0,50,2,1.24
-16420001347937,55.26999999999999,50,3,1.105
-16420001347936,56.5,50,2,1.13
-16420001347899,54.085,40,4,1.352
-16420001347895,53.0,50,3,1.06
-16420001347873,38.0,30,4,1.267
-16420001347861,49.1,30,4,1.637
-16420001347860,57.0,30,4,1.9
-16420001347805,47.33,50,4,0.947
-16420001347712,44.0,50,4,0.88
-16420001347692,62.99499999999999,60,4,1.05
-16420001347691,50.0,60,4,0.833
-16420001347690,66.8,60,4,1.113
-16420001347689,47.0,60,4,0.783
-16420001347688,38.0,50,2,0.76
-16420001345512,56.0,50,4,1.12
-16420001345417,28.044999999999998,50,4,0.561
-16420001345416,23.244999999999994,50,4,0.465
-16420001345350,42.25000000000001,50,5,0.845
-16420001345331,35.0,50,3,0.7
-16420001345214,58.0,50,3,1.16
-16420001345179,69.0,50,1,1.38
-16420001345178,75.55,90,1,0.839
-16420001345177,55.7,50,4,1.114
-16420001345123,46.0,50,4,0.92
-16420001345041,47.535,50,4,0.951
-16420001345035,52.0,50,4,1.04
-16420001344980,86.0,80,1,1.075
-16420001344979,86.0,80,1,1.075
-16420001344976,28.0,50,3,0.56
-16420001344938,33.0,30,6,1.1
-16420001344921,47.0,60,4,0.783
-16420001344868,24.0,50,4,0.48
-16420001344866,40.0,40,4,1.0
-16420001344839,39.8,50,4,0.796
-16420001344821,44.0,50,3,0.88
-16420001344754,52.0,50,4,1.04
-16420001344703,64.5,50,4,1.29
-16420001344664,40.0,50,4,0.8
-16420001344663,40.0,50,4,0.8
-16420001344662,86.0,80,1,1.075
-16420001344640,50.0,50,3,1.0
-16420001344638,54.0,50,3,1.08
-16420001344616,27.0,30,5,0.9
-16420001344615,32.160000000000004,30,5,1.072
-16420001344612,35.0,30,5,1.167
-16420001344592,65.0,50,4,1.3
-16420001344575,32.925,50,4,0.658
-16420001344572,55.0,50,3,1.1
-16420001344570,47.0,50,3,0.94
-16420001344569,64.1,50,3,1.282
-16420001344568,52.8,50,3,1.056
-16420001344567,59.0,50,3,1.18
-16420001344566,64.785,50,3,1.296
-16420001344565,65.0,50,3,1.3
-16420001344563,26.0,50,3,0.52
-16420001344562,63.0,50,3,1.26
-16420001344561,46.0,50,3,0.92
-16420001344560,58.0,50,3,1.16
-16420001344559,68.0,50,3,1.36
-16420001344558,50.9,50,3,1.018
-16420001344557,28.0,50,3,0.56
-16420001344556,63.0,50,3,1.26
-16420001344555,44.0,50,3,0.88
-16420001344554,64.0,50,3,1.28
-16420001344553,27.3,50,3,0.546
-16420001344549,50.0,50,3,1.0
-16420001344546,54.0,50,3,1.08
-16420001344545,37.0,50,5,0.74
-16420001344544,37.0,50,5,0.74
-16420001344542,39.0,50,5,0.78
-16420001344528,26.0,50,5,0.52
-16420001344527,24.0,50,5,0.48
-16420001344502,40.0,50,4,0.8
-16420001344500,53.0,50,4,1.06
-16420001344489,41.2,50,4,0.824
-16420001344488,45.0,50,4,0.9
-16420001344485,31.0,50,4,0.62
-16420001344482,40.379999999999995,50,5,0.808
-16420001344422,34.0,50,4,0.68
-16420001344379,41.0,50,4,0.82
-16420001344351,54.1,60,3,0.902
-16420001344342,29.5,40,4,0.738
-16420001344338,20.0,50,4,0.4
-16420001344323,35.0,50,4,0.7
-16420001344319,54.0,50,3,1.08
-16420001344318,40.8,50,3,0.816
-16420001344314,53.0,50,3,1.06
-16420001344299,41.0,50,3,0.82
-16420001344290,43.0,50,4,0.86
-16420001344258,24.4,50,3,0.488
-16420001344257,30.58,50,3,0.612
-16420001344256,22.0,50,3,0.44
-16420001344212,39.0,60,4,0.65
-16420001344210,37.0,60,4,0.617
-16420001344193,38.0,50,4,0.76
-16420001344190,87.0,80,1,1.088
-16420001344189,26.0,50,4,0.52
-16420001344163,47.955,50,3,0.959
-16420001344153,60.9,50,3,1.218
-16420001344148,41.0,50,4,0.82
-16420001344058,45.19,50,4,0.904
-16420001344042,38.285,50,4,0.766
-16420001344031,26.0,50,5,0.52
-16420001344025,33.0,50,5,0.66
-16420001343978,38.0,50,3,0.76
-16420001343958,75.0,50,4,1.5
-16420001343957,76.0,50,4,1.52
-16420001343956,58.6,50,2,1.172
-16420001343955,59.535000000000004,50,2,1.191
-16420001343954,59.0,50,2,1.18
-16420001343953,58.535000000000004,50,2,1.171
-16420001343944,54.81,50,4,1.096
-16420001343935,68.0,50,3,1.36
-16420001343934,46.0,50,3,0.92
-16420001343932,31.0,50,4,0.62
-16420001343927,32.0,50,4,0.64
-16420001343852,39.3,50,4,0.786
-16420001343825,58.3,50,3,1.166
-16420001343811,59.0,50,6,1.18
-16420001343068,25.0,50,4,0.5
-16420001343045,27.0,50,4,0.54
-16420001341587,53.6,50,4,1.072
-16420001341472,36.0,50,3,0.72
-16420001341366,44.0,50,4,0.88
-16420001341275,53.575,50,4,1.072
-16420001341273,61.529999999999994,50,6,1.231
-16420001341197,61.3,70,3,0.876
-16420001341196,68.265,70,3,0.975
-16420001341099,49.0,50,4,0.98
-16420001341078,41.185,50,4,0.824
-16420001341019,21.13,50,6,0.423
-16420001340999,53.0,50,3,1.06
-16420001340978,47.0,50,6,0.94
-16420001340942,47.934999999999995,50,4,0.959
-16420001340898,38.0,50,2,0.76
-16420001340890,55.0,50,3,1.1
-16420001340869,25.485,50,6,0.51
-16420001340849,39.3,50,6,0.786
-16420001340836,67.0,60,2,1.117
-16420001340834,67.0,60,2,1.117
-16420001340807,62.675000000000004,50,2,1.254
-16420001340806,62.1,50,2,1.242
-16420001340796,49.77,50,4,0.995
-16420001340792,49.0,50,4,0.98
-16420001340789,42.0,50,4,0.84
-16420001340784,51.0,50,4,1.02
-16420001340781,39.6,50,4,0.792
-16420001340715,30.0,50,6,0.6
-16420001340713,52.65,60,4,0.878
-16420001340712,52.44,60,4,0.874
-16420001340711,52.0,60,4,0.867
-16420001340710,52.824999999999996,60,4,0.88
-16420001340673,50.19,50,4,1.004
-16420001340662,50.5,50,4,1.01
-16420001340632,32.0,50,2,0.64
-16420001340629,50.0,50,3,1.0
-16420001340622,81.0,80,1,1.012
-16420001340621,80.67,80,1,1.008
-16420001340620,80.0,80,1,1.0
-16420001340585,53.0,60,4,0.883
-16420001340566,45.0,50,4,0.9
-16420001340561,68.0,70,3,0.971
-16420001340557,31.0,50,6,0.62
-16420001340545,39.575,50,4,0.792
-16420001340516,50.0,50,3,1.0
-16420001340509,42.0,50,6,0.84
-16420001340500,44.0,50,3,0.88
-16420001339185,32.019999999999996,50,5,0.64
-16420001339135,43.0,50,6,0.86
-16420001339132,44.5,50,2,0.89
-16420001339131,47.0,50,2,0.94
-16420001338944,43.0,50,6,0.86
-16420001338943,42.0,50,6,0.84
-16420001338931,24.125,50,6,0.482
-16420001338729,50.0,50,3,1.0
-16420001338689,46.0,50,4,0.92
-16420001338667,23.55,50,6,0.471
-16420001338633,56.725,50,4,1.134
-16420001338534,50.0,50,3,1.0
-16420001338217,57.529999999999994,50,4,1.151
-16420001338153,52.0,50,3,1.04
-16420001338094,42.0,50,5,0.84
-16420001338011,50.04,50,4,1.001
-16420001337920,39.305,50,6,0.786
-16420001337900,27.0,50,3,0.54
-16420001337869,61.0,60,2,1.017
-16420001337820,42.0,50,4,0.84
-16420001337813,43.91,50,4,0.878
-16420001337812,56.0,50,4,1.12
-16420001337807,48.0,50,4,0.96
-16420001337780,47.0,50,3,0.94
-16420001337775,47.0,50,4,0.94
-16420001337757,49.0,50,4,0.98
-16420001337751,52.0,50,2,1.04
-16420001337748,57.0,50,4,1.14
-16420001337737,62.6,50,2,1.252
-16420001337728,47.0,50,4,0.94
-16420001337692,34.0,50,5,0.68
-16420001337691,57.0,50,4,1.14
-16420001337690,56.515,50,4,1.13
-16420001337678,45.0,50,6,0.9
-16420001337640,46.055,50,4,0.921
-16420001337632,34.45,50,6,0.689
-16420001337631,35.0,50,5,0.7
-16420001337627,47.0,50,2,0.94
-16420001337562,40.0,50,2,0.8
-16420001337544,40.0,50,6,0.8
-16420001337541,50.539999999999985,50,2,1.011
-16420001337500,57.849999999999994,90,2,0.643
-16420001337499,59.0,90,2,0.656
-16420001337491,53.0,50,3,1.06
-16420001337470,45.0,50,5,0.9
-16420001337466,37.39999999999998,50,4,0.748
-16420001337438,43.04999999999998,50,6,0.861
-16420001337429,57.0,50,4,1.14
-16420001337413,30.0,50,4,0.6
-16420001337400,54.0,50,4,1.08
-16420001337399,50.0,50,4,1.0
-16420001337398,51.38999999999999,90,2,0.571
-16420001337382,36.0,50,2,0.72
-16420001337380,35.2,50,6,0.704
-16420001337377,61.035000000000004,60,2,1.017
-16420001337376,58.435,60,2,0.974
-16420001337369,48.0,50,4,0.96
-16420001337341,56.0,50,2,1.12
-16420001337340,45.919999999999995,50,4,0.918
-16420001337325,48.0,50,3,0.96
-16420001337310,40.0,30,5,1.333
-16420001337269,49.0,50,4,0.98
-16420001337259,59.0,90,2,0.656
-16420001337258,44.0,50,5,0.88
-16420001337248,57.0,60,2,0.95
-16420001337237,49.0,50,4,0.98
-16420001337165,41.0,30,5,1.367
-16420001337146,46.0,50,4,0.92
-16420001337141,29.0,50,3,0.58
-16420001337140,46.9,50,5,0.938
-16420001337139,52.3,50,5,1.046
-16420001337119,37.0,50,6,0.74
-16420001337108,45.0,50,3,0.9
-16420001337107,41.0,50,3,0.82
-16420001337100,32.0,50,4,0.64
-16420001337099,34.0,30,4,1.133
-16420001337098,32.0,50,4,0.64
-16420001337097,34.934999999999995,50,4,0.699
-16420001337087,32.540000000000006,50,5,0.651
-16420001337082,21.270000000000003,50,2,0.425
-16420001337069,58.0,50,3,1.16
-16420001337068,59.0,50,3,1.18
-16420001337065,56.085,50,2,1.122
-16420001337058,52.5,50,3,1.05
-16420001337056,53.0,50,3,1.06
-16420001337054,52.045,50,3,1.041
-16420001337050,56.1,50,4,1.122
-16420001337046,17.71,50,6,0.354
-16420001337039,43.0,50,4,0.86
-16420001331218,37.0,30,6,1.233
-16420001331026,26.92499999999999,50,6,0.538
-16420001330863,42.0,50,6,0.84
-16420001330798,26.545,30,6,0.885
-16420001330761,45.540000000000006,50,4,0.911
-16420001330598,22.05,30,6,0.735
-16420001330572,56.9,50,4,1.138
-16420001330430,46.0,60,2,0.767
-16420001330268,52.0,50,4,1.04
-16420001330246,58.31,50,5,1.166
-16420001330098,62.0,50,5,1.24
-16420001329490,74.0,50,2,1.48
-16420001329443,38.0,30,6,1.267
-16420001329423,41.0,50,6,0.82
-16420001329355,45.160000000000004,50,4,0.903
-16420001329318,39.0,50,4,0.78
-16420001329211,57.0,50,2,1.14
-16420001329210,61.92999999999999,30,2,2.064
-16420001329209,49.6,50,2,0.992
-16420001329197,32.0,50,6,0.64
-16420001329188,45.294999999999995,50,4,0.906
-16420001329153,59.410000000000004,50,2,1.188
-16420001329080,53.02,50,3,1.06
-16420001328997,57.0,50,2,1.14
-16420001328773,59.0,50,2,1.18
-16420001328763,57.555,50,3,1.151
-16420001328751,30.16999999999999,30,5,1.006
-16420001328599,53.2,50,3,1.064
-16420001328572,43.2,50,2,0.864
-16420001328432,80.0,100,1,0.8
-16420001328413,22.299999999999997,50,6,0.446
-16420001328239,58.0,50,4,1.16
-16420001328225,28.334999999999997,50,4,0.567
-16420001328189,49.2,50,2,0.984
-16420001328150,60.0,50,3,1.2
-16420001328051,75.0,50,3,1.5
-16420001328042,75.17999999999999,50,3,1.504
-16420001327896,52.0,50,4,1.04
-16420001327859,35.475,30,5,1.182
-16420001327808,56.0,50,4,1.12
-16420001327719,60.0,60,2,1.0
-16420001327637,46.0,50,4,0.92
-16420001327578,18.0,50,6,0.36
-16420001327568,63.0,60,2,1.05
-16420001327567,50.019999999999996,60,2,0.834
-16420001327566,41.0,50,2,0.82
-16420001327552,67.5,60,2,1.125
-16420001327530,49.78,50,4,0.996
-16420001327400,44.515,50,2,0.89
-16420001327195,46.48,50,4,0.93
-16420001327157,69.0,60,2,1.15
-16420001327151,65.0,60,2,1.083
-16420001327128,36.0,30,6,1.2
-16420001327084,35.599999999999994,30,6,1.187
-16420001327050,47.0,50,3,0.94
-16420001327043,55.0,50,4,1.1
-16420001326952,56.129999999999995,50,4,1.123
-16420001326934,61.0,50,2,1.22
-16420001326908,34.0,30,2,1.133
-16420001326870,45.0,40,4,1.125
-16420001326843,34.04,50,5,0.681
-16420001326655,38.425000000000004,50,6,0.769
-16420001326575,34.0,50,6,0.68
-16420001326532,52.05,50,4,1.041
-16420001326511,16.0,50,6,0.32
-16420001326394,36.5,50,1,0.73
-16420001326230,56.0,50,3,1.12
-16420001326183,24.0,50,6,0.48
-16420001326123,51.0,50,2,1.02
-16420001326122,43.0,50,2,0.86
-16420001326119,42.0,50,2,0.84
-16420001326118,45.0,50,2,0.9
-16420001326117,52.0,50,2,1.04
-16420001326116,40.065,60,2,0.668
-16420001326091,55.7,50,4,1.114
-16420001326046,13.0,50,6,0.26
-16420001326043,35.0,50,6,0.7
-16420001326040,36.0,30,2,1.2
-16420001326013,52.0,50,4,1.04
-16420001325876,51.0,60,2,0.85
-16420001325875,29.05,30,5,0.968
-16420001325840,45.3,30,5,1.51
-16420001325808,34.1,30,6,1.137
-16420001325757,57.0,50,2,1.14
-16420001325730,58.9,50,4,1.178
-16420001325667,55.3,60,2,0.922
-16420001325552,26.0,50,6,0.52
-16420001325536,62.0,30,2,2.067
-16420001325524,67.0,60,2,1.117
-16420001325423,80.0,50,3,1.6
-16420001325400,45.0,50,4,0.9
-16420001325397,52.2,50,4,1.044
-16420001325394,51.935,50,2,1.039
-16420001325333,72.77000000000001,60,2,1.213
-16420001325318,70.0,40,2,1.75
-16420001325300,28.955,50,6,0.579
-16420001325280,60.0,60,2,1.0
-16420001325265,58.0,50,3,1.16
-16420001325200,68.0,60,2,1.133
-16420001325183,57.0,50,3,1.14
-16420001325174,37.0,30,4,1.233
-16420001325142,53.9,50,3,1.078
-16420001325123,18.0,50,6,0.36
-16420001325118,67.415,60,2,1.124
-16420001325105,41.894999999999996,60,2,0.698
-16420001325100,25.0,30,2,0.833
-16420001325064,38.61999999999999,50,4,0.772
-16420001325005,32.45,50,6,0.649
-16420001325001,47.85,50,3,0.957
-16420001324909,60.0,20,3,3.0
-16420001324584,49.0,30,4,1.633
-16420001324544,52.0,50,4,1.04
-16420001324528,48.0,50,2,0.96
-16420001324522,50.0,60,2,0.833
-16420001324476,36.0,50,4,0.72
-16420001324455,45.52999999999999,50,5,0.911
-16420001324411,53.0,60,2,0.883
-16420001324390,52.0,60,4,0.867
-16420001324389,53.0,60,4,0.883
-16420001324339,38.0,50,6,0.76
-16420001324303,46.0,50,3,0.92
-16420001324302,47.0,50,3,0.94
-16420001324262,66.0,50,1,1.32
-16420001324227,57.0,50,2,1.14
-16420001324135,58.0,60,2,0.967
-16420001324109,53.105000000000004,60,2,0.885
-16420001324019,42.585,30,5,1.42
-16420001324006,44.67999999999999,30,5,1.489
-16420001323997,31.26,50,6,0.625
-16420001323992,63.77,50,1,1.275
-16420001323983,75.33500000000001,80,1,0.942
-16420001323982,81.55000000000001,30,1,2.718
-16420001323981,72.17,70,1,1.031
-16420001323980,57.0,50,1,1.14
-16420001323973,45.0,50,1,0.9
-16420001323959,70.0,70,1,1.0
-16420001323955,66.0,50,1,1.32
-16420001323950,87.0,50,1,1.74
-16420001323939,82.25,50,1,1.645
-16420001323933,74.625,50,1,1.492
-16420001323920,86.47000000000001,50,1,1.729
-16420001323907,72.0,50,3,1.44
-16420001323902,58.150000000000006,50,3,1.163
-16420001323882,61.0,50,5,1.22
-16420001323878,58.4,50,5,1.168
-16420001323829,57.835,50,2,1.157
-16420001323750,45.0,30,5,1.5
-16420001323719,31.0,50,1,0.62
-16420001323705,38.0,50,6,0.76
-16420001323606,43.0,50,4,0.86
-16420001323605,48.2,50,4,0.964
-16420001323604,36.0,50,4,0.72
-16420001323602,47.0,50,4,0.94
-16420001323599,40.690000000000005,50,4,0.814
-16420001323582,39.0,50,4,0.78
-16420001323560,40.239999999999995,50,6,0.805
-16420001323553,38.0,60,2,0.633
-16420001323551,58.59499999999999,60,2,0.977
-16420001323518,56.0,50,2,1.12
-16420001323504,45.0,50,6,0.9
-16420001323480,29.0,50,6,0.58
-16420001323370,24.015,50,4,0.48
-16420001323302,28.0,50,6,0.56
-16420001323250,59.3,50,3,1.186
-16420001323093,62.705,50,4,1.254
-16420001323079,56.25999999999999,50,2,1.125
-16420001323030,53.349999999999994,50,2,1.067
-16420001323029,54.0,50,2,1.08
-16420001323014,45.725,60,2,0.762
-16420001322995,56.0,60,2,0.933
-16420001322966,56.0,50,2,1.12
-16420001322965,45.0,50,4,0.9
-16420001322957,54.335,50,2,1.087
-16420001322946,37.7,50,4,0.754
-16420001322915,40.0,50,6,0.8
-16420001322844,44.1,50,6,0.882
-16420001322841,60.0,50,4,1.2
-16420001322805,28.054999999999996,24,2,1.169
-16420001322777,30.0,25,2,1.2
-16420001322774,62.21999999999999,50,3,1.244
-16420001322773,51.0,50,3,1.02
-16420001322772,48.525,50,3,0.97
-16420001322771,50.044999999999995,50,3,1.001
-16420001322770,65.0,50,3,1.3
-16420001322758,47.0,60,2,0.783
-16420001322730,57.0,50,2,1.14
-16420001322719,28.0,50,6,0.56
-16420001322718,56.0,50,3,1.12
-16420001322717,56.0,50,3,1.12
-16420001322699,60.73500000000001,30,2,2.025
-16420001322660,47.3,50,2,0.946
-16420001322647,41.0,40,2,1.025
-16420001322646,35.0,50,2,0.7
-16420001322645,44.3,50,2,0.886
-16420001322612,36.0,30,2,1.2
-16420001321892,22.4,50,6,0.448
-16420001321873,27.0,50,6,0.54
-16420001321426,40.910000000000004,50,5,0.818
-16420001321399,33.0,50,6,0.66
-16420001321333,59.23,50,5,1.185
-16420001321212,54.0,50,3,1.08
-16420001321107,45.2,50,5,0.904
-16420001321046,22.0,50,6,0.44
-16420001320928,48.0,50,4,0.96
-16420001320756,50.0,50,5,1.0
-16420001320689,62.0,50,5,1.24
-16420001320490,56.0,50,4,1.12
-16420001320453,39.0,50,4,0.78
-16420001320324,62.0,30,2,2.067
-16420001320301,34.725,30,5,1.158
-16420001320272,57.0,50,4,1.14
-16420001320232,41.155,50,4,0.823
-16420001320136,58.0,50,3,1.16
-16420001320135,58.9,50,3,1.178
-16420001320134,61.0,50,3,1.22
-16420001320124,67.0,50,4,1.34
-16420001319888,33.0,50,6,0.66
-16420001319880,43.0,50,4,0.86
-16420001319715,27.0,50,6,0.54
-16420001319676,31.0,50,6,0.62
-16420001319644,28.0,30,6,0.933
-16420001319554,62.0,30,2,2.067
-16420001319505,48.0,50,4,0.96
-16420001319493,20.0,50,6,0.4
-16420001319475,22.18,50,6,0.444
-16420001319400,49.0,60,2,0.817
-16420001319365,49.6,50,4,0.992
-16420001319344,54.61999999999998,50,3,1.092
-16420001319343,47.56,50,3,0.951
-16420001319341,58.0,50,3,1.16
-16420001319329,61.0,50,3,1.22
-16420001319317,57.0,50,4,1.14
-16420001319315,59.0,50,3,1.18
-16420001319296,56.0,50,3,1.12
-16420001319280,46.5,50,4,0.93
-16420001319276,55.0,50,4,1.1
-16420001319250,46.0,50,4,0.92
-16420001319224,57.0,50,3,1.14
-16420001319201,48.46,50,5,0.969
-16420001319200,44.0,50,5,0.88
-16420001319183,24.685,50,6,0.494
-16420001319171,38.18,50,4,0.764
-16420001319170,38.0,50,4,0.76
-16420001319152,50.0,50,4,1.0
-16420001319140,56.0,50,4,1.12
-16420001319086,56.0,50,4,1.12
-16420001319068,29.0,50,6,0.58
-16420001319059,54.45,60,2,0.908
-16420001319028,55.0,50,4,1.1
-16420001319027,58.14,50,4,1.163
-16420001319026,57.7,50,4,1.154
-16420001318995,58.0,50,3,1.16
-16420001318975,49.0,50,4,0.98
-16420001318894,52.0,50,3,1.04
-16420001318847,51.0,50,4,1.02
-16420001318846,51.025,50,4,1.02
-16420001318832,38.01,50,4,0.76
-16420001318828,26.0,50,5,0.52
-16420001318823,55.015,50,5,1.1
-16420001318793,34.0,30,6,1.133
-16420001318767,57.0,50,4,1.14
-16420001318721,52.0,50,3,1.04
-16420001318696,38.0,50,6,0.76
-16420001318693,42.625,50,6,0.852
-16420001318686,42.0,30,4,1.4
-16420001318667,40.14,50,4,0.803
-16420001318654,55.0,50,3,1.1
-16420001318564,48.0,50,4,0.96
-16420001318552,57.8,50,3,1.156
-16420001318543,32.559999999999995,30,4,1.085
-16420001318512,37.790000000000006,50,4,0.756
-16420001318499,46.3,50,5,0.926
-16420001318498,47.0,30,5,1.567
-16420001318497,49.0,30,5,1.633
-16420001318485,51.0,50,5,1.02
-16420001318484,56.0,50,5,1.12
-16420001318483,53.0,50,5,1.06
-16420001318482,59.0,50,5,1.18
-16420001318460,47.190000000000005,30,5,1.573
-16420001318456,52.0,50,3,1.04
-16420001318451,51.0,50,4,1.02
-16420001318450,33.0,50,5,0.66
-16420001318449,42.6,50,5,0.852
-16420001318442,25.0,30,6,0.833
-16420001318192,24.56,50,6,0.491
-16420001317315,25.0,50,2,0.5
-16420001317307,15.0,50,3,0.3
-16420001316898,59.0,50,2,1.18
-16420001316859,49.324999999999996,50,2,0.986
-16420001316769,58.0,50,3,1.16
-16420001316748,58.7,50,2,1.174
-16420001316711,48.0,50,6,0.96
-16420001316685,47.0,50,6,0.94
-16420001316663,58.84499999999999,50,3,1.177
-16420001316661,56.0,50,2,1.12
-16420001316630,32.03,50,6,0.641
-16420001316567,60.150000000000006,60,2,1.003
-16420001316559,40.825,50,3,0.816
-16420001316435,45.0,50,6,0.9
-16420001316359,30.0,50,4,0.6
-16420001316283,89.0,80,2,1.112
-16420001316282,87.0,80,2,1.088
-16420001316191,56.0,50,3,1.12
-16420001316190,52.51999999999996,50,3,1.05
-16420001316143,50.0,50,3,1.0
-16420001316109,36.0,50,3,0.72
-16420001316108,58.0,30,2,1.933
-16420001316107,55.849999999999994,50,3,1.117
-16420001316003,61.0,60,2,1.017
-16420001315983,60.0,50,2,1.2
-16420001315942,33.0,50,4,0.66
-16420001315941,32.6,50,4,0.652
-16420001315922,48.0,50,6,0.96
-16420001315910,19.0,30,4,0.633
-16420001315898,59.0,50,4,1.18
-16420001315883,34.0,50,4,0.68
-16420001315882,31.705000000000002,50,4,0.634
-16420001315843,43.21000000000001,50,2,0.864
-16420001315835,63.0,50,2,1.26
-16420001315832,61.0,50,2,1.22
-16420001315829,25.0,30,4,0.833
-16420001315782,34.0,30,3,1.133
-16420001315727,42.0,50,2,0.84
-16420001315680,55.0,50,3,1.1
-16420001315655,50.0,50,3,1.0
-16420001315647,31.15,50,6,0.623
-16420001315631,61.0,60,2,1.017
-16420001315630,59.42999999999999,50,2,1.189
-16420001315448,38.0,50,2,0.76
-16420001315391,54.71499999999999,50,3,1.094
-16420001315332,37.0,50,4,0.74
-16420001315331,32.150000000000006,50,4,0.643
-16420001315311,30.0,50,4,0.6
-16420001315287,38.879999999999995,50,4,0.778
-16420001315286,44.0,50,4,0.88
-16420001315272,60.4,50,4,1.208
-16420001315234,44.0,50,3,0.88
-16420001315233,43.6,50,3,0.872
-16420001315232,43.655,50,3,0.873
-16420001315231,43.655,50,3,0.873
-16420001315104,61.0,50,4,1.22
-16420001315103,33.0,50,4,0.66
-16420001315082,50.0,50,3,1.0
-16420001315081,26.190000000000005,50,6,0.524
-16420001315025,55.0,50,2,1.1
-16420001314991,31.0,50,5,0.62
-16420001314990,51.0,60,2,0.85
-16420001314989,55.0,60,2,0.917
-16420001313878,26.0,60,3,0.433
-16420001313811,65.0,50,3,1.3
-16420001313807,43.789999999999985,60,3,0.73
-16420001313782,48.015,50,4,0.96
-16420001313753,41.0,50,3,0.82
-16420001313752,38.1,50,3,0.762
-16420001313750,34.0,30,5,1.133
-16420001313744,45.4,50,3,0.908
-16420001313701,38.0,50,4,0.76
-16420001313700,36.0,50,4,0.72
-16420001313684,22.720000000000006,30,5,0.757
-16420001313665,51.0,60,4,0.85
-16420001313647,40.80999999999998,50,4,0.816
-16420001313621,51.0,50,3,1.02
-16420001313617,23.0,30,6,0.767
-16420001313615,28.0,50,4,0.56
-16420001313606,45.029999999999994,50,4,0.901
-16420001313605,34.769999999999996,50,4,0.695
-16420001313604,39.0,50,4,0.78
-16420001313597,38.985,50,4,0.78
-16420001313595,48.0,50,4,0.96
-16420001313586,27.5,50,3,0.55
-16420001313585,29.7,50,3,0.594
-16420001313569,42.0,50,4,0.84
-16420001313565,35.0,50,4,0.7
-16420001313564,43.0,50,4,0.86
-16420001313557,29.479999999999972,60,3,0.491
-16420001313554,34.9,60,3,0.582
-16420001313550,48.0,50,3,0.96
-16420001313543,23.0,30,6,0.767
-16420001313526,30.0,30,4,1.0
-16420001313510,48.285000000000004,50,4,0.966
-16420001313501,34.0,50,4,0.68
-16420001313500,27.0,50,4,0.54
-16420001313498,53.0,50,4,1.06
-16420001313491,37.0,50,4,0.74
-16420001313479,47.0,60,4,0.783
-16420001313477,34.0,50,4,0.68
-16420001313471,30.0,50,4,0.6
-16420001313466,38.0,50,4,0.76
-16420001313446,19.27999999999999,50,5,0.386
-16420001313443,55.0,50,4,1.1
-16420001313442,55.19499999999999,50,4,1.104
-16420001313434,24.639999999999986,50,4,0.493
-16420001313433,36.544999999999995,50,3,0.731
-16420001313427,34.0,50,4,0.68
-16420001313426,40.405,50,4,0.808
-16420001313425,29.139999999999997,50,6,0.583
-16420001313420,18.0,50,4,0.36
-16420001313417,46.0,50,3,0.92
-16420001313379,55.0,50,3,1.1
-16420001313371,48.0,30,1,1.6
-16420001313357,41.1,50,4,0.822
-16420001313347,19.0,50,4,0.38
-16420001313342,46.0,50,4,0.92
-16420001313336,49.0,60,2,0.817
-16420001313335,21.0,60,2,0.35
-16420001313332,37.0,30,4,1.233
-16420001313330,65.0,50,3,1.3
-16420001313327,64.0,50,3,1.28
-16420001313323,29.0,30,4,0.967
-16420001313311,41.0,50,5,0.82
-16420001313309,37.650000000000006,50,4,0.753
-16420001313307,24.0,50,3,0.48
-16420001313306,40.0,50,3,0.8
-16420001313298,45.0,50,4,0.9
-16420001313297,22.0,50,5,0.44
-16420001313294,37.0,50,3,0.74
-16420001313293,26.65,50,3,0.533
-16420001313292,43.0,50,4,0.86
-16420001313289,60.63,50,4,1.213
-16420001313280,53.2,60,2,0.887
-16420001313279,52.0,60,2,0.867
-16420001313278,49.0,60,2,0.817
-16420001313274,36.235,50,5,0.725
-16420001313273,25.0,50,5,0.5
-16420001313272,50.745,50,4,1.015
-16420001313269,37.0,50,3,0.74
-16420001313268,44.36999999999999,50,3,0.887
-16420001313267,31.204999999999995,50,3,0.624
-16420001313260,59.915,50,4,1.198
-16420001313252,29.0,30,4,0.967
-16420001313203,23.0,30,4,0.767
-16420001313199,40.0,50,4,0.8
-16420001313198,44.0,50,4,0.88
-16420001313196,36.2,40,2,0.905
-16420001313194,36.0,40,2,0.9
-16420001313193,31.0,30,2,1.033
-16420001313192,43.0,50,3,0.86
-16420001313191,44.459999999999994,50,3,0.889
-16420001313189,36.0,50,6,0.72
-16420001313185,55.9,50,4,1.118
-16420001313184,57.0,50,4,1.14
-16420001313165,35.99499999999999,50,3,0.72
-16420001311945,75.0,50,1,1.5
-16420001311893,71.05,50,1,1.421
-16420001311806,39.0,30,6,1.3
-16420001311545,57.8,50,1,1.156
-16420001310988,35.985,50,3,0.72
-16420001310885,52.0,50,4,1.04
-16420001310793,49.0,50,4,0.98
-16420001310726,42.07,50,4,0.841
-16420001310625,58.0,60,4,0.967
-16420001310499,28.4,50,3,0.568
-16420001310370,40.0,50,2,0.8
-16420001310284,73.50999999999999,50,3,1.47
-16420001310282,42.239999999999995,50,3,0.845
-16420001310281,45.0,50,3,0.9
-16420001310209,59.0,50,2,1.18
-16420001310208,59.75,50,2,1.195
-16420001310207,66.0,50,2,1.32
-16420001310136,58.0,50,2,1.16
-16420001310134,45.0,50,4,0.9
-16420001310040,25.1,30,6,0.837
-16420001309962,57.464999999999996,50,2,1.149
-16420001309796,51.0,60,4,0.85
-16420001309551,51.940000000000005,50,4,1.039
-16420001309466,44.285,50,4,0.886
-16420001309463,64.65,50,1,1.293
-16420001309308,46.0,50,2,0.92
-16420001309222,31.0,50,2,0.62
-16420001309104,63.165,50,2,1.263
-16420001308944,77.0,50,3,1.54
-16420001308865,31.91,50,6,0.638
-16420001308821,57.0,50,2,1.14
-16420001308626,40.0,50,4,0.8
-16420001308065,55.0,60,2,0.917
-16420001307979,47.0,60,2,0.783
-16420001307792,19.0,18,2,1.056
-16420001307790,37.0,50,5,0.74
-16420001307789,31.0,50,5,0.62
-16420001307780,48.004999999999995,60,3,0.8
-16420001307779,36.7,60,3,0.612
-16420001307762,59.0,50,3,1.18
-16420001307761,50.0,30,3,1.667
-16420001307760,51.0,30,3,1.7
-16420001307754,59.0,50,3,1.18
-16420001307675,35.11000000000001,18,2,1.951
-16420001307669,47.0,50,3,0.94
-16420001307668,58.0,50,3,1.16
-16420001307667,60.0,30,3,2.0
-16420001307666,53.0,30,3,1.767
-16420001307665,59.985,30,3,2.0
-16420001307664,55.0,30,3,1.833
-16420001307662,59.055,50,3,1.181
-16420001307660,50.0,50,3,1.0
-16420001307659,49.0,50,3,0.98
-16420001307635,42.0,50,3,0.84
-16420001307546,49.0,60,2,0.817
-16420001307544,47.0,60,2,0.783
-16420001307543,51.789999999999985,60,2,0.863
-16420001307542,45.0,60,2,0.75
-16420001307537,51.145,50,3,1.023
-16420001306939,55.08,50,1,1.102
-16420001306938,53.0,50,1,1.06
-16420001306912,50.31,50,4,1.006
-16420001306835,43.1,50,6,0.862
-16420001306732,47.05,50,1,0.941
-16420001306692,29.0,50,2,0.58
-16420001306572,36.0,50,1,0.72
-16420001306482,40.0,50,1,0.8
-16420001306478,44.74999999999999,50,6,0.895
-16420001306425,57.0,50,2,1.14
-16420001306424,40.0,50,2,0.8
-16420001306323,32.0,50,2,0.64
-16420001305824,26.4,50,6,0.528
-16420001305681,29.0,50,6,0.58
-16420001305662,25.145,50,6,0.503
-16420001305591,21.2,30,6,0.707
-16420001305530,19.65,30,6,0.655
-16420001305518,62.504999999999995,60,4,1.042
-16420001305382,21.55,30,6,0.718
-16420001305372,33.0,60,2,0.55
-16420001305364,39.72,50,6,0.794
-16420001305346,43.04,50,6,0.861
-16420001305343,32.0,50,6,0.64
-16420001305327,42.0,60,4,0.7
-16420001305310,64.60499999999999,60,4,1.077
-16420001305302,24.0,50,6,0.48
-16420001305270,49.0,50,3,0.98
-16420001305263,31.4,50,6,0.628
-16420001305256,71.7,50,3,1.434
-16420001305254,54.0,50,3,1.08
-16420001305252,67.0,50,4,1.34
-16420001305251,24.345000000000002,50,6,0.487
-16420001305244,54.0,50,4,1.08
-16420001305243,61.959999999999994,50,4,1.239
-16420001305212,71.1,50,3,1.422
-16420001305172,46.985,50,3,0.94
-16420001305150,43.0,50,6,0.86
-16420001305143,41.0,50,6,0.82
-16420001305119,53.0,50,4,1.06
-16420001305082,41.33999999999998,40,4,1.033
-16420001305074,32.0,30,6,1.067
-16420001305072,27.279999999999998,30,6,0.909
-16420001305056,24.1,50,6,0.482
-16420001305018,39.0,40,4,0.975
-16420001305017,34.85999999999999,50,4,0.697
-16420001305013,53.879999999999995,50,3,1.078
-16420001305003,29.419999999999995,50,6,0.588
-16420001304972,26.0,30,6,0.867
-16420001304970,51.150000000000006,50,4,1.023
-16420001304962,46.0,50,6,0.92
-16420001304959,43.0,50,6,0.86
-16420001304957,62.6,50,4,1.252
-16420001304938,32.0,60,2,0.533
-16420001304925,51.0,50,4,1.02
-16420001304924,53.0,50,4,1.06
-16420001304645,63.435,50,2,1.269
-16420001304638,92.57000000000001,80,2,1.157
-16420001304519,61.0,60,2,1.017
-16420001304518,61.0,60,2,1.017
-16420001304495,56.0,60,4,0.933
-16420001304494,55.0,60,4,0.917
-16420001304488,56.4,60,4,0.94
-16420001304450,68.0,40,2,1.7
-16420001301631,16.919999999999998,50,6,0.338
-16420001301567,25.900000000000006,50,6,0.518
-16420001301494,39.0,50,4,0.78
-16420001301292,66.0,50,3,1.32
-16420001301291,66.0,50,3,1.32
-16420001301278,44.0,50,2,0.88
-16420001301242,30.0,50,4,0.6
-16420001301230,30.64,50,4,0.613
-16420001301229,18.339999999999996,50,5,0.367
-16420001301221,20.0,50,3,0.4
-16420001301169,20.305,50,4,0.406
-16420001301164,54.0,50,3,1.08
-16420001301137,42.55,50,4,0.851
-16420001301122,42.0,50,2,0.84
-16420001301121,43.0,50,2,0.86
-16420001301114,51.0,50,2,1.02
-16420001301112,40.0,50,4,0.8
-16420001301081,32.540000000000006,50,4,0.651
-16420001301069,41.2,50,5,0.824
-16420001301065,45.125,50,4,0.902
-16420001301058,37.0,50,6,0.74
-16420001301054,28.979999999999997,50,5,0.58
-16420001300976,68.0,50,3,1.36
-16420001300974,45.0,50,2,0.9
-16420001300973,45.0,50,2,0.9
-16420001300971,20.825,50,4,0.416
-16420001300943,40.0,50,5,0.8
-16420001300918,40.2,50,4,0.804
-16420001300917,47.2,50,4,0.944
-16420001300907,36.0,50,4,0.72
-16420001300903,40.1,60,4,0.668
-16420001300872,45.0,50,3,0.9
-16420001300840,54.879999999999995,60,3,0.915
-16420001300839,53.0,60,2,0.883
-16420001300817,45.86,50,4,0.917
-16420001300809,48.89499999999999,50,2,0.978
-16420001300806,45.0,60,2,0.75
-16420001300798,29.0,50,4,0.58
-16420001300793,22.0,50,5,0.44
-16420001300790,27.0,30,4,0.9
-16420001300789,55.0,60,3,0.917
-16420001300779,32.0,60,4,0.533
-16420001300774,27.609999999999996,30,4,0.92
-16420001300762,24.660000000000004,50,6,0.493
-16420001300737,29.150000000000006,30,4,0.972
-16420001300724,30.0,50,4,0.6
-16420001300720,38.0,50,5,0.76
-16420001300705,45.0,50,3,0.9
-16420001300697,37.0,30,4,1.233
-16420001300693,43.0,50,3,0.86
-16420001300669,12.0,60,2,0.2
-16420001300663,30.0,50,4,0.6
-16420001300662,20.07,50,4,0.401
-16420001300661,55.94,60,3,0.932
-16420001300652,39.894999999999996,50,4,0.798
-16420001300651,40.0,30,2,1.333
-16420001300612,31.0,50,5,0.62
-16420001300603,48.0,50,4,0.96
-16420001300592,34.0,30,4,1.133
-16420001300568,21.0,50,6,0.42
-16420001300560,20.8,50,5,0.416
-16420001300548,38.0,50,4,0.76
-16420001300547,51.25,30,2,1.708
-16420001300525,31.0,50,5,0.62
-16420001300497,35.0,50,5,0.7
-16420001300496,48.0,50,4,0.96
-16420001300494,42.69,50,4,0.854
-16420001300492,42.0,50,4,0.84
-16420001300487,32.0,50,6,0.64
-16420001300486,24.0,50,5,0.48
-16420001300472,45.639999999999986,50,2,0.913
-16420001300469,45.0,50,3,0.9
-16420001300466,38.0,50,4,0.76
-16420001300465,38.0,50,3,0.76
-16420001300464,41.44499999999999,50,3,0.829
-16420001300452,41.339999999999996,50,4,0.827
-16420001300450,34.0,50,4,0.68
-16420001300448,52.0,50,2,1.04
-16420001300410,52.65999999999999,50,4,1.053
-16420001300407,46.0,50,4,0.92
-16420001300390,48.0,50,2,0.96
-16420001300369,40.0,60,2,0.667
-16420001300366,41.88999999999999,50,5,0.838
-16420001300365,43.089999999999996,50,5,0.862
-16420001300353,53.69499999999999,60,2,0.895
-16420001300348,25.0,50,4,0.5
-16420001300346,36.0,50,3,0.72
-16420001300343,40.0,50,4,0.8
-16420001300342,37.214999999999996,50,4,0.744
-16420001300341,47.919999999999995,50,4,0.958
-16420001300337,54.0,50,3,1.08
-16420001300313,46.0,50,4,0.92
-16420001300300,28.0,50,6,0.56
-16420001300299,50.7,50,2,1.014
-16420001300296,55.0,50,4,1.1
-16420001300290,28.104999999999997,50,2,0.562
-16420001300289,43.3,50,2,0.866
-16420001300280,35.5,50,4,0.71
-16420001300276,56.57999999999998,50,2,1.132
-16420001300275,57.0,50,2,1.14
-16420001300256,29.0,50,2,0.58
-16420001300253,53.0,60,2,0.883
-16420001300249,29.0,60,2,0.483
-16420001300248,42.0,50,2,0.84
-16420001300247,44.0,50,2,0.88
-16420001300243,37.0,50,2,0.74
-16420001300242,39.0,50,4,0.78
-16420001300241,24.175,50,4,0.484
-16420001300233,23.0,50,4,0.46
-16420001300226,45.0,50,3,0.9
-16420001300220,35.5,50,4,0.71
-16420001300186,42.0,50,2,0.84
-16420001300176,25.345,50,4,0.507
-16420001300167,23.9,50,4,0.478
-16420001300154,19.6,30,6,0.653
-16420001300150,23.005,50,4,0.46
-16420001300131,34.0,50,5,0.68
-16420001300127,48.0,50,2,0.96
-16420001300116,43.0,50,5,0.86
-16420001300098,49.0,50,3,0.98
-16420001300091,31.0,50,2,0.62
-16420001300090,53.15,60,2,0.886
-16420001300086,39.97,50,4,0.799
-16420001300063,49.5,50,4,0.99
-16420001300062,39.0,50,4,0.78
-16420001300049,26.28,50,4,0.526
-16420001300047,50.0,50,2,1.0
-16420001300015,52.0,50,4,1.04
-16420001300010,31.404999999999994,50,2,0.628
-16420001300008,40.0,50,2,0.8
-16420001299994,38.0,60,2,0.633
-16420001299970,37.0,50,2,0.74
-16420001299967,32.375,50,4,0.648
-16420001299965,27.0,30,6,0.9
-16420001299964,17.0,50,5,0.34
-16420001299959,35.045,50,6,0.701
-16420001299955,27.07,50,5,0.541
-16420001299946,48.0,60,2,0.8
-16420001299940,38.0,50,6,0.76
-16420001299932,46.48,50,4,0.93
-16420001299931,45.0,30,4,1.5
-16420001299926,57.0,60,2,0.95
-16420001299923,48.0,60,3,0.8
-16420001299908,50.139999999999986,50,2,1.003
-16420001299907,47.76999999999999,50,4,0.955
-16420001299873,47.0,50,3,0.94
-16420001299872,45.0,50,3,0.9
-16420001299871,48.0,50,3,0.96
-16420001299870,45.14,50,3,0.903
-16420001299867,25.0,50,5,0.5
-16420001299863,47.959999999999994,50,4,0.959
-16420001299859,37.8,50,4,0.756
-16420001299853,31.0,50,4,0.62
-16420001299826,33.0,50,4,0.66
-16420001299824,35.0,50,6,0.7
-16420001299818,30.984999999999996,50,4,0.62
-16420001299784,25.71999999999998,50,5,0.514
-16420001299777,57.0,50,4,1.14
-16420001299751,26.359999999999996,50,5,0.527
-16420001299744,31.0,50,4,0.62
-16420001299738,43.0,50,2,0.86
-16420001299732,50.0,50,4,1.0
-16420001299723,47.55,50,4,0.951
-16420001299719,48.0,30,4,1.6
-16420001299715,35.0,50,4,0.7
-16420001299704,44.02,50,4,0.88
-16420001299699,34.0,50,3,0.68
-16420001299674,20.0,50,5,0.4
-16420001299646,41.0,50,4,0.82
-16420001299642,34.0,50,4,0.68
-16420001299633,35.0,50,4,0.7
-16420001299629,43.0,50,3,0.86
-16420001299623,60.0,50,3,1.2
-16420001299613,21.0,50,5,0.42
-16420001299610,44.75,50,2,0.895
-16420001299604,33.1,50,5,0.662
-16420001299601,33.714999999999996,50,5,0.674
-16420001299594,17.1,50,5,0.342
-16420001299591,22.45,50,5,0.449
-16420001299588,26.325,50,5,0.526
-16420001299586,42.80499999999999,50,3,0.856
-16420001299579,47.4,50,2,0.948
-16420001299577,39.60000000000001,50,4,0.792
-16420001299575,45.0,50,2,0.9
-16420001299567,30.0,50,4,0.6
-16420001299566,29.05,50,5,0.581
-16420001299546,30.320000000000004,40,4,0.758
-16420001299543,40.0,50,3,0.8
-16420001299539,34.0,50,3,0.68
-16420001299538,50.0,50,3,1.0
-16420001299536,50.0,50,3,1.0
-16420001299535,36.0,50,3,0.72
-16420001299533,45.73,50,3,0.915
-16420001299532,43.0,50,3,0.86
-16420001299522,51.5,50,2,1.03
-16420001299512,24.0,50,4,0.48
-16420001299508,57.294999999999995,30,2,1.91
-16420001299506,43.0,50,5,0.86
-16420001299504,52.2,50,4,1.044
-16420001299503,57.49499999999999,30,2,1.916
-16420001299500,32.0,50,4,0.64
-16420001299493,41.0,50,3,0.82
-16420001299486,43.0,50,4,0.86
-16420001299420,28.624999999999964,50,3,0.572
-16420001299407,63.535000000000004,30,2,2.118
-16420001299393,44.8,50,3,0.896
-16420001299392,42.06,50,3,0.841
-16420001299390,37.2,50,2,0.744
-16420001299388,24.0,50,4,0.48
-16420001299385,47.0,70,3,0.671
-16420001299378,26.139999999999997,30,6,0.871
-16420001299367,31.0,50,4,0.62
-16420001299365,23.0,50,4,0.46
-16420001299361,37.6,50,5,0.752
-16420001299360,32.0,50,5,0.64
-16420001299359,52.0,50,3,1.04
-16420001299358,21.44000000000001,50,6,0.429
-16420001299352,18.694999999999993,40,4,0.467
-16420001299350,38.0,50,4,0.76
-16420001299333,64.2,50,3,1.284
-16420001299330,71.0,70,3,1.014
-16420001299323,34.0,50,4,0.68
-16420001299315,54.0,50,3,1.08
-16420001299314,60.0,50,3,1.2
-16420001299308,52.0,60,2,0.867
-16420001299307,59.9,60,2,0.998
-16420001299275,41.0,50,4,0.82
-16420001299272,28.0,50,4,0.56
-16420001299270,22.0,50,4,0.44
-16420001299268,28.669999999999995,50,4,0.573
-16420001299261,51.0,50,2,1.02
-16420001299244,31.0,50,4,0.62
-16420001299243,59.0,50,2,1.18
-16420001299216,31.0,50,4,0.62
-16420001299215,46.0,50,3,0.92
-16420001299192,30.0,50,4,0.6
-16420001299155,47.0,50,4,0.94
-16420001299139,29.725,50,6,0.594
-16420001299137,54.95,60,2,0.916
-16420001299133,40.0,50,5,0.8
-16420001299126,44.0,50,3,0.88
-16420001299092,30.0,50,2,0.6
-16420001299089,36.0,60,2,0.6
-16420001299086,47.0,50,5,0.94
-16420001299080,55.0,50,4,1.1
-16420001299079,20.0,50,4,0.4
-16420001299074,47.3,50,4,0.946
-16420001299073,19.0,50,4,0.38
-16420001299072,42.3,50,4,0.846
-16420001299071,50.6,50,4,1.012
-16420001299070,42.0,50,4,0.84
-16420001299069,31.0,50,4,0.62
-16420001299067,33.0,50,4,0.66
-16420001299061,38.0,50,4,0.76
-16420001299057,39.315,50,4,0.786
-16420001299053,50.0,50,4,1.0
-16420001299044,39.0,50,4,0.78
-16420001299028,30.0,50,5,0.6
-16420001299027,42.135,50,4,0.843
-16420001299019,21.0,50,6,0.42
-16420001299018,51.0,50,4,1.02
-16420001299017,52.0,50,4,1.04
-16420001299011,32.0,50,5,0.64
-16420001299010,37.0,50,5,0.74
-16420001299009,40.349999999999994,50,5,0.807
-16420001299008,36.0,50,4,0.72
-16420001295228,39.0,50,5,0.78
-16420001295227,47.0,50,4,0.94
-16420001295179,56.0,50,2,1.12
-16420001295163,45.0,50,5,0.9
-16420001295153,45.0,50,5,0.9
-16420001295148,27.0,30,6,0.9
-16420001295059,39.0,50,4,0.78
-16420001295048,30.0,50,3,0.6
-16420001295025,47.0,50,3,0.94
-16420001295011,49.0,90,3,0.544
-16420001295007,38.0,50,4,0.76
-16420001294993,32.56,50,4,0.651
-16420001294983,33.5,50,4,0.67
-16420001294982,46.0,50,4,0.92
-16420001294978,40.0,50,4,0.8
-16420001294967,36.0,50,5,0.72
-16420001294965,50.394999999999996,50,4,1.008
-16420001294952,42.0,50,5,0.84
-16420001294948,42.0,50,5,0.84
-16420001294946,44.0,50,5,0.88
-16420001294943,25.0,30,6,0.833
-16420001294826,57.44499999999999,50,3,1.149
-16420001294822,30.169999999999995,50,4,0.603
-16420001294821,51.35999999999999,50,4,1.027
-16420001294820,25.0,50,4,0.5
-16420001294817,32.3,50,5,0.646
-16420001294815,33.0,50,5,0.66
-16420001294814,33.230000000000004,50,4,0.665
-16420001294812,41.51,50,5,0.83
-16420001294811,44.0,50,4,0.88
-16420001294810,40.0,50,4,0.8
-16420001294809,37.6,50,4,0.752
-16420001294808,36.0,50,4,0.72
-16420001294806,46.0,50,5,0.92
-16420001294720,45.0,50,3,0.9
-16420001294701,52.0,50,5,1.04
-16420001294692,59.0,50,3,1.18
-16420001294690,48.0,50,4,0.96
-16420001294682,57.875,50,3,1.158
-16420001294681,57.0,50,3,1.14
-16420001294669,61.0,50,3,1.22
-16420001294665,54.0,50,3,1.08
-16420001294657,32.0,50,4,0.64
-16420001294656,42.0,50,4,0.84
-16420001294650,36.0,50,4,0.72
-16420001294648,42.3,50,4,0.846
-16420001294644,35.68,50,4,0.714
-16420001294642,63.89999999999998,50,3,1.278
-16420001294629,52.0,50,3,1.04
-16420001294608,36.0,50,5,0.72
-16420001294606,37.0,50,5,0.74
-16420001294595,34.38,50,4,0.688
-16420001294585,42.0,50,5,0.84
-16420001294584,34.910000000000004,30,3,1.164
-16420001294583,35.2,50,3,0.704
-16420001294582,29.0,50,3,0.58
-16420001294581,31.0,50,3,0.62
-16420001294560,25.855,50,5,0.517
-16420001294559,42.0,50,2,0.84
-16420001294557,56.0,50,5,1.12
-16420001294552,35.1,50,5,0.702
-16420001294549,31.0,50,5,0.62
-16420001294530,48.05000000000001,50,3,0.961
-16420001294528,45.099999999999966,50,3,0.902
-16420001294527,52.0,50,3,1.04
-16420001294526,25.0,50,5,0.5
-16420001294517,23.95999999999999,50,3,0.479
-16420001294494,34.0,50,5,0.68
-16420001294491,52.0,50,3,1.04
-16420001294490,50.0,50,3,1.0
-16420001294474,56.0,50,2,1.12
-16420001294461,25.0,50,3,0.5
-16420001294443,47.099999999999966,50,3,0.942
-16420001294417,36.0,50,3,0.72
-16420001294399,51.0,50,4,1.02
-16420001294366,41.38999999999999,50,4,0.828
-16420001294360,57.25999999999999,50,3,1.145
-16420001294357,35.0,50,2,0.7
-16420001294350,48.0,50,4,0.96
-16420001294348,44.0,50,4,0.88
-16420001294322,39.925,50,6,0.798
-16420001294316,24.0,50,5,0.48
-16420001294291,54.64,50,4,1.093
-16420001294290,29.0,30,3,0.967
-16420001294274,22.0,50,4,0.44
-16420001294269,40.35999999999998,50,4,0.807
-16420001294265,45.0,50,4,0.9
-16420001294253,36.98,50,2,0.74
-16420001294238,19.6,50,3,0.392
-16420001294234,62.0,50,3,1.24
-16420001294229,44.04,50,5,0.881
-16420001294215,33.0,50,4,0.66
-16420001294213,56.81999999999999,50,4,1.136
-16420001294198,62.0,50,3,1.24
-16420001294197,62.0,50,3,1.24
-16420001294196,62.0,50,3,1.24
-16420001294195,61.0,50,3,1.22
-16420001294173,19.0,50,6,0.38
-16420001294165,60.044999999999995,50,3,1.201
-16420001294160,33.0,50,3,0.66
-16420001294135,47.0,50,3,0.94
-16420001294129,39.0,50,3,0.78
-16420001294126,29.0,50,3,0.58
-16420001294124,34.0,50,3,0.68
-16420001294121,39.0,50,6,0.78
-16420001294120,44.26499999999999,90,3,0.492
-16420001294112,37.0,60,4,0.617
-16420001294111,55.0,50,3,1.1
-16420001294107,44.0,60,4,0.733
-16420001294083,34.0,50,3,0.68
-16420001294074,54.0,50,3,1.08
-16420001294070,54.5,60,2,0.908
-16420001294067,34.0,50,3,0.68
-16420001294066,36.0,50,3,0.72
-16420001294064,42.229999999999976,50,5,0.845
-16420001294058,32.94,50,5,0.659
-16420001294046,40.0,30,4,1.333
-16420001294044,45.0,30,4,1.5
-16420001294042,34.7,30,4,1.157
-16420001294038,37.5,50,5,0.75
-16420001294033,43.0,60,2,0.717
-16420001294022,33.0,60,4,0.55
-16420001294021,63.0,60,4,1.05
-16420001293993,42.0,50,5,0.84
-16420001293972,60.305,50,2,1.206
-16420001293970,54.88999999999999,60,2,0.915
-16420001293968,53.839999999999996,50,2,1.077
-16420001293966,59.0,50,2,1.18
-16420001293965,60.0,50,2,1.2
-16420001293951,54.0,60,2,0.9
-16420001293950,55.96,30,2,1.865
-16420001293935,51.0,40,2,1.275
-16420001293932,46.0,50,3,0.92
-16420001293921,38.73500000000001,50,2,0.775
-16420001293911,39.635000000000005,50,2,0.793
-16420001292719,38.0,50,6,0.76
-16420001292575,44.339999999999996,50,6,0.887
-16420001292326,64.22999999999999,50,4,1.285
-16420001292285,36.415,30,6,1.214
-16420001292139,64.9,50,4,1.298
-16420001292130,41.0,50,4,0.82
-16420001292106,37.0,30,6,1.233
-16420001292057,27.0,50,4,0.54
-16420001291947,64.0,50,4,1.28
-16420001291757,28.0,50,3,0.56
-16420001291677,28.234999999999996,50,6,0.565
-16420001291671,32.4,50,3,0.648
-16420001291491,31.165,60,3,0.519
-16420001291052,29.40999999999999,50,4,0.588
-16420001291043,64.9,50,4,1.298
-16420001291021,33.0,50,4,0.66
-16420001290990,32.0,50,4,0.64
-16420001290952,23.0,50,6,0.46
-16420001290919,35.0,60,3,0.583
-16420001290897,38.98,30,6,1.299
-16420001288842,52.0,50,3,1.04
-16420001288753,62.0,50,5,1.24
-16420001288751,62.0,50,5,1.24
-16420001288747,59.0,50,5,1.18
-16420001288740,53.82999999999999,50,5,1.077
-16420001288687,62.8,50,5,1.256
-16420001288616,62.0,50,5,1.24
-16420001288611,43.0,50,5,0.86
-16420001288515,32.480000000000004,50,6,0.65
-16420001288514,34.0,50,4,0.68
-16420001288479,41.0,30,5,1.367
-16420001288478,37.0,30,5,1.233
-16420001288467,63.7,50,5,1.274
-16420001288415,30.0,25,4,1.2
-16420001288402,63.0,50,4,1.26
-16420001288179,50.96,50,5,1.019
-16420001288037,61.5,50,5,1.23
-16420001288034,61.894999999999996,50,5,1.238
-16420001288027,34.98,50,4,0.7
-16420001288017,49.0,50,4,0.98
-16420001288004,32.0,50,4,0.64
-16420001287705,52.0,50,5,1.04
-16420001287611,45.4,50,4,0.908
-16420001287577,30.0,50,4,0.6
-16420001287521,63.3,50,4,1.266
-16420001287451,40.379999999999995,50,4,0.808
-16420001287426,34.33,50,6,0.687
-16420001287334,47.50999999999997,60,2,0.792
-16420001287315,61.7,50,5,1.234
-16420001287265,62.0,50,5,1.24
-16420001287255,39.0,50,4,0.78
-16420001287235,61.62,50,5,1.232
-16420001287212,49.150000000000006,50,4,0.983
-16420001287124,60.0,50,5,1.2
-16420001287110,48.0,50,4,0.96
-16420001287105,49.0,50,5,0.98
-16420001287050,47.89,50,5,0.958
-16420001287032,38.0,50,4,0.76
-16420001287028,29.049999999999983,50,6,0.581
-16420001286984,63.0,50,4,1.26
-16420001286946,61.0,50,5,1.22
-16420001286913,26.0,50,6,0.52
-16420001286863,27.3,50,5,0.546
-16420001286828,55.0,50,4,1.1
-16420001286816,52.0,50,4,1.04
-16420001286815,32.665,50,4,0.653
-16420001286814,57.0,60,4,0.95
-16420001286813,57.0,60,4,0.95
-16420001286805,46.0,50,5,0.92
-16420001286636,24.159999999999997,50,4,0.483
-16420001286634,23.06,50,4,0.461
-16420001286577,43.0,50,2,0.86
-16420001286568,41.29,50,4,0.826
-16420001286567,19.0,50,4,0.38
-16420001286545,41.6,50,2,0.832
-16420001285904,35.0,30,3,1.167
-16420001285879,33.0,30,3,1.1
-16420001285877,33.2,60,3,0.553
-16420001285876,32.0,30,3,1.067
-16420001285869,44.0,30,3,1.467
-16420001285868,43.415,30,3,1.447
-16420001285864,22.0,30,3,0.733
-16420001285859,34.63,30,3,1.154
-16420001285858,48.0,50,3,0.96
-16420001285857,24.909999999999997,30,3,0.83
-16420001285855,33.0,30,3,1.1
-16420001285647,53.9,50,2,1.078
-16420001285646,40.0,50,2,0.8
-16420001285645,58.0,50,2,1.16
-16420001285636,39.0,50,2,0.78
-16420001285635,49.0,50,2,0.98
-16420001285620,44.004999999999995,50,2,0.88
-16420001285139,19.0,50,5,0.38
-16420001285131,37.08,50,5,0.742
-16420001285123,60.0,50,4,1.2
-16420001285107,60.0,70,3,0.857
-16420001285088,53.0,50,4,1.06
-16420001285064,75.0,50,4,1.5
-16420001285053,65.0,50,4,1.3
-16420001285046,63.0,50,4,1.26
-16420001285044,36.0,50,4,0.72
-16420001285036,52.0,50,4,1.04
-16420001285035,56.0,50,4,1.12
-16420001285034,61.0,50,4,1.22
-16420001285033,63.0,50,4,1.26
-16420001285032,52.0,50,4,1.04
-16420001285030,36.0,50,4,0.72
-16420001285028,62.504999999999995,50,4,1.25
-16420001285026,58.839999999999996,50,4,1.177
-16420001285025,51.0,50,4,1.02
-16420001285023,62.5,50,4,1.25
-16420001285021,28.0,50,4,0.56
-16420001285020,28.0,50,4,0.56
-16420001285019,37.0,50,4,0.74
-16420001285018,38.0,50,4,0.76
-16420001285017,25.0,50,4,0.5
-16420001285016,77.0,50,4,1.54
-16420001285011,54.0,50,4,1.08
-16420001284976,52.0,50,4,1.04
-16420001284972,75.0,50,4,1.5
-16420001284971,58.0,50,4,1.16
-16420001284962,78.0,50,4,1.56
-16420001284960,75.0,50,4,1.5
-16420001284944,75.0,50,4,1.5
-16420001284941,49.4,50,4,0.988
-16420001284935,45.17000000000001,50,4,0.903
-16420001284932,44.849999999999994,70,3,0.641
-16420001284930,57.375,50,3,1.148
-16420001284928,46.0,50,3,0.92
-16420001284927,39.0,70,3,0.557
-16420001284926,39.0,50,3,0.78
-16420001284925,39.0,70,3,0.557
-16420001284924,56.0,70,3,0.8
-16420001284923,42.0,50,3,0.84
-16420001284922,41.0,70,3,0.586
-16420001284921,45.0,70,3,0.643
-16420001284920,37.0,50,3,0.74
-16420001284918,62.2,50,4,1.244
-16420001284911,52.0,50,3,1.04
-16420001284909,27.69999999999999,50,4,0.554
-16420001284382,24.0,50,2,0.48
-16420001283603,64.8,60,4,1.08
-16420001283602,65.0,60,4,1.083
-16420001283601,64.7,60,4,1.078
-16420001283600,64.38999999999999,60,4,1.073
-16420001279629,15.0,50,6,0.3
-16420001275693,46.0,30,5,1.533
-16420001275682,18.225,30,5,0.608
-16420001275660,44.0,50,5,0.88
-16420001275658,21.0,50,5,0.42
-16420001275656,29.0,50,5,0.58
-16420001275624,20.0,18,5,1.111
-16420001275612,44.919999999999995,50,5,0.898
-16420001275596,33.0,50,5,0.66
-16420001275594,37.0,50,5,0.74
-16420001275516,47.0,30,1,1.567
-16420001275515,54.2,30,1,1.807
-16420001275504,31.359999999999996,50,6,0.627
-16420001274725,57.0,30,1,1.9
-16420001274710,89.0,50,1,1.78
-16420001274631,42.0,30,1,1.4
-16420001274630,89.7,50,1,1.794
-16420001274624,77.0,30,1,2.567
-16420001274622,76.9,30,1,2.563
-16420001274620,79.0,30,1,2.633
-16420001274612,49.73500000000001,100,1,0.497
-16420001274609,84.6,30,1,2.82
-16420001274605,81.0,30,1,2.7
-16420001274601,81.935,50,1,1.639
-16420001274600,84.135,30,1,2.804
-16420001274598,81.0,50,1,1.62
-16420001274597,85.0,30,1,2.833
-16420001274595,81.0,30,1,2.7
-16420001274593,84.33500000000001,30,1,2.811
-16420001274591,80.0,50,1,1.6
-16420001274586,85.0,30,1,2.833
-16420001274585,84.0,30,1,2.8
-16420001274572,81.9,50,1,1.638
-16420001274571,83.0,50,1,1.66
-16420001271862,74.0,50,3,1.48
-16420001271532,81.55000000000001,50,1,1.631
-16420001271446,59.0,50,3,1.18
-16420001271445,84.0,50,1,1.68
-16420001270677,59.25,50,3,1.185
-16420001270646,56.0,50,3,1.12
-16420001270508,57.0,50,3,1.14
-16420001270499,41.0,50,5,0.82
-16420001270376,62.0,50,3,1.24
-16420001270270,33.75,50,3,0.675
-16420001269929,52.56,50,5,1.051
-16420001269908,52.0,50,4,1.04
-16420001269867,39.0,50,4,0.78
-16420001269866,41.24,50,4,0.825
-16420001269788,53.615,50,3,1.072
-16420001269743,83.0,80,1,1.038
-16420001269734,82.0,80,1,1.025
-16420001269703,55.0,50,4,1.1
-16420001269702,49.0,50,4,0.98
-16420001269662,33.0,50,3,0.66
-16420001269659,30.0,50,3,0.6
-16420001269658,58.0,20,3,2.9
-16420001268126,46.0,50,3,0.92
-16420001268079,39.0,50,4,0.78
-16420001268078,29.0,50,4,0.58
-16420001268074,45.5,50,4,0.91
-16420001268060,43.0,50,6,0.86
-16420001268059,48.0,50,6,0.96
-16420001268034,52.95,50,3,1.059
-16420001268029,55.0,50,3,1.1
-16420001268012,39.0,50,3,0.78
-16420001266377,44.0,30,1,1.467
-16420001266358,55.789999999999985,50,4,1.116
-16420001266357,56.14000000000001,50,4,1.123
-16420001266356,57.519999999999996,50,4,1.15
-16420001264695,35.3,50,6,0.706
-16420001264644,21.0,50,6,0.42
-16420001264611,42.52,50,6,0.85
-16420001264531,48.0,40,4,1.2
-16420001264488,28.209999999999997,50,6,0.564
-16420001264485,52.0,50,4,1.04
-16420001264480,25.95,18,6,1.442
-16420001264414,43.14,50,6,0.863
-16420001264356,57.0,50,4,1.14
-16420001264355,53.0,50,4,1.06
-16420001264343,38.75499999999999,50,3,0.775
-16420001264342,39.67,50,3,0.793
-16420001264296,65.0,50,4,1.3
-16420001264280,48.004999999999995,40,4,1.2
-16420001264206,49.0,40,4,1.225
-16420001264186,28.3,50,4,0.566
-16420001264177,51.25,50,4,1.025
-16420001264160,52.0,50,4,1.04
-16420001264108,52.0,50,4,1.04
-16420001264099,52.0,50,4,1.04
-16420001263996,44.589999999999996,40,4,1.115
-16420001263931,39.0,50,5,0.78
-16420001263930,45.125,50,5,0.902
-16420001263929,54.19499999999999,50,5,1.084
-16420001263928,57.910000000000004,50,5,1.158
-16420001263448,28.0,30,5,0.933
-16420001263435,39.0,30,5,1.3
-16420001263406,27.1,50,5,0.542
-16420001263364,44.0,50,4,0.88
-16420001263345,42.0,50,5,0.84
-16420001263295,42.0,30,5,1.4
-16420001263271,46.0,50,5,0.92
-16420001263252,46.0,50,5,0.92
-16420001263251,35.910000000000004,30,5,1.197
-16420001263247,43.0,50,5,0.86
-16420001263228,40.13,30,5,1.338
-16420001263224,48.0,30,5,1.6
-16420001263223,39.62,30,5,1.321
-16420001263182,38.075,30,5,1.269
-16420001263169,39.0,34,5,1.147
-16420001263167,29.55,30,5,0.985
-16420001263151,47.94,50,5,0.959
-16420001263119,55.5,50,3,1.11
-16420001263087,40.0,30,5,1.333
-16420001263042,54.0,60,2,0.9
-16420001263016,38.94,30,5,1.298
-16420001263009,45.28999999999999,50,4,0.906
-16420001263000,36.4,30,5,1.213
-16420001262960,46.0,50,5,0.92
-16420001262920,44.3,50,4,0.886
-16420001262901,36.0,50,5,0.72
-16420001262890,40.0,50,5,0.8
-16420001262817,45.0,30,5,1.5
-16420001262765,25.145000000000003,30,5,0.838
-16420001262758,49.7,60,2,0.828
-16420001262745,38.0,23,6,1.652
-16420001262744,41.0,50,5,0.82
-16420001262685,32.0,50,6,0.64
-16420001262676,29.0,24,2,1.208
-16420001262649,23.0,30,5,0.767
-16420001262615,45.945,50,5,0.919
-16420001262560,33.0,50,5,0.66
-16420001262513,32.0,27,6,1.185
-16420001262484,40.0,30,5,1.333
-16420001262483,50.9,60,2,0.848
-16420001262478,36.78999999999999,22,6,1.672
-16420001262469,46.0,50,5,0.92
-16420001262402,35.0,50,5,0.7
-16420001262398,34.2,30,5,1.14
-16420001262392,36.0,50,5,0.72
-16420001262378,38.0,50,5,0.76
-16420001262333,54.0,50,3,1.08
-16420001262331,31.3,27,2,1.159
-16420001262327,32.07,30,5,1.069
-16420001262261,38.0,30,5,1.267
-16420001262218,48.0,30,5,1.6
-16420001262186,52.0,60,2,0.867
-16420001262185,47.0,30,5,1.567
-16420001262162,46.0,30,5,1.533
-16420001262145,26.0,30,5,0.867
-16420001262133,41.0,50,5,0.82
-16420001262122,49.0,60,2,0.817
-16420001262090,23.5,50,5,0.47
-16420001262083,28.0,30,4,0.933
-16420001262034,31.0,21,6,1.476
-16420001262024,37.0,30,5,1.233
-16420001261976,40.0,30,5,1.333
-16420001261974,35.0,30,5,1.167
-16420001261888,46.47,50,5,0.929
-16420001261834,34.0,50,5,0.68
-16420001261820,48.0,30,5,1.6
-16420001261785,22.0,30,5,0.733
-16420001261736,51.0,50,5,1.02
-16420001261728,39.1,30,6,1.303
-16420001261684,38.0,30,5,1.267
-16420001261664,43.0,30,5,1.433
-16420001261652,35.985,50,5,0.72
-16420001256134,42.0,37,3,1.135
-16420001255944,46.4,60,3,0.773
-16420001255836,38.0,32,3,1.188
-16420001255639,33.985,50,6,0.68
-16420001255436,36.125,50,6,0.722
-16420001255348,41.0,30,3,1.367
-16420001255346,34.0,50,6,0.68
-16420001255116,40.04,60,3,0.667
-16420001254439,41.0,50,6,0.82
-16420001254385,41.0,33,3,1.242
-16420001253969,45.0,37,3,1.216
-16420001253868,40.51999999999999,50,6,0.81
-16420001253748,29.359999999999996,50,6,0.587
-16420001253734,46.910000000000004,30,3,1.564
-16420001253688,28.0,50,6,0.56
-16420001253431,33.0,50,6,0.66
-16420001253426,45.3,40,3,1.132
-16420001253370,37.0,30,3,1.233
-16420001253311,41.4,50,5,0.828
-16420001253304,35.0,60,3,0.583
-16420001252853,58.0,60,3,0.967
-16420001252805,39.31,28,3,1.404
-16420001252767,40.0,33,3,1.212
-16420001252694,55.0,50,3,1.1
-16420001252665,41.7,36,3,1.158
-16420001252642,31.19999999999999,50,6,0.624
-16420001245442,50.0,60,2,0.833
-16420001245411,35.0,50,6,0.7
-16420001245351,37.0,50,6,0.74
-16420001245342,39.0,50,6,0.78
-16420001245339,57.0,60,2,0.95
-16420001245337,57.0,50,2,1.14
-16420001243648,74.035,60,2,1.234
-16420001243621,40.0,18,2,2.222
-16420001243610,39.10999999999999,18,2,2.173
-16420001243585,75.0,50,2,1.5
-16420001243584,75.0,50,2,1.5
-16420001243575,73.035,60,2,1.217
-16420001243565,76.0,50,2,1.52
-16420001243564,75.0,60,2,1.25
-16420001243559,36.0,32,2,1.125
-16420001243547,66.67,50,4,1.333
-16420001242536,50.6,60,2,0.843
-16420001242453,37.375,50,6,0.748
-16420001242377,52.0,60,2,0.867
-16420001242246,25.42,30,6,0.847
-16420001241648,33.0,50,4,0.66
-16420001241645,57.8,60,2,0.963
-16420001241201,36.25999999999999,28,4,1.295
-16420001241200,41.0,30,4,1.367
-16420001241152,54.0,50,3,1.08
-16420001241074,31.2,22,4,1.418
-16420001241024,46.0,50,3,0.92
-16420001241005,39.0,50,4,0.78
-16420001240959,51.0,50,3,1.02
-16420001240531,42.87,50,4,0.857
-16420001240519,44.49499999999999,50,3,0.89
-16420001240477,32.0,22,4,1.455
-16420001240299,58.394999999999996,60,2,0.973
-16420001240118,44.2,50,5,0.884
-16420001240073,19.0,50,6,0.38
-16420001239909,72.0,50,3,1.44
-16420001239805,39.0,50,4,0.78
-16420001239793,35.0,29,4,1.207
-16420001239664,38.48,50,3,0.77
-16420001239647,36.989999999999995,24,4,1.541
-16420001239627,27.575000000000003,50,5,0.552
-16420001239587,32.725,30,5,1.091
-16420001239522,49.73,50,5,0.995
-16420001239469,32.0,50,4,0.64
-16420001239385,35.0,22,4,1.591
-16420001239322,50.0,50,3,1.0
-16420001239072,72.0,50,3,1.44
-16420001239032,40.0,50,4,0.8
-16420001239011,45.210000000000015,50,3,0.904
-16420001238965,67.1,50,3,1.342
-16420001238786,30.09,50,6,0.602
-16420001238260,19.0,50,6,0.38
-16420001238072,38.5,30,4,1.283
-16420001237868,25.0,50,5,0.5
-16420001106780,69.435,60,2,1.157
-16420001098311,40.0,18,2,2.222
-16420001085439,19.0,50,6,0.38
-16420001084910,44.65999999999999,90,3,0.496
-16420001083094,25.0,50,4,0.5
-16420001083092,59.0,30,4,1.967
-16420001082115,57.0,50,4,1.14
-16420001081142,44.0,50,3,0.88
-16420001081141,49.0,50,4,0.98
-16420001079338,58.0,30,3,1.933
-16420001078689,18.49,18,4,1.027
-16420001078681,36.0,60,3,0.6
-16420001076091,37.145,50,3,0.743
-16420001076086,57.0,50,4,1.14
-16420001076080,29.600000000000005,30,4,0.987
-16420001074230,19.0,50,4,0.38
-16420001073759,14.014999999999997,50,3,0.28
-16420001070794,58.0,50,4,1.16
-16420001065689,67.0,50,4,1.34
-16420001064413,66.0,30,4,2.2
-16420001058877,46.0,50,4,0.92
-16420001054904,41.0,50,5,0.82
-16420001010684,60.0,50,5,1.2
-16420001009262,47.0,50,4,0.94
-16420001006808,64.0,50,3,1.28
-16420001003284,62.3,50,3,1.246
-16420000993756,6.2,50,6,0.124
-16420000990530,26.984999999999996,50,6,0.54
-16420000986318,36.66,50,4,0.733
-16420000986317,24.0,50,6,0.48
-16420000986316,60.0,50,3,1.2
-16420000981096,30.0,18,2,1.667
-16420000981093,31.145,50,4,0.623
-16420000975723,68.0,50,4,1.36
-16420000967583,39.055,18,2,2.17
-16420000967582,48.56999999999999,50,4,0.971
-16420000966985,40.0,18,2,2.222
-16420000965921,41.835,50,4,0.837
-16420000964558,29.985,50,6,0.6
-16420000963020,43.019999999999996,50,6,0.86
-16420000957776,93.405,90,1,1.038
-16420000955922,54.0,50,4,1.08
-16420000955921,40.0,30,5,1.333
-16420000955920,46.029999999999994,50,3,0.921
-16420000955918,74.0,50,3,1.48
-16420000952081,28.0,30,4,0.933
-16420000951760,45.835,50,3,0.917
-16420000951739,40.0,50,2,0.8
-16420000948617,58.0,50,2,1.16
-16420000948614,62.0,50,3,1.24
-16420000946914,48.0,50,3,0.96
-16420000944315,42.0,50,3,0.84
-16420000944314,32.0,50,4,0.64
-16420000944313,43.0,40,4,1.075
-16420000933083,36.0,50,5,0.72
-16420000933076,44.0,50,3,0.88
-16420000927104,49.0,50,3,0.98
-16420000919026,81.0,30,1,2.7
-16420000918185,45.335,60,2,0.756
-16420000912373,30.094999999999995,50,4,0.602
-16420000910384,49.0,30,4,1.633
-16420000894263,50.0,50,3,1.0
-16420000888786,44.0,50,3,0.88
-16420000888157,92.67,90,1,1.03
-16420000885642,17.0,50,4,0.34
-16420000885633,33.6,50,4,0.672
-16420000883036,52.45,50,3,1.049
-16420000882414,47.0,50,4,0.94
-16420000881651,47.0,50,2,0.94
-16420000879441,22.0,50,6,0.44
-16420000879175,56.0,50,3,1.12
-16420000877664,81.535,30,1,2.718
-16420000877521,28.0,18,2,1.556
-16420000877230,48.0,50,3,0.96
-16420000877229,37.0,50,4,0.74
-16420000875134,46.0,50,4,0.92
-16420000875131,49.150000000000006,60,2,0.819
-16420000874947,61.0,50,3,1.22
-16420000874168,89.1,100,2,0.891
-16420000874161,58.0,60,2,0.967
-16420000874152,32.0,40,4,0.8
-16420000873042,19.165,50,5,0.383
-16420000870573,46.0,50,2,0.92
-16420000869533,50.0,50,4,1.0
-16420000869269,93.0,90,1,1.033
-16420000867943,29.6,30,2,0.987
-16420000867224,68.0,60,2,1.133
-16420000865591,66.0,50,2,1.32
-16420000865575,46.440000000000005,50,5,0.929
-16420000865070,55.75,50,3,1.115
-16420000864345,45.0,40,4,1.125
-16420000863738,57.25999999999999,50,4,1.145
-16420000863736,51.1,50,4,1.022
-16420000863448,27.0,50,4,0.54
-16420000863056,57.0,50,3,1.14
-16420000862703,55.615,50,4,1.112
-16420000862700,57.5,30,4,1.917
-16420000862031,31.0,18,2,1.722
-16420000861891,73.0,60,2,1.217
-16420000861820,45.0,50,2,0.9
-16420000861049,45.0,50,4,0.9
-16420000860924,51.40999999999999,50,4,1.028
-16420000860919,48.0,50,3,0.96
-16420000860222,45.0,50,4,0.9
-16420000860175,39.0,50,3,0.78
-16420000859687,29.4,50,4,0.588
-16420000859686,55.0,50,4,1.1
-16420000859683,37.0,30,5,1.233
-16420000859416,31.45,50,6,0.629
-16420000858499,51.0,50,3,1.02
-16420000858305,87.0,80,1,1.088
-16420000857596,31.789999999999985,18,2,1.766
-16420000857337,41.0,50,4,0.82
-16420000856774,24.0,30,6,0.8
-16420000856626,62.83499999999998,60,3,1.047
-16420000856623,45.98,50,6,0.92
-16420000856288,93.0,80,2,1.162
-16420000856026,52.695,50,4,1.054
-16420000855828,52.0,50,3,1.04
-16420000855421,50.0,60,4,0.833
-16420000855420,36.04999999999998,50,3,0.721
-16420000855419,58.0,50,3,1.16
-16420000855416,59.0,50,3,1.18
-16420000855257,35.0,20,4,1.75
-16420000854955,57.0,50,3,1.14
-16420000853900,34.0,30,6,1.133
-16420000853083,73.0,50,2,1.46
-16420000852966,60.0,30,3,2.0
-16420000852959,30.0,50,4,0.6
-16420000852709,31.449999999999996,50,6,0.629
-16420000851888,40.4,30,5,1.347
-16420000851887,42.0,50,4,0.84
-16420000850688,53.0,50,5,1.06
-16420000850687,64.0,60,3,1.067
-16420000850605,42.0,40,2,1.05
-16420000850552,56.0,50,4,1.12
-16420000850169,38.0,50,4,0.76
-16420000850167,54.824999999999996,50,4,1.096
-16420000850148,30.67999999999999,50,5,0.614
-16420000850018,53.0,50,4,1.06
-16420000849804,46.11000000000001,30,4,1.537
-16420000849740,28.5,50,4,0.57
-16420000849251,23.0,50,4,0.46
-16420000849250,41.0,50,4,0.82
-16420000849249,54.96999999999999,50,4,1.099
-16420000849247,37.0,30,5,1.233
-16420000848888,52.0,50,4,1.04
-16420000848730,45.0,50,4,0.9
-16420000848723,36.0,50,6,0.72
-16420000847722,26.0,40,2,0.65
-16420000847721,49.0,60,2,0.817
-16420000847601,72.88000000000002,50,2,1.458
-16420000847440,70.0,50,4,1.4
-16420000847305,47.27,50,3,0.945
-16420000847158,59.0,50,3,1.18
-16420000846512,56.0,50,5,1.12
-16420000846231,40.0,50,3,0.8
-16420000846230,46.0,50,3,0.92
-16420000845709,65.4,50,2,1.308
-16420000845314,43.3,90,3,0.481
-16420000844793,50.0,30,3,1.667
-16420000844451,47.0,40,4,1.175
-16420000844355,62.5,50,2,1.25
-16420000844163,73.0,50,3,1.46
-16420000844161,32.0,50,2,0.64
-16420000844160,52.0,50,4,1.04
-16420000844159,56.0,50,4,1.12
-16420000844027,28.0,50,3,0.56
-16420000843610,57.0,50,3,1.14
-16420000843608,56.0,50,4,1.12
-16420000843606,49.0,50,4,0.98
-16420000843539,39.0,50,3,0.78
-16420000843446,59.0,50,5,1.18
-16420000843445,52.0,50,3,1.04
-16420000843438,35.0,40,4,0.875
-16420000842727,29.0,30,4,0.967
-16420000842710,25.044999999999995,50,3,0.501
-16420000842706,32.415,50,5,0.648
-16420000842703,41.650000000000006,50,4,0.833
-16420000842419,53.0,50,3,1.06
-16420000842414,48.13,50,4,0.963
-16420000842221,32.28,50,4,0.646
-16420000842129,37.0,30,6,1.233
-16420000842127,52.985,50,4,1.06
-16420000841688,42.0,50,3,0.84
-16420000841686,47.0,50,3,0.94
-16420000841685,38.0,50,5,0.76
-16420000841443,44.0,60,2,0.733
-16420000841099,15.834999999999999,50,6,0.317
-16420000840882,39.445,50,4,0.789
-16420000840780,27.299999999999983,50,3,0.546
-16420000839809,54.0,50,4,1.08
-16420000839806,42.0,50,3,0.84
-16420000839803,37.0,30,4,1.233
-16420000839612,19.280000000000005,50,6,0.386
-16420000839538,62.115,50,3,1.242
-16420000839393,32.8,60,4,0.547
-16420000839055,45.0,50,3,0.9
-16420000838457,36.115,50,4,0.722
-16420000838143,44.0,50,3,0.88
-16420000838140,58.0,30,2,1.933
-16420000838137,45.0,50,3,0.9
-16420000838136,21.19999999999999,50,6,0.424
-16420000838073,56.0,50,3,1.12
-16420000838067,30.81,50,6,0.616
-16420000837988,62.0,50,3,1.24
-16420000836908,35.0,50,4,0.7
-16420000836901,19.0,30,6,0.633
-16420000836792,31.0,50,5,0.62
-16420000836700,37.0,20,4,1.85
-16420000836485,51.0,30,4,1.7
-16420000836482,59.0,50,4,1.18
-16420000836009,19.84,50,6,0.397
-16420000836002,36.0,50,4,0.72
-16420000835776,42.0,50,4,0.84
-16420000835723,41.3,50,4,0.826
-16420000835603,55.0,50,4,1.1
-16420000835598,35.0,50,4,0.7
-16420000835586,18.0,50,6,0.36
-16420000835474,32.0,50,4,0.64
-16420000835473,53.0,50,4,1.06
-16420000835235,45.0,50,4,0.9
-16420000835179,59.0,50,4,1.18
-16420000834514,39.0,40,2,0.975
-16420000833877,23.0,50,4,0.46
-16420000833514,58.0,50,3,1.16
-16420000833511,38.0,50,3,0.76
-16420000833017,57.16,50,3,1.143
-16420000832966,39.0,18,2,2.167
-16420000832957,49.0,50,6,0.98
-16420000832953,51.4,50,4,1.028
-16420000832713,32.4,40,2,0.81
-16420000831523,61.085,50,3,1.222
-16420000831322,65.0,60,3,1.083
-16420000831321,49.0,50,4,0.98
-16420000831293,48.9,50,3,0.978
-16420000831212,58.0,50,5,1.16
-16420000831096,55.0,30,3,1.833
-16420000831094,31.0,50,5,0.62
-16420000830603,23.904999999999994,50,3,0.478
-16420000830363,57.0,50,3,1.14
-16420000830149,89.03999999999999,100,2,0.89
-16420000830141,37.0,50,4,0.74
-16420000830140,61.3,50,4,1.226
-16420000830139,34.0,50,6,0.68
-16420000829771,53.0,50,3,1.06
-16420000829678,42.0,30,4,1.4
-16420000829133,18.110000000000003,50,3,0.362
-16420000829061,48.615,50,4,0.972
-16420000829059,33.0,50,4,0.66
-16420000829058,56.0,50,3,1.12
-16420000828808,28.0,50,4,0.56
-16420000828745,46.18,50,3,0.924
-16420000828002,59.0,60,4,0.983
-16420000827992,35.9,60,4,0.598
-16420000827751,47.0,50,4,0.94
-16420000827436,41.0,40,4,1.025
-16420000827227,33.985,50,4,0.68
-16420000827162,58.425,30,4,1.948
-16420000827161,51.0,50,4,1.02
-16420000827158,56.0,50,4,1.12
-16420000827153,55.0,50,4,1.1
-16420000827002,28.1,50,4,0.562
-16420000827000,60.0,50,3,1.2
-16420000826841,50.0,50,6,1.0
-16420000826828,35.57,30,1,1.186
-16420000826334,38.0,50,2,0.76
-16420000825958,61.0,60,2,1.017
-16420000825956,55.0,50,4,1.1
-16420000825906,36.3,50,5,0.726
-16420000825777,63.0,30,4,2.1
-16420000825521,52.0,50,5,1.04
-16420000825047,45.0,50,3,0.9
-16420000824513,63.0,50,2,1.26
-16420000824510,66.0,50,4,1.32
-16420000824509,20.0,50,4,0.4
-16420000824500,62.0,50,4,1.24
-16420000824478,16.0,50,6,0.32
-16420000824450,51.0,50,4,1.02
-16420000824448,49.0,50,4,0.98
-16420000824445,38.0,50,6,0.76
-16420000824443,65.0,90,3,0.722
-16420000824407,36.17,50,3,0.723
-16420000824406,16.78,50,6,0.336
-16420000824206,35.61,50,6,0.712
-16420000824145,37.0,50,4,0.74
-16420000824089,63.0,50,2,1.26
-16420000824026,51.0,50,4,1.02
-16420000824024,48.0,50,4,0.96
-16420000824023,45.0,50,3,0.9
-16420000824008,34.059999999999995,50,4,0.681
-16420000824003,38.0,50,6,0.76
-16420000823251,45.0,50,3,0.9
-16420000823171,45.0,40,4,1.125
-16420000822790,54.0,50,4,1.08
-16420000822616,53.7,50,3,1.074
-16420000822571,23.0,30,5,0.767
-16420000822082,46.0,50,3,0.92
-16420000822079,27.0,50,4,0.54
-16420000822076,62.4,50,2,1.248
-16420000821696,48.0,50,3,0.96
-16420000821695,38.0,30,4,1.267
-16420000821642,87.0,50,1,1.74
-16420000821497,40.0,50,5,0.8
-16420000821119,49.0,40,4,1.225
-16420000821113,53.0,50,4,1.06
-16420000821034,55.0,50,3,1.1
-16420000820103,61.0,60,3,1.017
-16420000819939,59.0,50,3,1.18
-16420000819635,28.329999999999995,30,3,0.944
-16420000819510,57.0,50,3,1.14
-16420000819121,42.94499999999999,90,3,0.477
-16420000818821,43.1,40,4,1.078
-16420000818298,48.0,50,4,0.96
-16420000816926,59.0,30,3,1.967
-16420000816841,50.11000000000001,50,3,1.002
-16420000816840,49.0,50,4,0.98
-16420000816835,47.0,50,3,0.94
-16420000816832,57.0,50,4,1.14
-16420000816786,58.0,30,2,1.933
-16420000816782,44.0,50,4,0.88
-16420000816561,31.0,50,3,0.62
-16420000816539,51.0,50,5,1.02
-16420000816320,38.0,50,4,0.76
-16420000816208,47.0,30,4,1.567
-16420000816207,28.654999999999994,30,4,0.955
-16420000816205,49.0,50,4,0.98
-16420000816204,35.0,30,4,1.167
-16420000816203,62.3,50,3,1.246
-16420000816192,55.0,50,4,1.1
-16420000816190,51.0,50,3,1.02
-16420000816189,48.0,30,3,1.6
-16420000815801,33.05,50,4,0.661
-16420000815677,33.0,30,3,1.1
-16420000815673,62.0,50,3,1.24
-16420000815672,43.2,50,3,0.864
-16420000815304,30.0,50,5,0.6
-16420000815198,53.0,50,4,1.06
-16420000815192,30.864999999999988,50,2,0.617
-16420000815191,52.0,50,4,1.04
-16420000815187,63.0,50,3,1.26
-16420000815077,55.0,30,4,1.833
-16420000815075,21.459999999999997,50,6,0.429
-16420000815065,42.34499999999999,18,4,2.352
-16420000815054,27.3,50,5,0.546
-16420000814750,37.5,50,3,0.75
-16420000814560,43.0,50,1,0.86
-16420000814558,54.0,60,4,0.9
-16420000814552,52.0,50,4,1.04
-16420000814131,34.9,50,4,0.698
-16420000814130,24.0,50,4,0.48
-16420000814129,32.63,50,6,0.653
-16420000813069,28.0,50,4,0.56
-16420000812440,25.66,50,6,0.513
-16420000812420,56.79499999999999,50,4,1.136
-16420000812207,46.879999999999995,50,2,0.938
-16420000812183,53.0,50,4,1.06
-16420000811828,37.0,30,4,1.233
-16420000811313,61.7,60,2,1.028
-16420000811249,90.0,50,1,1.8
-16420000811075,65.0,50,4,1.3
-16420000811066,39.0,50,4,0.78
-16420000810820,32.1,50,4,0.642
-16420000810815,29.0,50,6,0.58
-16420000810810,51.0,50,4,1.02
-16420000810697,38.78,50,2,0.776
-16420000810691,47.0,30,4,1.567
-16420000810577,31.0,50,4,0.62
-16420000810526,44.790000000000006,30,4,1.493
-16420000810242,47.8,50,4,0.956
-16420000809950,83.0,50,1,1.66
-16420000809768,30.0,50,4,0.6
-16420000809513,50.0,60,4,0.833
-16420000809443,29.0,50,3,0.58
-16420000809250,28.4,50,3,0.568
-16420000809248,73.0,50,3,1.46
-16420000808963,58.8,60,2,0.98
-16420000808953,27.119999999999994,50,6,0.542
-16420000808816,52.0,50,3,1.04
-16420000808732,22.0,50,6,0.44
-16420000808730,32.0,30,4,1.067
-16420000808392,40.0,50,4,0.8
-16420000807558,28.54000000000001,50,4,0.571
-16420000807252,50.0,50,3,1.0
-16420000807145,64.205,50,2,1.284
-16420000807083,50.0,30,2,1.667
-16420000807016,47.0,60,4,0.783
-16420000806911,53.0,50,4,1.06
-16420000806904,44.3,50,4,0.886
-16420000806897,14.0,50,6,0.28
-16420000806593,22.470000000000002,50,4,0.449
-16420000806459,56.0,50,3,1.12
-16420000806458,34.0,50,3,0.68
-16420000806457,58.0,30,3,1.933
-16420000806301,51.0,30,4,1.7
-16420000805461,32.3,50,6,0.646
-16420000805422,60.44499999999999,50,3,1.209
-16420000805379,40.379999999999974,50,3,0.808
-16420000805378,23.9,50,4,0.478
-16420000805187,51.875,50,3,1.038
-16420000805182,48.0,50,3,0.96
-16420000804617,22.0,50,6,0.44
-16420000804610,58.0,50,3,1.16
-16420000804135,40.0,50,3,0.8
-16420000804083,41.0,40,4,1.025
-16420000803733,51.0,50,3,1.02
-16420000803426,21.0,50,6,0.42
-16420000803404,74.0,50,3,1.48
-16420000803283,89.0,100,2,0.89
-16420000803280,59.0,50,3,1.18
-16420000803003,45.0,30,4,1.5
-16420000803001,48.0,50,3,0.96
-16420000802919,46.0,50,3,0.92
-16420000802898,17.1,50,5,0.342
-16420000802886,28.0,50,4,0.56
-16420000802633,59.0,50,3,1.18
-16420000801828,50.0,50,3,1.0
-16420000801651,45.4,50,4,0.908
-16420000801638,28.709999999999997,50,3,0.574
-16420000801095,19.224999999999987,50,5,0.384
-16420000801007,25.0,50,6,0.5
-16420000801003,52.0,90,3,0.578
-16420000801001,59.0,50,3,1.18
-16420000800991,40.475,50,5,0.81
-16420000800985,40.0,50,3,0.8
-16420000800754,17.0,50,3,0.34
-16420000800652,62.055,50,4,1.241
-16420000800175,43.40500000000001,50,2,0.868
-16420000799650,84.035,50,2,1.681
-16420000799643,50.0,50,3,1.0
-16420000799608,47.849999999999994,50,2,0.957
-16420000799578,57.0,60,4,0.95
-16420000799566,62.38999999999999,50,3,1.248
-16420000799565,63.0,40,3,1.575
-16420000799550,82.735,100,1,0.827
-16420000799482,23.0,50,3,0.46
-16420000799453,17.26,50,3,0.345
-16420000799394,51.0,50,4,1.02
-16420000799282,38.18,30,6,1.273
-16420000798582,32.5,50,4,0.65
-16420000798581,34.0,50,4,0.68
-16420000798332,41.0,50,3,0.82
-16420000798064,24.0,50,4,0.48
-16420000798057,17.0,50,4,0.34
-16420000797845,30.0,27,3,1.111
-16420000797820,58.75,50,5,1.175
-16420000797793,43.0,50,4,0.86
-16420000797782,52.0,50,4,1.04
-16420000797775,15.0,50,6,0.3
-16420000797760,45.0,50,4,0.9
-16420000797620,50.1,50,2,1.002
-16420000797245,58.0,50,3,1.16
-16420000797239,34.0,50,3,0.68
-16420000796653,27.06,50,4,0.541
-16420000796238,58.8,50,4,1.176
-16420000796233,39.0,50,3,0.78
-16420000796049,56.0,50,3,1.12
-16420000796043,52.0,60,3,0.867
-16420000795973,59.0,50,4,1.18
-16420000795951,63.470000000000006,50,3,1.269
-16420000795888,51.3,50,4,1.026
-16420000795688,32.0,50,5,0.64
-16420000795608,50.0,60,2,0.833
-16420000795137,50.0,50,3,1.0
-16420000795130,43.09499999999999,50,3,0.862
-16420000795129,20.0,50,6,0.4
-16420000794804,32.3,50,6,0.646
-16420000794645,58.0,30,3,1.933
-16420000794365,61.0,50,4,1.22
-16420000794112,48.0,50,3,0.96
-16420000793877,55.0,50,3,1.1
-16420000793642,54.0,50,4,1.08
-16420000793638,42.0,50,3,0.84
-16420000793550,45.0,50,3,0.9
-16420000793548,30.54,50,6,0.611
-16420000793269,71.4,90,3,0.793
-16420000793167,30.0,27,3,1.111
-16420000793136,33.31,60,2,0.555
-16420000793013,52.67999999999997,50,4,1.054
-16420000792837,45.0,60,2,0.75
-16420000791464,48.0,30,3,1.6
-16420000791442,60.0,60,3,1.0
-16420000791437,32.834999999999994,50,4,0.657
-16420000791318,59.86,50,3,1.197
-16420000791132,33.6,50,4,0.672
-16420000791057,16.0,50,4,0.32
-16420000791055,50.0,50,4,1.0
-16420000791052,51.0,50,5,1.02
-16420000790999,25.0,50,6,0.5
-16420000790536,73.75000000000003,50,5,1.475
-16420000790083,14.3,50,3,0.286
-16420000789609,55.0,50,4,1.1
-16420000789346,34.0,50,3,0.68
-16420000789345,54.0,50,3,1.08
-16420000789270,51.495,30,3,1.716
-16420000789267,47.625,50,3,0.952
-16420000789262,69.585,50,3,1.392
-16420000788699,36.0,50,4,0.72
-16420000788203,59.0,50,4,1.18
-16420000788200,53.0,50,3,1.06
-16420000787936,70.7,50,3,1.414
-16420000787821,38.0,50,2,0.76
-16420000787787,54.0,50,4,1.08
-16420000787322,52.0,50,3,1.04
-16420000787320,41.0,50,4,0.82
-16420000787267,31.57,50,3,0.631
-16420000787263,34.0,50,6,0.68
-16420000787176,34.7,50,3,0.694
-16420000786828,49.0,30,3,1.633
-16420000786745,42.25,50,2,0.845
-16420000786710,60.7,50,3,1.214
-16420000786649,56.0,50,4,1.12
-16420000786552,30.0,60,3,0.5
-16420000786391,64.0,50,4,1.28
-16420000786159,46.0,50,4,0.92
-16420000786082,15.6,50,4,0.312
-16420000785996,39.0,50,3,0.78
-16420000785569,38.0,50,3,0.76
-16420000785340,33.0,50,5,0.66
-16420000785333,19.0,30,5,0.633
-16420000785240,37.0,32,2,1.156
-16420000785088,40.2,50,3,0.804
-16420000785081,24.0,50,4,0.48
-16420000784671,41.019999999999996,50,4,0.82
-16420000784643,50.2,50,3,1.004
-16420000784051,36.0,50,4,0.72
-16420000784050,51.1,50,4,1.022
-16420000783652,53.0,50,4,1.06
-16420000783389,45.0,50,4,0.9
-16420000783387,58.0,50,4,1.16
-16420000783328,24.0,50,3,0.48
-16420000783231,81.83500000000001,50,1,1.637
-16420000783161,64.0,60,3,1.067
-16420000783159,49.0,50,4,0.98
-16420000782919,47.0,40,4,1.175
-16420000782798,37.0,50,3,0.74
-16420000782586,61.79499999999999,50,2,1.236
-16420000781992,46.099999999999966,50,3,0.922
-16420000781717,63.815,50,4,1.276
-16420000781517,25.0,50,6,0.5
-16420000781511,50.0,50,4,1.0
-16420000781180,57.0,50,3,1.14
-16420000781179,68.0,50,3,1.36
-16420000781144,24.0,30,4,0.8
-16420000781142,59.0,50,3,1.18
-16420000781007,26.855,50,4,0.537
-16420000781006,64.0,50,3,1.28
-16420000780539,38.0,50,4,0.76
-16420000780454,43.0,50,2,0.86
-16420000779782,39.0,50,4,0.78
-16420000779731,31.0,50,3,0.62
-16420000779721,46.105000000000004,50,4,0.922
-16420000778710,60.0,50,3,1.2
-16420000778704,39.4,50,2,0.788
-16420000778703,34.224999999999994,50,4,0.684
-16420000778439,42.0,50,4,0.84
-16420000778437,50.0,50,4,1.0
-16420000778116,75.235,50,1,1.505
-16420000778103,24.0,60,4,0.4
-16420000777902,48.6,30,4,1.62
-16420000775560,80.0,50,1,1.6
-16420000775181,36.925,50,6,0.738
-16420000775072,29.0,50,4,0.58
-16420000774817,79.0,30,1,2.633
-16420000774158,55.7,50,4,1.114
-16420000774157,52.0,30,4,1.733
-16420000773716,48.0,50,3,0.96
-16420000773715,37.099999999999966,50,3,0.742
-16420000773467,59.80500000000001,60,2,0.997
-16420000773419,82.0,100,1,0.82
-16420000773177,50.0,50,3,1.0
-16420000773171,68.0,50,3,1.36
-16420000773166,29.7,50,6,0.594
-16420000773161,56.04,50,4,1.121
-16420000773036,40.0,30,1,1.333
-16420000773015,68.0,60,3,1.133
-16420000773003,46.0,50,2,0.92
-16420000772852,46.54,50,4,0.931
-16420000772628,32.0,50,3,0.64
-16420000772498,51.0,50,4,1.02
-16420000772368,37.199999999999996,30,6,1.24
-16420000772271,49.0,60,2,0.817
-16420000772258,53.0,50,3,1.06
-16420000771684,54.849999999999994,50,3,1.097
-16420000771648,34.0,50,6,0.68
-16420000771643,15.865,30,6,0.529
-16420000771635,52.0,50,3,1.04
-16420000771495,49.4,50,6,0.988
-16420000771000,60.06,60,3,1.001
-16420000770999,26.0,22,3,1.182
-16420000770850,40.0,50,3,0.8
-16420000770314,23.0,60,4,0.383
-16420000769919,40.0,50,4,0.8
-16420000769916,52.955,50,4,1.059
-16420000769689,45.0,50,1,0.9
-16420000769684,51.705000000000005,50,3,1.034
-16420000769579,34.0,20,4,1.7
-16420000769573,52.0,50,3,1.04
-16420000769153,27.0,50,5,0.54
-16420000769152,45.81999999999999,50,3,0.916
-16420000769104,63.0,30,4,2.1
-16420000769072,32.0,20,4,1.6
-16420000769069,47.0,50,4,0.94
-16420000768833,48.089999999999996,30,4,1.603
-16420000768825,59.635000000000005,60,2,0.994
-16420000768435,34.0,50,4,0.68
-16420000768433,33.0,50,4,0.66
-16420000768372,42.0,50,3,0.84
-16420000768288,51.8,50,4,1.036
-16420000768132,37.0,50,6,0.74
-16420000767882,46.0,50,2,0.92
-16420000767826,30.0,50,3,0.6
-16420000767770,61.5,60,2,1.025
-16420000767759,43.349999999999994,30,5,1.445
-16420000767485,54.0,30,2,1.8
-16420000767341,57.0,50,2,1.14
-16420000767252,88.0,70,1,1.257
-16420000767250,86.0,50,1,1.72
-16420000766993,32.0,50,3,0.64
-16420000766247,44.0,50,3,0.88
-16420000765816,40.475,30,3,1.349
-16420000765532,66.0,50,4,1.32
-16420000765485,61.0,50,4,1.22
-16420000765394,36.95,50,6,0.739
-16420000764883,59.65,60,3,0.994
-16420000764496,44.0,30,4,1.467
-16420000764220,74.0,50,3,1.48
-16420000764213,24.0,50,2,0.48
-16420000764116,84.0,70,1,1.2
-16420000763980,40.0,50,4,0.8
-16420000763922,56.0,50,2,1.12
-16420000763353,51.23500000000001,50,3,1.025
-16420000763347,64.0,50,3,1.28
-16420000763346,44.0,50,4,0.88
-16420000762775,59.73,60,2,0.995
-16420000762571,37.4,50,4,0.748
-16420000762422,57.175000000000004,60,2,0.953
-16420000761636,35.0,50,4,0.7
-16420000761255,23.0,50,3,0.46
-16420000761170,42.0,50,2,0.84
-16420000761169,21.55,50,2,0.431
-16420000761158,51.0,50,4,1.02
-16420000761044,27.1,50,6,0.542
-16420000760530,63.4,50,4,1.268
-16420000760385,65.38000000000001,50,2,1.308
-16420000760369,43.010000000000005,60,2,0.717
-16420000760211,45.7,50,3,0.914
-16420000760209,48.0,50,3,0.96
-16420000760208,39.769999999999996,50,5,0.795
-16420000759512,58.150000000000006,50,3,1.163
-16420000759494,54.2,50,4,1.084
-16420000758601,58.0,30,2,1.933
-16420000758598,56.0,50,3,1.12
-16420000758054,31.0,50,3,0.62
-16420000757915,32.4,30,1,1.08
-16420000757912,80.0,50,1,1.6
-16420000757687,65.0,50,3,1.3
-16420000757386,48.4,50,2,0.968
-16420000757116,59.0,50,3,1.18
-16420000756883,36.26499999999999,50,3,0.725
-16420000756837,59.21000000000001,50,3,1.184
-16420000756783,31.700000000000003,50,6,0.634
-16420000756716,62.1,50,2,1.242
-16420000756259,53.0,50,6,1.06
-16420000755684,68.0,50,3,1.36
-16420000755492,70.2,50,1,1.404
-16420000755040,86.0,50,1,1.72
-16420000754905,51.065,50,4,1.021
-16420000754904,65.0,60,4,1.083
-16420000754902,37.0,30,4,1.233
-16420000754901,29.0,50,2,0.58
-16420000754891,38.0,50,6,0.76
-16420000754630,61.699999999999996,50,1,1.234
-16420000754627,51.0,50,3,1.02
-16420000754426,60.0,60,2,1.0
-16420000753780,22.0,30,6,0.733
-16420000753637,43.0,30,3,1.433
-16420000753634,23.0,50,5,0.46
-16420000752767,28.0,50,4,0.56
-16420000752723,46.0,50,4,0.92
-16420000752425,54.0,30,4,1.8
-16420000752341,55.480000000000004,50,6,1.11
-16420000751973,34.0,50,2,0.68
-16420000751788,49.9,50,4,0.998
-16420000751772,58.0,30,3,1.933
-16420000751578,50.0,50,3,1.0
-16420000751309,44.230000000000004,50,4,0.885
-16420000750548,57.0,60,2,0.95
-16420000749328,61.0,50,2,1.22
-16420000748956,62.315,60,3,1.039
-16420000748954,52.0,50,3,1.04
-16420000748946,57.835,50,3,1.157
-16420000748945,58.0,50,3,1.16
-16420000748705,69.0,50,3,1.38
-16420000748671,80.0,30,1,2.667
-16420000747541,14.040000000000001,50,3,0.281
-16420000746870,47.35,30,1,1.578
-16420000746747,43.0,50,3,0.86
-16420000746605,36.0,50,6,0.72
-16420000746174,21.99,50,6,0.44
-16420000746170,38.0,50,6,0.76
-16420000745574,31.1,50,5,0.622
-16420000745573,18.0,50,6,0.36
-16420000745081,28.629999999999995,50,6,0.573
-16420000744023,44.0,60,4,0.733
-16420000742525,44.0,50,3,0.88
-16420000742314,52.629999999999995,50,4,1.053
-16420000742312,47.0,50,2,0.94
-16420000742138,52.0,50,3,1.04
-16420000741958,59.0,50,3,1.18
-16420000741957,57.0,50,3,1.14
-16420000741531,34.0,50,6,0.68
-16420000740959,85.0,70,1,1.214
-16420000739693,90.0,100,1,0.9
-16420000739406,49.0,60,2,0.817
-16420000739016,27.0,50,6,0.54
-16420000738656,55.489999999999995,50,3,1.11
-16420000738609,29.84,50,6,0.597
-16420000738240,62.21999999999999,50,3,1.244
-16420000738231,50.0,50,2,1.0
-16420000737892,24.0,60,3,0.4
-16420000737776,45.0,50,4,0.9
-16420000737383,54.0,50,3,1.08
-16420000737382,61.9,50,3,1.238
-16420000737189,36.585,50,4,0.732
-16420000736776,27.675,50,6,0.554
-16420000736767,66.0,70,3,0.943
-16420000736415,58.449999999999996,50,6,1.169
-16420000735773,46.809999999999995,50,4,0.936
-16420000735087,27.76,50,5,0.555
-16420000734714,48.87,50,4,0.977
-16420000734713,65.0,50,4,1.3
-16420000734711,46.37,50,4,0.927
-16420000733700,62.0,50,3,1.24
-16420000733434,44.0,50,4,0.88
-16420000731115,53.0,50,4,1.06
-16420000729416,65.4,50,4,1.308
-16420000729187,83.0,50,1,1.66
-16420000728959,26.0,50,5,0.52
-16420000728941,56.0,90,3,0.622
-16420000727138,33.0,50,2,0.66
-16420000725382,89.0,100,1,0.89
-16420000724708,89.1,100,2,0.891
-16420000723432,85.0,80,1,1.062
-16420000723129,43.95499999999999,50,2,0.879
-16420000723120,16.095,50,6,0.322
-16420000723118,29.0,50,6,0.58
-16420000721995,74.97999999999999,50,1,1.5
-16420000721163,68.0,50,2,1.36
-16420000718759,46.0,50,3,0.92
-16420000716604,52.0,50,3,1.04
-16420000716603,34.129999999999995,50,4,0.683
-16420000716594,19.0,50,6,0.38
-16420000716593,26.0,50,6,0.52
-16420000716355,45.2,50,3,0.904
-16420000716346,14.7,50,6,0.294
-16420000713874,84.0,70,1,1.2
-16420000712632,53.489999999999995,50,4,1.07
-16420000712627,37.7,50,3,0.754
-16420000712623,59.035000000000004,50,2,1.181
-16420000712614,54.035,50,4,1.081
-16420000712572,59.9,50,1,1.198
-16420000712333,20.0,30,6,0.667
-16420000712095,55.02,50,3,1.1
-16420000710456,41.0,50,6,0.82
-16420000709206,84.0,100,1,0.84
-16420000709162,16.0,50,6,0.32
-16420000708641,78.0,50,1,1.56
-16420000708455,44.0,50,4,0.88
-16420000705641,27.1,60,4,0.452
-16420000705621,83.0,70,1,1.186
-16420000705620,81.4,80,1,1.018
-16420000704223,46.0,50,6,0.92
-16420000703526,25.0,50,5,0.5
-16420000703517,49.0,50,4,0.98
-16420000703514,41.2,50,4,0.824
-16420000701976,34.0,50,2,0.68
-16420000701358,30.03,50,6,0.601
-16420000701063,46.0,30,6,1.533
-16420000701054,50.745,50,4,1.015
-16420000701043,39.3,30,6,1.31
-16420000700349,47.305,50,5,0.946
-16420000700347,48.185,50,6,0.964
-16420000700340,64.0,50,4,1.28
-16420000700334,42.0,50,6,0.84
-16420000700333,49.0,50,5,0.98
-16420000698745,25.579999999999995,50,4,0.512
-16420000697036,46.0,50,4,0.92
-16420000696337,26.899999999999977,50,4,0.538
-16420000696336,29.859999999999992,50,4,0.597
-16420000695308,70.77999999999999,60,3,1.18
-16420000695303,43.0,30,5,1.433
-16420000695299,65.0,50,4,1.3
-16420000695296,24.4,50,6,0.488
-16420000693801,28.0,50,4,0.56
-16420000692877,39.0,50,4,0.78
-16420000690909,26.24,50,3,0.525
-16420000688001,37.75,50,6,0.755
-16420000687922,31.0,30,6,1.033
-16420000687918,37.0,30,6,1.233
-16420000687912,38.0,50,6,0.76
-16420000687060,63.1,50,3,1.262
-16420000687057,26.0,30,6,0.867
-16420000687056,74.72000000000001,50,2,1.494
-16420000685075,34.2,50,6,0.684
-16420000685068,27.0,50,5,0.54
-16420000685005,26.124999999999993,50,3,0.522
-16420000684996,40.35999999999999,50,1,0.807
-16420000684600,42.90999999999999,50,6,0.858
-16420000684580,46.475,50,4,0.93
-16420000684569,41.0,50,4,0.82
-16420000684133,34.0,30,3,1.133
-16420000682329,47.0,50,2,0.94
-16420000679209,36.0,50,2,0.72
-16420000676592,39.0,50,5,0.78
-16420000676585,30.0,50,4,0.6
-16420000676575,45.650000000000006,50,2,0.913
-16420000676250,33.0,50,3,0.66
-16420000671381,36.0,50,6,0.72
-16420000671379,36.0,50,6,0.72
-16420000671378,35.0,50,6,0.7
-16420000671373,16.4,30,6,0.547
-16420000671371,27.0,30,6,0.9
-16420000668006,49.60000000000001,50,6,0.992
-16420000667997,32.4,50,6,0.648
-16420000663208,34.0,50,4,0.68
-16420000661864,82.035,50,1,1.641
-16420000661124,34.0,50,4,0.68
-16420000660791,74.0,50,2,1.48
-16420000660622,12.0,50,4,0.24
-16420000660614,42.0,50,6,0.84
-16420000659078,67.0,50,2,1.34
-16420000654472,59.75,50,4,1.195
-16420000649760,44.0,50,5,0.88
-16420000649758,28.78,50,4,0.576
-16420000649127,45.0,50,3,0.9
-16420000646167,20.0,50,4,0.4
-16420000645029,61.0,60,2,1.017
-16420000641554,25.0,50,5,0.5
-16420000641550,38.945,50,6,0.779
-16420000640793,30.0,60,3,0.5
-16420000637020,30.8,50,6,0.616
-16420000637019,34.0,50,6,0.68
-16420000636994,46.0,50,4,0.92
-16420000634211,64.0,90,1,0.711
-16420000629461,51.0,50,2,1.02
-16420000628277,25.919999999999998,50,5,0.518
-16420000628276,27.044999999999998,50,4,0.541
-16420000628275,25.0,30,2,0.833
-16420000626754,24.9,30,6,0.83
-16420000626750,55.175000000000004,50,2,1.104
-16420000626749,37.83999999999999,30,6,1.261
-16420000626102,28.0,50,6,0.56
-16420000624306,46.0,50,4,0.92
-16420000624302,31.0,50,5,0.62
-16420000624300,27.975,30,2,0.932
-16420000622688,35.0,50,2,0.7
-16420000614364,34.0,50,4,0.68
-16420000612358,31.0,50,4,0.62
-16420000608024,21.86,50,4,0.437
-16420000606120,27.0,50,4,0.54
-16420000597665,68.0,50,2,1.36
-16420000596681,67.0,70,3,0.957
-16420000591300,55.25,50,4,1.105
-16420000581260,33.6,50,4,0.672
-16420000577047,49.0,50,2,0.98
-16420000576468,18.71,30,6,0.624
-16420000519794,37.85499999999999,50,6,0.757
-16420000477035,17.0,30,6,0.567
-16420000467117,27.0,50,6,0.54
-16420000449194,27.0,50,4,0.54
-16420000442242,60.0,50,3,1.2
-16420000434375,57.55499999999999,50,4,1.151
-16420000434366,30.0,50,4,0.6
-16420000412873,19.0,50,4,0.38
-16420000412872,22.0,50,6,0.44
-16420000406643,47.0,50,4,0.94
-16420000403713,53.0,60,2,0.883
-16420000403692,66.49999999999997,50,4,1.33
-16420000400722,47.0,50,5,0.94
-16420000400721,61.73,60,2,1.029
-16420000400719,29.0,50,6,0.58
-16420000400699,31.0,50,6,0.62
-16420000400698,48.0,50,4,0.96
-16420000400689,52.9,50,4,1.058
-16420000396374,26.0,30,6,0.867
-16420000396372,30.0,50,6,0.6
-16420000396368,37.0,50,6,0.74
-16420000394768,42.6,30,4,1.42
-16420000392362,33.0,50,6,0.66
-16420000392360,45.94999999999999,50,3,0.919
-16420000392357,44.0,50,3,0.88
-16420000392350,58.0,60,2,0.967
-16420000392341,40.0,50,4,0.8
-16420000385249,58.0,60,2,0.967
-16420000376329,29.0,50,6,0.58
-16420000376320,52.0,50,4,1.04
-16420000376316,44.0,30,6,1.467
-16420000375190,30.569999999999993,50,3,0.611
-16420000361796,42.0,50,4,0.84
-16420000351452,22.0,30,6,0.733
-16420000351411,30.0,50,6,0.6
-16420000341796,29.944999999999997,50,6,0.599
-16420000341784,40.12,50,6,0.802
-16420000341782,38.5,30,6,1.283
-16420000336464,35.7,50,2,0.714
-16420000336460,30.0,50,5,0.6
-16420000336459,26.0,50,3,0.52
-16420000336453,64.0,50,3,1.28
-16420000336437,42.0,50,6,0.84
-16420000330454,40.0,50,3,0.8
-16420000329333,44.0,50,4,0.88
-16420000326649,18.0,50,4,0.36
-16420000326644,55.0,50,2,1.1
-16420000326641,29.0,50,4,0.58
-16420000326637,26.0,50,4,0.52
-16420000323452,48.0,50,4,0.96
-16420000323450,47.825,50,4,0.956
-16420000323444,45.0,30,4,1.5
-16420000323442,38.285,30,4,1.276
-16420000323203,35.0,50,4,0.7
-16420000320957,39.0,50,2,0.78
-16420000320956,39.0,50,2,0.78
-16420000320954,56.0,50,2,1.12
-16420000320951,52.0,50,2,1.04
-16420000320949,41.889999999999986,50,2,0.838
-16420000320945,51.1,50,2,1.022
-16420000320943,48.0,50,2,0.96
-16420000316915,64.0,60,3,1.067
-16420000316912,57.4,50,3,1.148
-16420000316906,45.0,50,5,0.9
-16420000316905,47.0,50,6,0.94
-16420000316903,26.8,30,6,0.893
-16420000316336,49.0,50,3,0.98
-16420000316335,49.0,50,3,0.98
-16420000315965,43.0,50,2,0.86
-16420000314370,57.0,50,3,1.14
-16420000314367,65.1,50,3,1.302
-16420000314366,68.0,50,3,1.36
-16420000314365,68.0,50,3,1.36
-16420000313968,34.0,50,4,0.68
-16420000313966,37.0,50,4,0.74
-16420000313955,48.33,50,4,0.967
-16420000313953,49.0,50,4,0.98
-16420000313951,50.0,50,4,1.0
-16420000313949,52.2,50,4,1.044
-16420000313945,52.0,60,4,0.867
-16420000313942,52.0,60,4,0.867
-16420000313940,52.0,60,4,0.867
-16420000313938,51.7,60,4,0.862
-16420000313937,51.69,50,4,1.034
-16420000313931,54.0,50,4,1.08
-16420000313929,54.0,50,4,1.08
-16420000313926,58.54,50,4,1.171
-16420000313925,59.0,50,4,1.18
-16420000311385,30.0,50,4,0.6
-16420000311384,28.0,50,4,0.56
-16420000311383,20.0,50,4,0.4
-16420000308845,38.0,50,5,0.76
-16420000308838,42.26499999999999,50,6,0.845
-16420000308832,42.0,30,6,1.4
-16420000308567,63.0,60,6,1.05
-16420000308566,65.0,60,6,1.083
-16420000308565,64.7,60,6,1.078
-16420000308564,65.3,60,6,1.088
-16420000307723,48.0,50,5,0.96
-16420000307707,32.0,50,6,0.64
-16420000305752,47.0,50,5,0.94
-16420000305748,29.299999999999997,50,6,0.586
-16420000305744,45.0,50,5,0.9
-16420000305740,48.0,50,5,0.96
-16420000301565,47.0,50,5,0.94
-16420000301562,46.160000000000004,30,6,1.539
-16420000301080,55.0,60,2,0.917
-16420000299670,63.6,60,2,1.06
-16420000299048,47.0,50,6,0.94
-16420000299045,20.82,50,6,0.416
-16420000299041,50.25,50,4,1.005
-16420000299039,39.97,30,6,1.332
-16420000299034,31.0,50,6,0.62
-16420000299030,39.0,50,5,0.78
-16420000295930,39.0,30,5,1.3
-16420000295921,46.0,50,6,0.92
-16420000295919,31.3,30,6,1.043
-16420000292824,52.5,50,4,1.05
-16420000292821,26.110000000000003,50,6,0.522
-16420000292820,39.660000000000004,30,6,1.322
-16420000292819,48.435,50,3,0.969
-16420000292813,36.155,50,4,0.723
-16420000290215,48.2,50,2,0.964
-16420000290201,35.0,50,5,0.7
-16420000290186,27.0,50,4,0.54
-16420000287993,50.0,50,3,1.0
-16420000287953,24.25,50,6,0.485
-16420000287951,61.479999999999976,50,5,1.23
-16420000287946,48.0,50,5,0.96
-16420000287943,22.0,50,6,0.44
-16420000287941,62.0,50,4,1.24
-16420000284188,29.7,50,5,0.594
-16420000284186,37.0,50,6,0.74
-16420000284184,44.0,30,6,1.467
-16420000280700,22.75,30,6,0.758
-16420000278063,55.0,50,4,1.1
-16420000278053,52.0,50,3,1.04
-16420000278042,61.20999999999999,50,3,1.224
-16420000278037,48.0,50,4,0.96
-16420000278033,57.0,60,2,0.95
-16420000277903,47.0,50,2,0.94
-16420000277900,33.004999999999995,50,3,0.66
-16420000277893,37.0,50,3,0.74
-16420000277892,40.0,50,3,0.8
-16420000277842,38.0,50,4,0.76
-16420000277813,22.5,50,6,0.45
-16420000277392,42.0,50,4,0.84
-16420000277338,54.0,50,4,1.08
-16420000275708,36.0,50,4,0.72
-16420000272514,47.06,50,6,0.941
-16420000272511,15.0,50,6,0.3
-16420000272505,25.0,30,6,0.833
-16420000272501,14.0,50,6,0.28
-16420000270235,38.82999999999999,50,4,0.777
-16420000268352,24.0,50,6,0.48
-16420000268343,24.39999999999999,50,6,0.488
-16420000268335,51.0,50,6,1.02
-16420000265750,26.9,50,6,0.538
-16420000265749,42.855,50,6,0.857
-16420000261014,25.95,30,6,0.865
-16420000261008,32.0,50,6,0.64
-16420000261004,33.0,30,6,1.1
-16420000261003,40.0,30,6,1.333
-16420000261002,23.66999999999999,30,6,0.789
-16420000259555,22.0,30,6,0.733
-16420000257154,24.0,50,4,0.48
-16420000257119,51.42999999999999,50,4,1.029
-16420000257078,23.080000000000002,30,6,0.769
-16420000254357,58.5,40,2,1.462
-16420000253129,56.0,50,4,1.12
-16420000253120,34.0,50,6,0.68
-16420000244516,21.0,50,6,0.42
-16420000243463,23.0,50,5,0.46
-16420000243446,22.62,50,6,0.452
-16420000236098,23.0,50,4,0.46
-16420000236096,42.0,30,2,1.4
-16420000236053,27.0,30,6,0.9
-16420000236050,50.0,50,4,1.0
-16420000236048,46.1,50,4,0.922
-16420000236046,25.0,30,5,0.833
-16420000236042,47.35999999999999,30,6,1.579
-16420000236040,48.0,50,6,0.96
-16420000231117,37.62,30,6,1.254
-16420000231111,29.0,30,6,0.967
-16420000231110,55.0,50,4,1.1
-16420000231108,28.0,50,6,0.56
-16420000231106,50.805,50,4,1.016
-16420000231104,44.0,30,6,1.467
-16420000231103,42.0,30,6,1.4
-16420000230496,59.309999999999995,50,4,1.186
-16420000228017,27.98,50,6,0.56
-16420000228010,42.699999999999996,30,6,1.423
-16420000227016,29.804999999999996,50,6,0.596
-16420000224343,40.74,50,6,0.815
-16420000224342,34.0,50,4,0.68
-16420000224335,62.5,50,4,1.25
-16420000222297,50.0,50,4,1.0
-16420000218743,74.0,50,2,1.48
-16420000218739,40.0,50,2,0.8
-16420000214604,20.75,50,6,0.415
-16420000214457,31.0,30,6,1.033
-16420000214455,26.799999999999997,50,6,0.536
-16420000214446,33.0,30,6,1.1
-16420000214434,50.739999999999995,50,6,1.015
-16420000209561,36.07,50,6,0.721
-16420000209555,31.0,50,4,0.62
-16420000209545,50.0,50,5,1.0
-16420000207604,51.79,50,6,1.036
-16420000206797,20.0,30,6,0.667
-16420000204597,28.47,50,4,0.569
-16420000204594,23.45,50,6,0.469
-16420000204589,32.0,50,6,0.64
-16420000200246,50.585,50,2,1.012
-16420000200241,46.0,50,6,0.92
-16420000198690,62.33999999999998,50,2,1.247
-16420000197048,33.669999999999995,30,6,1.122
-16420000197043,46.0,30,5,1.533
-16420000197038,31.0,50,6,0.62
-16420000196572,39.7,50,2,0.794
-16420000194421,32.0,50,6,0.64
-16420000194415,48.0,50,5,0.96
-16420000194414,33.0,50,4,0.66
-16420000194407,35.865,50,6,0.717
-16420000194405,39.0,50,4,0.78
-16420000194402,37.50499999999999,30,6,1.25
-16420000194401,27.0,50,5,0.54
-16420000191448,59.665,50,2,1.193
-16420000181644,44.0,50,5,0.88
-16420000181640,46.0,50,4,0.92
-16420000181621,43.0,50,6,0.86
-16420000181085,42.0,50,4,0.84
-16420000179899,36.0,50,4,0.72
-16420000179895,33.0,50,6,0.66
-16420000177974,41.0,50,6,0.82
-16420000177967,36.35,50,6,0.727
-16420000177584,50.0,50,4,1.0
-16420000177528,59.0,50,4,1.18
-16420000175975,61.0,50,4,1.22
-16420000174784,52.0,50,4,1.04
-16420000172998,29.0,50,4,0.58
-16420000172997,37.0,50,4,0.74
-16420000172138,53.0,50,4,1.06
-16420000168990,20.339999999999996,50,4,0.407
-16420000165714,43.0,50,6,0.86
-16420000165706,49.0,50,3,0.98
-16420000165705,39.0,50,5,0.78
-16420000165092,37.6,50,2,0.752
-16420000165088,33.0,50,6,0.66
-16420000164601,59.0,50,4,1.18
-16420000163936,32.2,50,2,0.644
-16420000163505,45.0,50,4,0.9
-16420000163501,17.32,30,6,0.577
-16420000163500,45.26999999999999,30,4,1.509
-16420000161365,23.0,50,4,0.46
-16420000161362,41.0,50,2,0.82
-16420000161348,44.0,50,6,0.88
-16420000159930,42.25,50,6,0.845
-16420000159927,44.985,50,5,0.9
-16420000159923,40.0,50,5,0.8
-16420000159922,18.389999999999997,50,5,0.368
-16420000159917,67.0,60,4,1.117
-16420000159689,16.8,90,3,0.187
-16420000159683,28.0,50,4,0.56
-16420000157777,63.0,50,2,1.26
-16420000157776,54.0,50,5,1.08
-16420000157773,51.0,50,3,1.02
-16420000157761,62.0,60,2,1.033
-16420000157489,59.0,50,3,1.18
-16420000154994,23.044999999999998,50,3,0.461
-16420000154977,52.15,50,4,1.043
-16420000153012,29.0,50,3,0.58
-16420000153010,41.0,50,2,0.82
-16420000153003,29.0,50,6,0.58
-16420000152997,62.0,50,2,1.24
-16420000152993,53.0,50,3,1.06
-16420000152373,19.0,50,4,0.38
-16420000152372,47.0,50,3,0.94
-16420000152371,52.0,50,3,1.04
-16420000151914,36.70499999999999,50,6,0.734
-16420000151885,50.0,50,3,1.0
-16420000151364,18.0,50,6,0.36
-16420000150874,63.0,50,2,1.26
-16420000150873,53.23,50,4,1.065
-16420000150695,43.510000000000005,50,3,0.87
-16420000150694,50.0,50,3,1.0
-16420000149227,50.2,60,2,0.837
-16420000147908,32.0,50,6,0.64
-16420000147892,22.825000000000003,50,6,0.457
-16420000147810,33.0,50,6,0.66
-16420000147509,41.0,50,3,0.82
-16420000147178,35.0,50,4,0.7
-16420000146729,63.08,50,2,1.262
-16420000146728,31.679999999999996,18,2,1.76
-16420000146726,62.0,50,4,1.24
-16420000146725,35.69999999999999,50,6,0.714
-16420000146658,63.0,50,2,1.26
-16420000146239,31.0,50,6,0.62
-16420000145673,43.0,50,4,0.86
-16420000145672,58.23,60,2,0.97
-16420000145083,27.099999999999998,50,5,0.542
-16420000145082,27.0,50,6,0.54
-16420000145078,46.0,30,4,1.533
-16420000145002,44.0,50,6,0.88
-16420000145000,16.810000000000002,30,5,0.56
-16420000144956,61.0,40,2,1.525
-16420000144938,42.245,50,3,0.845
-16420000144222,51.0,50,4,1.02
-16420000143628,52.0,50,2,1.04
-16420000143586,28.0,50,6,0.56
-16420000143573,44.0,50,6,0.88
-16420000143572,48.0,50,5,0.96
-16420000143571,48.2,50,6,0.964
-16420000143015,35.0,50,6,0.7
-16420000143014,29.9,50,6,0.598
-16420000143012,30.819999999999997,50,6,0.616
-16420000143011,38.49,50,6,0.77
-16420000143010,53.0,50,3,1.06
-16420000143007,52.0,50,3,1.04
-16420000142747,54.0,50,2,1.08
-16420000142390,46.0,50,4,0.92
-16420000141658,57.8,50,2,1.156
-16420000141656,52.0,60,4,0.867
-16420000141585,28.299999999999997,30,6,0.943
-16420000141576,47.849999999999994,30,6,1.595
-16420000141562,46.0,50,6,0.92
-16420000141335,33.06,50,4,0.661
-16420000141324,42.4,50,3,0.848
-16420000141103,29.279999999999998,50,6,0.586
-16420000140975,61.065,50,2,1.221
-16420000140967,31.0,30,4,1.033
-16420000140963,54.150000000000006,50,4,1.083
-16420000140719,36.0,50,4,0.72
-16420000140716,49.0,50,4,0.98
-16420000140709,32.0,30,6,1.067
-16420000140701,38.379999999999995,50,6,0.768
-16420000140700,24.069999999999997,30,6,0.802
-16420000140699,57.0,50,3,1.14
-16420000140594,56.0,50,2,1.12
-16420000140144,54.0,50,4,1.08
-16420000138983,23.599999999999998,30,6,0.787
-16420000138981,48.0,30,6,1.6
-16420000138975,34.36,50,5,0.687
-16420000138969,38.0,30,6,1.267
-16420000138967,26.0,30,6,0.867
-16420000138414,28.0,50,3,0.56
-16420000138413,29.0,50,3,0.58
-16420000137947,25.0,50,4,0.5
-16420000137946,34.0,50,5,0.68
-16420000137943,56.364999999999995,50,2,1.127
-16420000137681,49.3,50,3,0.986
-16420000137678,27.0,50,6,0.54
-16420000137672,23.0,50,6,0.46
-16420000137670,47.0,50,6,0.94
-16420000137667,32.28,50,6,0.646
-16420000137343,17.0,50,5,0.34
-16420000136867,31.0,50,6,0.62
-16420000136830,50.0,50,3,1.0
-16420000136707,26.0,30,6,0.867
-16420000136704,65.6,60,4,1.093
-16420000136499,28.5,50,6,0.57
-16420000136415,41.0,50,3,0.82
-16420000136281,26.0,50,5,0.52
-16420000135539,29.825000000000003,50,6,0.596
-16420000135532,43.0,50,4,0.86
-16420000135530,24.6,50,6,0.492
-16420000135527,37.85,30,6,1.262
-16420000135520,42.0,50,6,0.84
-16420000135485,35.8,50,6,0.716
-16420000134406,43.0,50,3,0.86
-16420000134394,44.875,50,3,0.898
-16420000134393,25.22,30,6,0.841
-16420000134392,41.1,30,6,1.37
-16420000134388,48.0,50,4,0.96
-16420000134338,29.110000000000003,50,3,0.582
-16420000133317,54.36999999999999,50,4,1.087
-16420000133212,59.0,60,2,0.983
-16420000133161,26.0,50,2,0.52
-16420000133157,22.0,50,4,0.44
-16420000132440,33.56999999999999,50,6,0.671
-16420000132430,29.239999999999984,30,6,0.975
-16420000132427,38.0,50,6,0.76
-16420000132056,40.0,50,5,0.8
-16420000132050,44.0,50,5,0.88
-16420000132044,17.6,50,6,0.352
-16420000132043,51.9,50,6,1.038
-16420000132010,50.0,50,4,1.0
-16420000132002,65.53,60,2,1.092
-16420000131555,24.0,30,2,0.8
-16420000131507,30.0,50,4,0.6
-16420000131506,42.0,50,5,0.84
-16420000131505,35.2,50,5,0.704
-16420000131485,20.0,50,6,0.4
-16420000131484,35.0,50,3,0.7
-16420000131292,52.0,50,3,1.04
-16420000131065,47.0,50,2,0.94
-16420000131046,42.269999999999996,50,2,0.845
-16420000130644,55.0,50,2,1.1
-16420000130598,51.5,50,3,1.03
-16420000130463,25.95,30,6,0.865
-16420000130450,52.89999999999999,50,6,1.058
-16420000130246,47.0,50,4,0.94
-16420000130244,54.0,50,4,1.08
-16420000130239,43.5,50,2,0.87
-16420000130233,45.0,30,4,1.5
-16420000130136,54.0,50,4,1.08
-16420000130135,45.0,50,4,0.9
-16420000130134,40.0,50,6,0.8
-16420000130132,45.0,50,5,0.9
-16420000130131,54.0,50,3,1.08
-16420000130125,39.4,50,6,0.788
-16420000130123,33.6,50,6,0.672
-16420000130097,49.0,50,2,0.98
-16420000130030,33.35,50,6,0.667
-16420000130029,17.0,50,3,0.34
-16420000130020,48.585,50,4,0.972
-16420000130015,34.7,50,6,0.694
-16420000129984,32.4,30,6,1.08
-16420000129711,30.494999999999994,50,4,0.61
-16420000129506,41.0,50,4,0.82
-16420000129499,63.0,50,3,1.26
-16420000129492,48.0,50,4,0.96
-16420000129491,43.0,50,4,0.86
-16420000129479,52.0,50,3,1.04
-16420000129148,44.0,50,4,0.88
-16420000129090,29.0,50,2,0.58
-16420000129088,21.19999999999999,50,6,0.424
-16420000129082,55.0,50,3,1.1
-16420000129074,30.0,50,5,0.6
-16420000128960,21.78,50,5,0.436
-16420000128924,48.080000000000005,30,4,1.603
-16420000128918,50.0,50,5,1.0
-16420000128913,42.15,30,5,1.405
-16420000128911,29.465,50,6,0.589
-16420000128889,35.88,30,6,1.196
-16420000128887,40.0,50,6,0.8
-16420000128712,32.55,50,6,0.651
-16420000128615,58.0,30,4,1.933
-16420000128537,28.0,18,2,1.556
-16420000128536,58.0,50,4,1.16
-16420000128368,39.0,50,6,0.78
-16420000128367,47.0,50,3,0.94
-16420000128363,53.0,50,3,1.06
-16420000128360,53.0,50,2,1.06
-16420000128355,55.0,50,2,1.1
-16420000128211,47.0,50,4,0.94
-16420000128209,53.0,30,3,1.767
-16420000128203,41.0,50,3,0.82
-16420000128200,64.0,60,3,1.067
-16420000128199,46.0,50,4,0.92
-16420000128192,36.0,50,6,0.72
-16420000128030,48.0,50,3,0.96
-16420000127706,55.015,60,2,0.917
-16420000127693,27.04,30,6,0.901
-16420000127692,21.654999999999994,50,4,0.433
-16420000127673,39.904999999999994,30,6,1.33
-16420000127668,23.875,50,6,0.478
-16420000127663,28.509999999999998,50,6,0.57
-16420000127434,52.0,50,3,1.04
-16420000127255,44.0,30,5,1.467
-16420000127252,41.0,60,3,0.683
-16420000127246,51.25,50,4,1.025
-16420000127038,41.8,50,2,0.836
-16420000127028,46.95499999999999,50,3,0.939
-16420000127024,27.0,30,6,0.9
-16420000126879,55.0,50,3,1.1
-16420000126876,56.0,50,2,1.12
-16420000126871,48.059999999999995,50,4,0.961
-16420000126865,38.0,50,5,0.76
-16420000126861,58.0,50,4,1.16
-16420000126703,57.0,30,2,1.9
-16420000126509,61.0,50,4,1.22
-16420000126498,28.849999999999994,50,6,0.577
-16420000126491,56.849999999999994,60,2,0.947
-16420000125766,29.3,50,4,0.586
-16420000125759,34.455,50,6,0.689
-16420000125365,51.81,50,3,1.036
-16420000125264,49.05,50,3,0.981
-16420000125207,27.0,50,4,0.54
-16420000125202,52.0,50,2,1.04
-16420000125167,40.0,50,6,0.8
-16420000125154,51.98,30,4,1.733
-16420000125131,18.0,50,6,0.36
-16420000125130,50.56999999999999,50,5,1.011
-16420000125126,33.74,50,6,0.675
-16420000124940,35.125,50,2,0.702
-16420000124847,63.015,60,2,1.05
-16420000124527,33.25,50,6,0.665
-16420000124523,28.0,50,5,0.56
-16420000124274,52.0,50,3,1.04
-16420000123780,46.0,50,3,0.92
-16420000123776,39.6,50,3,0.792
-16420000123774,36.6,50,4,0.732
-16420000123770,32.150000000000006,50,6,0.643
-16420000123644,42.0,50,5,0.84
-16420000123638,54.264999999999986,50,3,1.085
-16420000123633,58.19499999999999,50,3,1.164
-16420000123626,48.0,50,3,0.96
-16420000123581,66.0,60,6,1.1
-16420000123564,50.0,50,4,1.0
-16420000123559,75.29999999999998,50,6,1.506
-16420000123550,21.0,50,6,0.42
-16420000123547,36.0,50,6,0.72
-16420000123412,45.0,50,4,0.9
-16420000123399,45.0,30,6,1.5
-16420000123398,49.94,50,5,0.999
-16420000123235,31.0,50,6,0.62
-16420000123218,63.0,50,2,1.26
-16420000123215,35.0,50,6,0.7
-16420000123142,49.0,50,3,0.98
-16420000123063,31.0,50,3,0.62
-16420000123061,47.88999999999999,50,4,0.958
-16420000123060,64.0,30,4,2.133
-16420000123056,53.0,50,3,1.06
-16420000122997,43.0,50,3,0.86
-16420000122988,53.6,40,2,1.34
-16420000122928,34.25,50,6,0.685
-16420000122652,30.0,50,4,0.6
-16420000122606,18.48,18,3,1.027
-16420000122605,60.0,50,4,1.2
-16420000122604,42.0,50,5,0.84
-16420000122603,53.370000000000005,50,2,1.067
-16420000122595,26.4,50,6,0.528
-16420000122594,30.0,50,6,0.6
-16420000122586,53.0,50,4,1.06
-16420000122534,36.0,50,6,0.72
-16420000122260,46.0,50,2,0.92
-16420000122252,55.6,50,2,1.112
-16420000121993,31.0,50,4,0.62
-16420000121962,26.05,50,2,0.521
-16420000121733,16.7,50,6,0.334
-16420000121644,51.9,50,2,1.038
-16420000121625,44.0,50,6,0.88
-16420000121450,51.88999999999999,50,4,1.038
-16420000121126,57.0,50,2,1.14
-16420000121070,64.0,60,6,1.067
-16420000120949,13.399999999999999,18,3,0.744
-16420000120948,32.0,50,6,0.64
-16420000120932,48.3,50,3,0.966
-16420000120847,49.0,50,3,0.98
-16420000120846,50.0,50,2,1.0
-16420000120657,17.0,50,5,0.34
-16420000120539,48.0,50,4,0.96
-16420000120538,47.9,50,4,0.958
-16420000120537,44.18,50,4,0.884
-16420000120536,40.0,30,4,1.333
-16420000120484,65.25999999999999,50,4,1.305
-16420000120468,29.599999999999998,50,6,0.592
-16420000120465,24.0,50,6,0.48
-16420000119891,42.0,50,6,0.84
-16420000119770,39.0,50,3,0.78
-16420000119725,29.0,50,6,0.58
-16420000119722,42.0,50,4,0.84
-16420000119691,30.0,50,4,0.6
-16420000119689,47.0,50,4,0.94
-16420000119688,46.0,50,4,0.92
-16420000119687,46.1,50,4,0.922
-16420000119672,35.0,40,4,0.875
-16420000119610,38.0,50,4,0.76
-16420000119542,34.0,50,6,0.68
-16420000119525,50.0,50,5,1.0
-16420000119524,30.0,50,6,0.6
-16420000119523,39.0,50,6,0.78
-16420000119521,37.0,50,6,0.74
-16420000119511,41.0,30,6,1.367
-16420000119509,27.4,50,6,0.548
-16420000119505,39.0,30,6,1.3
-16420000119504,30.0,50,6,0.6
-16420000119492,42.98,50,6,0.86
-16420000119491,47.0,50,6,0.94
-16420000119486,42.0,60,4,0.7
-16420000118997,40.0,50,3,0.8
-16420000118996,46.0,60,3,0.767
-16420000118995,44.0,60,3,0.733
-16420000118994,40.8,50,3,0.816
-16420000118993,30.0,50,3,0.6
-16420000118992,38.79499999999999,50,3,0.776
-16420000118990,50.0,50,3,1.0
-16420000118988,52.0,50,3,1.04
-16420000118986,50.0,50,3,1.0
-16420000118985,45.125,50,3,0.902
-16420000118601,18.0,50,6,0.36
-16420000118600,38.31999999999999,30,4,1.277
-16420000118599,39.0,50,4,0.78
-16420000118598,34.125,50,4,0.682
-16420000118597,31.15999999999999,50,4,0.623
-16420000118596,28.0,50,4,0.56
-16420000118595,39.0,50,4,0.78
-16420000118594,38.0,50,4,0.76
-16420000118593,18.019999999999992,50,6,0.36
-16420000118592,25.4,50,4,0.508
-16420000118585,67.0,60,4,1.117
-16420000118584,51.0,50,5,1.02
-16420000118582,32.0,50,4,0.64
-16420000118572,55.585,50,2,1.112
-16420000118571,68.1,50,2,1.362
-16420000118570,64.6,60,3,1.077
-16420000118532,40.80000000000001,50,4,0.816
-16420000118494,45.39999999999998,50,3,0.908
-16420000118493,50.0,50,1,1.0
-16420000118491,27.0,50,4,0.54
-16420000118420,32.0,50,2,0.64
-16420000118417,47.0,50,3,0.94
-16420000118412,62.0,50,4,1.24
-16420000118368,50.0,50,4,1.0
-16420000118173,56.0,50,4,1.12
-16420000118172,45.5,30,4,1.517
-16420000117505,23.2,50,6,0.464
-16420000117499,55.0,60,2,0.917
-16420000117490,48.0,50,4,0.96
-16420000117344,29.39999999999999,50,4,0.588
-16420000117340,28.599999999999998,50,4,0.572
-16420000117339,30.865,50,6,0.617
-16420000117284,28.0,30,4,0.933
-16420000117253,37.8,50,6,0.756
-16420000117243,49.0,50,4,0.98
-16420000117218,50.28999999999999,50,5,1.006
-16420000117210,39.3,50,5,0.786
-16420000117196,61.0,50,3,1.22
-16420000116928,42.14000000000001,50,4,0.843
-16420000116750,47.0,50,4,0.94
-16420000116712,25.0,50,4,0.5
-16420000116711,50.8,50,4,1.016
-16420000116710,49.0,50,4,0.98
-16420000116709,47.0,50,4,0.94
-16420000116708,47.0,50,4,0.94
-16420000116707,48.870000000000005,50,4,0.977
-16420000116706,50.0,50,4,1.0
-16420000116705,50.0,50,4,1.0
-16420000116704,47.4,50,4,0.948
-16420000116702,47.0,50,4,0.94
-16420000116701,49.0,50,4,0.98
-16420000116490,60.910000000000004,50,3,1.218
-16420000116481,68.0,60,3,1.133
-16420000116477,40.0,50,3,0.8
-16420000116474,60.464999999999996,50,4,1.209
-16420000116473,62.0,50,4,1.24
-16420000116394,54.0,50,4,1.08
-16420000116393,53.0,50,4,1.06
-16420000116392,54.0,50,4,1.08
-16420000116390,31.0,50,4,0.62
-16420000116291,28.285,50,4,0.566
-16420000116290,24.0,30,6,0.8
-16420000116275,44.0,50,4,0.88
-16420000116274,14.4,30,6,0.48
-16420000115673,48.0,40,2,1.2
-16420000115600,40.0,30,6,1.333
-16420000115472,19.7,30,6,0.657
-16420000115471,62.235,50,4,1.245
-16420000115392,27.0,30,6,0.9
-16420000115389,36.7,50,3,0.734
-16420000115387,56.6,50,3,1.132
-16420000115381,45.0,50,4,0.9
-16420000115377,46.0,50,3,0.92
-16420000114824,35.0,30,6,1.167
-16420000114823,22.35,30,6,0.745
-16420000114820,33.0,50,6,0.66
-16420000114775,33.0,50,4,0.66
-16420000114732,30.0,50,4,0.6
-16420000114731,67.3,60,2,1.122
-16420000114674,55.0,50,4,1.1
-16420000114399,57.16,50,3,1.143
-16420000114397,30.0,50,6,0.6
-16420000114233,52.0,50,4,1.04
-16420000114232,48.0,30,3,1.6
-16420000114218,31.0,50,4,0.62
-16420000114217,22.75,50,5,0.455
-16420000114215,38.0,50,4,0.76
-16420000114210,26.0,30,6,0.867
-16420000114154,37.135,50,4,0.743
-16420000114152,12.0,30,6,0.4
-16420000114101,39.0,50,5,0.78
-16420000114097,48.7,50,4,0.974
-16420000114090,43.3,50,6,0.866
-16420000114087,43.9,60,2,0.732
-16420000114086,45.7,50,4,0.914
-16420000114077,25.075,50,6,0.501
-16420000114060,58.0,50,4,1.16
-16420000113882,29.0,50,4,0.58
-16420000113873,23.0,40,6,0.575
-16420000113861,50.0,50,3,1.0
-16420000113818,89.0,100,2,0.89
-16420000113794,61.0,50,3,1.22
-16420000113787,36.63,50,6,0.733
-16420000113786,36.0,50,3,0.72
-16420000113581,30.16,50,6,0.603
-16420000113580,49.0,50,5,0.98
-16420000113578,20.995,18,2,1.166
-16420000113564,27.0,50,4,0.54
-16420000113534,21.0,50,4,0.42
-16420000113467,26.0,50,3,0.52
-16420000113373,56.0,30,2,1.867
-16420000113220,46.0,50,3,0.92
-16420000113218,27.0,50,6,0.54
-16420000113217,58.0,60,2,0.967
-16420000113213,44.0,50,2,0.88
-16420000113211,69.0,50,3,1.38
-16420000113147,53.0,50,4,1.06
-16420000113073,39.3,50,6,0.786
-16420000113070,59.5,50,4,1.19
-16420000113065,24.0,50,5,0.48
-16420000112997,54.0,60,2,0.9
-16420000112995,47.0,60,2,0.783
-16420000112992,28.0,30,6,0.933
-16420000112973,72.0,50,2,1.44
-16420000112972,41.0,50,4,0.82
-16420000112969,40.0,50,4,0.8
-16420000112960,74.0,50,2,1.48
-16420000112941,31.0,50,6,0.62
-16420000112924,32.35,50,5,0.647
-16420000112891,39.0,50,6,0.78
-16420000112890,31.0,30,6,1.033
-16420000112888,42.5,50,6,0.85
-16420000112747,50.0,50,2,1.0
-16420000112724,21.200000000000003,50,6,0.424
-16420000112703,28.0,30,6,0.933
-16420000112653,47.0,50,4,0.94
-16420000112622,46.0,50,1,0.92
-16420000112618,24.05,50,6,0.481
-16420000112588,63.44,50,6,1.269
-16420000112582,45.39499999999999,50,3,0.908
-16420000112565,55.2,50,3,1.104
-16420000112564,40.3,18,5,2.239
-16420000112561,50.0,50,4,1.0
-16420000112537,39.0,50,4,0.78
-16420000112533,24.6,50,2,0.492
-16420000112531,48.0,50,3,0.96
-16420000112308,29.0,30,6,0.967
-16420000112301,42.919999999999995,50,4,0.858
-16420000112300,54.0,50,4,1.08
-16420000112249,35.57999999999999,50,4,0.712
-16420000112224,38.0,50,4,0.76
-16420000112209,30.824999999999996,50,6,0.616
-16420000112140,42.0,50,5,0.84
-16420000112009,45.919999999999995,50,4,0.918
-16420000112008,21.1,50,6,0.422
-16420000111963,59.7,50,2,1.194
-16420000111962,48.0,50,4,0.96
-16420000111958,36.0,50,4,0.72
-16420000111923,37.0,30,6,1.233
-16420000111922,39.85499999999999,50,6,0.797
-16420000111911,44.0,50,5,0.88
-16420000111896,42.0,50,6,0.84
-16420000111892,54.0,50,4,1.08
-16420000111885,69.0,50,4,1.38
-16420000111881,51.2,50,4,1.024
-16420000111872,36.0,50,4,0.72
-16420000111869,30.0,50,2,0.6
-16420000111854,21.2,50,6,0.424
-16420000111772,50.0,50,5,1.0
-16420000111771,60.0,60,2,1.0
-16420000111768,46.38999999999999,50,3,0.928
-16420000111765,19.5,50,6,0.39
-16420000111758,19.0,50,6,0.38
-16420000111751,25.0,50,5,0.5
-16420000111745,42.0,50,6,0.84
-16420000111704,25.0,50,6,0.5
-16420000111703,23.0,50,4,0.46
-16420000111700,31.0,50,4,0.62
-16420000111660,53.1,60,4,0.885
-16420000111651,25.2,50,6,0.504
-16420000111649,54.2,50,3,1.084
-16420000111646,52.0,60,2,0.867
-16420000111621,60.0,50,2,1.2
-16420000111541,39.0,50,6,0.78
-16420000111524,18.729999999999997,50,5,0.375
-16420000111506,16.0,50,6,0.32
-16420000111445,43.0,30,5,1.433
-16420000111440,50.0,50,3,1.0
-16420000111382,22.4,50,6,0.448
-16420000111166,17.855,50,6,0.357
-16420000111152,42.0,50,3,0.84
-16420000110989,33.55,50,6,0.671
-16420000110956,64.0,40,6,1.6
-16420000110948,17.0,60,3,0.283
-16420000110940,29.619999999999994,50,4,0.592
-16420000110937,64.91000000000001,50,2,1.298
-16420000110851,52.0,50,4,1.04
-16420000110837,47.0,50,6,0.94
-16420000110836,49.0,50,5,0.98
-16420000110827,55.83999999999998,50,3,1.117
-16420000110824,57.0,60,4,0.95
-16420000110821,40.9,50,6,0.818
-16420000110818,39.95499999999999,50,6,0.799
-16420000110814,30.0,50,6,0.6
-16420000110812,39.8,30,2,1.327
-16420000110790,34.0,50,3,0.68
-16420000110778,25.0,50,6,0.5
-16420000110734,57.9,60,2,0.965
-16420000110726,23.29,50,5,0.466
-16420000110716,59.0,60,2,0.983
-16420000110715,27.389999999999997,50,2,0.548
-16420000110596,66.76,60,2,1.113
-16420000110488,42.0,30,6,1.4
-16420000110486,31.84,30,5,1.061
-16420000110457,50.0,50,4,1.0
-16420000110414,18.0,30,6,0.6
-16420000110412,46.17999999999999,50,5,0.924
-16420000110277,63.529999999999994,50,2,1.271
-16420000110274,24.0,50,6,0.48
-16420000110272,32.0,30,4,1.067
-16420000110135,29.0,30,6,0.967
-16420000110127,16.709999999999997,50,6,0.334
-16420000110089,37.0,50,4,0.74
-16420000110071,32.120000000000005,50,6,0.642
-16420000110062,43.0,60,2,0.717
-16420000110058,55.0,60,2,0.917
-16420000110052,24.005,50,6,0.48
-16420000110051,22.0,30,6,0.733
-16420000110050,55.0,30,2,1.833
-16420000110043,73.0,50,3,1.46
-16420000110028,48.9,50,4,0.978
-16420000109944,27.35,50,6,0.547
-16420000109918,26.0,50,6,0.52
-16420000109917,61.74000000000001,50,2,1.235
-16420000109915,49.0,30,4,1.633
-16420000109909,59.9,60,4,0.998
-16420000109907,34.0,50,6,0.68
-16420000109897,29.404999999999998,30,5,0.98
-16420000109894,41.31,50,3,0.826
-16420000109887,41.0,50,6,0.82
-16420000109881,31.16,30,6,1.039
-16420000109844,47.6,60,3,0.793
-16420000109840,54.5,60,3,0.908
-16420000109838,27.0,50,4,0.54
-16420000109835,63.0,50,2,1.26
-16420000109790,29.0,50,6,0.58
-16420000109691,34.77999999999997,50,4,0.696
-16420000109522,55.6,30,2,1.853
-16420000109521,59.349999999999966,50,2,1.187
-16420000109423,23.0,50,3,0.46
-16420000109388,42.95,50,6,0.859
-16420000109377,45.2,30,6,1.507
-16420000109374,32.809999999999995,30,6,1.094
-16420000109265,36.839999999999996,50,6,0.737
-16420000109245,45.0,50,5,0.9
-16420000109237,36.0,50,6,0.72
-16420000109230,68.39999999999999,50,6,1.368
-16420000109222,42.0,50,4,0.84
-16420000109213,40.0,50,6,0.8
-16420000109211,52.0,50,4,1.04
-16420000109210,33.92,50,5,0.678
-16420000109168,33.0,50,6,0.66
-16420000109167,38.0,50,4,0.76
-16420000109150,44.0,50,5,0.88
-16420000109123,29.8,30,6,0.993
-16420000109115,31.0,50,6,0.62
-16420000109112,55.144999999999996,50,4,1.103
-16420000109109,39.68,50,3,0.794
-16420000109062,18.269999999999996,50,6,0.365
-16420000109059,28.9,30,6,0.963
-16420000109058,36.0,50,6,0.72
-16420000109057,66.80000000000001,60,3,1.113
-16420000109052,35.419999999999995,30,6,1.181
-16420000109030,55.0,50,4,1.1
-16420000109018,58.0,50,6,1.16
-16420000109017,28.0,50,4,0.56
-16420000109011,55.0,50,4,1.1
-16420000109006,36.0,40,2,0.9
-16420000109002,17.924999999999997,50,6,0.358
-16420000108999,21.135,50,4,0.423
-16420000108968,52.0,50,6,1.04
-16420000108967,36.1,50,6,0.722
-16420000108929,52.0,50,4,1.04
-16420000108919,36.0,50,2,0.72
-16420000108873,42.0,50,5,0.84
-16420000108865,32.505,50,6,0.65
-16420000108855,52.0,60,2,0.867
-16420000108849,54.0,50,4,1.08
-16420000108842,42.79999999999998,50,6,0.856
-16420000108808,34.065,50,6,0.681
-16420000108807,35.59499999999999,50,3,0.712
-16420000108793,36.00000000000001,50,6,0.72
-16420000108750,64.0,60,2,1.067
-16420000108681,58.0,50,2,1.16
-16420000108646,24.47,50,4,0.489
-16420000108645,27.0,50,5,0.54
-16420000108631,56.0,50,3,1.12
-16420000108623,29.0,40,4,0.725
-16420000108596,37.0,50,5,0.74
-16420000108584,47.7,50,5,0.954
-16420000108571,42.0,30,6,1.4
-16420000108563,39.650000000000006,50,6,0.793
-16420000108477,50.0,50,5,1.0
-16420000108474,52.075,50,3,1.042
-16420000108469,42.0,30,6,1.4
-16420000108437,60.0,50,2,1.2
-16420000108410,62.4,60,4,1.04
-16420000108382,26.7,30,6,0.89
-16420000108377,41.0,50,3,0.82
-16420000108376,49.0,30,6,1.633
-16420000108369,56.4,50,2,1.128
-16420000108366,19.849999999999994,50,2,0.397
-16420000108362,37.0,50,3,0.74
-16420000108337,27.189999999999998,50,6,0.544
-16420000108335,46.0,50,4,0.92
-16420000108331,31.0,30,6,1.033
-16420000108330,40.0,50,6,0.8
-16420000108323,31.6,50,6,0.632
-16420000108320,45.08,50,6,0.902
-16420000108289,25.0,50,5,0.5
-16420000108288,33.0,50,4,0.66
-16420000108286,32.85,50,5,0.657
-16420000108246,37.0,50,6,0.74
-16420000108242,22.6,50,3,0.452
-16420000108183,55.0,50,4,1.1
-16420000108179,75.0,50,2,1.5
-16420000108172,62.0,50,2,1.24
-16420000108170,27.09,50,5,0.542
-16420000108169,44.0,50,5,0.88
-16420000108166,59.0,50,3,1.18
-16420000108164,46.0,50,6,0.92
-16420000108162,54.5,18,6,3.028
-16420000108127,35.080000000000005,50,6,0.702
-16420000108126,35.64,30,6,1.188
-16420000108120,46.85,50,6,0.937
-16420000108117,33.35,50,6,0.667
-16420000108115,33.22,50,5,0.664
-16420000108114,32.39,50,6,0.648
-16420000108111,34.04,50,6,0.681
-16420000107985,53.96999999999999,50,4,1.079
-16420000107927,24.519999999999996,30,6,0.817
-16420000107920,21.0,50,4,0.42
-16420000107819,33.14,50,6,0.663
-16420000107812,50.87,50,4,1.017
-16420000107803,32.0,30,6,1.067
-16420000107801,39.47,50,6,0.789
-16420000107783,57.36,50,3,1.147
-16420000107782,56.7,50,2,1.134
-16420000107770,49.0,50,4,0.98
-16420000107767,60.695,50,4,1.214
-16420000107748,44.0,50,3,0.88
-16420000107744,64.0,60,3,1.067
-16420000107740,56.0,50,3,1.12
-16420000107737,52.0,60,2,0.867
-16420000107736,45.2,50,4,0.904
-16420000107693,55.5,50,2,1.11
-16420000107585,52.39999999999998,50,4,1.048
-16420000107552,47.095,50,5,0.942
-16420000107526,25.0,50,6,0.5
-16420000107501,43.0,30,5,1.433
-16420000107498,35.8,30,5,1.193
-16420000107496,38.22,30,5,1.274
-16420000107495,41.8,30,6,1.393
-16420000107466,19.7,30,6,0.657
-16420000107464,44.0,50,4,0.88
-16420000107463,59.0,50,3,1.18
-16420000107436,35.93,50,6,0.719
-16420000107434,42.0,30,6,1.4
-16420000107417,26.905,50,6,0.538
-16420000107409,41.0,50,4,0.82
-16420000107407,50.0,50,6,1.0
-16420000107398,54.11000000000001,50,4,1.082
-16420000107394,20.09,50,6,0.402
-16420000107392,34.0,50,5,0.68
-16420000107390,19.0,50,6,0.38
-16420000107389,59.7,50,4,1.194
-16420000107377,52.0,50,5,1.04
-16420000107374,24.0,50,3,0.48
-16420000107373,34.0,50,6,0.68
-16420000107337,58.0,20,3,2.9
-16420000107319,44.010000000000005,50,3,0.88
-16420000107314,47.0,50,6,0.94
-16420000107298,25.0,50,5,0.5
-16420000107286,60.0,50,4,1.2
-16420000107280,20.35,30,6,0.678
-16420000107277,35.0,50,6,0.7
-16420000107270,37.245,50,5,0.745
-16420000107260,16.0,30,6,0.533
-16420000107259,15.0,50,6,0.3
-16420000107252,41.0,50,4,0.82
-16420000107250,44.0,50,4,0.88
-16420000107248,26.5,50,6,0.53
-16420000107245,36.0,50,4,0.72
-16420000107233,63.2,50,2,1.264
-16420000107230,23.0,50,2,0.46
-16420000107226,46.94499999999999,50,3,0.939
-16420000107194,42.0,50,2,0.84
-16420000107193,61.0,40,2,1.525
-16420000107146,67.0,60,4,1.117
-16420000107142,57.0,50,3,1.14
-16420000107134,46.48,50,6,0.93
-16420000107129,43.0,50,6,0.86
-16420000107128,29.56,50,6,0.591
-16420000107123,24.0,50,4,0.48
-16420000107121,59.0,60,4,0.983
-16420000107115,29.199999999999992,50,6,0.584
-16420000107114,22.0,50,6,0.44
-16420000107109,34.0,20,6,1.7
-16420000107105,38.855,50,4,0.777
-16420000107104,34.0,50,6,0.68
-16420000107095,54.0,50,4,1.08
-16420000107082,41.0,50,2,0.82
-16420000107050,27.0,50,6,0.54
-16420000106982,47.0,50,4,0.94
-16420000106956,38.0,50,4,0.76
-16420000106949,35.0,50,5,0.7
-16420000106915,28.334999999999997,30,4,0.944
-16420000106914,23.7,18,3,1.317
-16420000106910,81.265,50,4,1.625
-16420000106908,38.0,20,2,1.9
-16420000106893,20.0,50,6,0.4
-16420000106891,61.23,40,2,1.531
-16420000106862,23.0,50,4,0.46
-16420000106860,30.0,50,6,0.6
-16420000106858,65.0,50,3,1.3
-16420000106742,24.0,50,4,0.48
-16420000106740,44.0,50,5,0.88
-16420000106739,51.0,60,2,0.85
-16420000106735,35.0,50,6,0.7
-16420000106730,42.2,50,4,0.844
-16420000106722,48.0,50,4,0.96
-16420000106720,38.1,21,2,1.814
-16420000106714,75.0,50,2,1.5
-16420000106711,50.0,50,3,1.0
-16420000106705,57.9,60,2,0.965
-16420000106703,38.989999999999995,50,4,0.78
-16420000106702,47.0,50,4,0.94
-16420000106654,54.0,50,4,1.08
-16420000106646,60.39999999999999,30,6,2.013
-16420000106640,32.05,50,6,0.641
-16420000106622,47.04,50,5,0.941
-16420000106621,39.505,50,6,0.79
-16420000106475,60.185,50,5,1.204
-16420000106462,33.25,50,6,0.665
-16420000106459,34.0,30,6,1.133
-16420000106447,32.0,50,4,0.64
-16420000106415,32.0,50,6,0.64
-16420000106413,48.0,50,5,0.96
-16420000106408,47.1,50,5,0.942
-16420000106407,34.0,50,6,0.68
-16420000106401,41.0,30,6,1.367
-16420000106390,51.0,50,3,1.02
-16420000106387,35.0,50,6,0.7
-16420000106385,54.0,60,3,0.9
-16420000106377,64.0,50,3,1.28
-16420000106375,49.0,50,3,0.98
-16420000106374,51.535000000000004,50,2,1.031
-16420000106371,31.0,50,4,0.62
-16420000106279,34.0,50,5,0.68
-16420000106254,40.0,50,6,0.8
-16420000106250,41.13,30,6,1.371
-16420000106243,51.0,50,5,1.02
-16420000106217,18.7,50,6,0.374
-16420000106205,57.0,60,2,0.95
-16420000106195,33.0,50,5,0.66
-16420000106192,42.214999999999996,50,5,0.844
-16420000106187,11.2,50,2,0.224
-16420000106184,30.999999999999996,50,6,0.62
-16420000106182,47.0,50,6,0.94
-16420000106175,53.0,50,4,1.06
-16420000106111,45.0,60,2,0.75
-16420000106041,42.64999999999999,50,4,0.853
-16420000105932,61.0,50,3,1.22
-16420000105910,54.0,50,4,1.08
-16420000105894,22.0,50,3,0.44
-16420000105859,35.16,50,6,0.703
-16420000105855,35.44999999999999,50,6,0.709
-16420000105853,41.9,50,6,0.838
-16420000105851,36.0,50,6,0.72
-16420000105849,46.0,50,5,0.92
-16420000105727,57.279999999999994,60,3,0.955
-16420000105723,54.0,50,4,1.08
-16420000105699,48.0,50,5,0.96
-16420000105691,36.0,50,5,0.72
-16420000105690,37.0,30,5,1.233
-16420000105688,57.0,50,3,1.14
-16420000105686,42.0,50,5,0.84
-16420000105684,44.0,50,3,0.88
-16420000105670,55.0,60,4,0.917
-16420000105666,25.85,30,6,0.862
-16420000105664,52.75,50,3,1.055
-16420000105636,53.455,50,6,1.069
-16420000105628,30.279999999999998,50,6,0.606
-16420000105627,42.095,30,5,1.403
-16420000105626,50.0,50,5,1.0
-16420000105580,37.0,50,6,0.74
-16420000105545,24.0,50,4,0.48
-16420000105544,47.0,50,5,0.94
-16420000105538,54.0,50,3,1.08
-16420000105537,45.0,50,6,0.9
-16420000105532,44.05,30,6,1.468
-16420000105530,24.0,50,6,0.48
-16420000105529,55.0,50,4,1.1
-16420000105527,35.0,30,6,1.167
-16420000105522,28.59999999999999,30,6,0.953
-16420000105417,61.5,50,2,1.23
-16420000105383,36.0,50,6,0.72
-16420000105382,40.195,50,6,0.804
-16420000105360,30.0,60,3,0.5
-16420000105313,31.2,30,2,1.04
-16420000105312,52.4,50,4,1.048
-16420000105308,26.0,50,4,0.52
-16420000105307,51.0,50,4,1.02
-16420000105300,42.6,50,6,0.852
-16420000105299,40.0,50,4,0.8
-16420000105254,71.0,60,3,1.183
-16420000105244,51.6,50,4,1.032
-16420000105242,45.0,50,4,0.9
-16420000105240,33.150000000000006,50,4,0.663
-16420000105238,62.0,60,4,1.033
-16420000105237,20.0,50,3,0.4
-16420000105207,55.0,50,2,1.1
-16420000105204,55.714999999999996,60,3,0.929
-16420000105201,26.875,50,4,0.538
-16420000105197,64.0,50,3,1.28
-16420000105192,58.864999999999995,60,2,0.981
-16420000105180,35.0,50,4,0.7
-16420000105176,25.194999999999997,50,6,0.504
-16420000105172,19.95,50,6,0.399
-16420000105127,43.0,50,4,0.86
-16420000105126,17.139999999999997,50,6,0.343
-16420000105120,50.0,50,6,1.0
-16420000105091,28.049999999999997,50,6,0.561
-16420000105087,62.75,50,2,1.255
-16420000105069,40.0,50,6,0.8
-16420000105065,50.7,50,4,1.014
-16420000105032,32.0,50,3,0.64
-16420000104998,29.0,50,4,0.58
-16420000104966,32.0,50,6,0.64
-16420000104859,22.199999999999996,50,6,0.444
-16420000104855,56.0,60,2,0.933
-16420000104854,62.0,40,2,1.55
-16420000104843,51.0,50,4,1.02
-16420000104838,24.0,50,6,0.48
-16420000104836,45.0,50,4,0.9
-16420000104797,16.214999999999996,50,4,0.324
-16420000104790,18.85,50,6,0.377
-16420000104779,41.03,50,5,0.821
-16420000104766,57.4,50,4,1.148
-16420000104763,30.5,50,4,0.61
-16420000104758,26.7,50,6,0.534
-16420000104753,62.0,50,4,1.24
-16420000104736,49.0,50,4,0.98
-16420000104735,52.0,50,4,1.04
-16420000104730,32.0,30,6,1.067
-16420000104648,44.175000000000004,50,4,0.884
-16420000104637,37.6,50,6,0.752
-16420000104634,40.27499999999999,50,4,0.805
-16420000104631,36.625,50,4,0.732
-16420000104619,37.0,50,5,0.74
-16420000104608,42.0,30,6,1.4
-16420000104600,41.45,30,6,1.382
-16420000104568,28.0,50,2,0.56
-16420000104560,24.5,50,6,0.49
-16420000104506,21.0,18,3,1.167
-16420000104505,34.0,50,6,0.68
-16420000104501,31.0,50,3,0.62
-16420000104484,34.0,50,4,0.68
-16420000104480,17.700000000000003,50,6,0.354
-16420000104368,56.0,50,4,1.12
-16420000104354,52.0,50,3,1.04
-16420000104323,23.0,30,6,0.767
-16420000104289,51.0,50,3,1.02
-16420000104232,41.7,50,3,0.834
-16420000104229,27.0,50,6,0.54
-16420000104226,68.0,50,2,1.36
-16420000104208,32.0,50,6,0.64
-16420000104193,44.0,50,6,0.88
-16420000104190,20.0,50,4,0.4
-16420000104184,45.879999999999974,50,4,0.918
-16420000104179,48.0,50,4,0.96
-16420000104155,20.0,30,6,0.667
-16420000104154,58.0,50,2,1.16
-16420000104143,37.0,50,5,0.74
-16420000104140,61.0,50,2,1.22
-16420000104137,46.0,60,4,0.767
-16420000104135,55.0,50,3,1.1
-16420000104026,36.45,30,5,1.215
-16420000104023,55.73999999999999,50,2,1.115
-16420000104008,21.5,50,6,0.43
-16420000103996,52.0,50,4,1.04
-16420000103994,56.38000000000001,30,3,1.879
-16420000103987,56.065,50,3,1.121
-16420000103985,48.0,50,3,0.96
-16420000103984,47.0,50,4,0.94
-16420000103982,6.5,30,6,0.217
-16420000103895,26.1,30,6,0.87
-16420000103891,45.0,30,6,1.5
-16420000103890,55.1,50,3,1.102
-16420000103781,27.819999999999997,50,2,0.556
-16420000103759,63.18999999999999,50,4,1.264
-16420000103753,52.855000000000004,50,3,1.057
-16420000103738,29.8,50,4,0.596
-16420000103737,26.0,50,6,0.52
-16420000103730,30.0,50,6,0.6
-16420000103717,46.775,50,5,0.936
-16420000103716,31.0,50,6,0.62
-16420000103708,33.45,50,6,0.669
-16420000103707,38.0,50,4,0.76
-16420000103703,50.0,50,2,1.0
-16420000103702,23.0,30,6,0.767
-16420000103694,41.0,50,3,0.82
-16420000103692,30.0,30,6,1.0
-16420000103676,26.0,30,6,0.867
-16420000103587,44.9,50,5,0.898
-16420000103558,46.0,30,6,1.533
-16420000103550,21.0,50,6,0.42
-16420000103548,28.299999999999997,30,6,0.943
-16420000103520,51.0,50,3,1.02
-16420000103515,54.0,50,3,1.08
-16420000103511,55.150000000000006,50,2,1.103
-16420000103497,52.0,50,3,1.04
-16420000103488,50.0,50,4,1.0
-16420000103487,42.085,50,4,0.842
-16420000103482,35.0,50,4,0.7
-16420000103481,59.150000000000006,60,2,0.986
-16420000103476,38.1,50,4,0.762
-16420000103461,40.3,50,2,0.806
-16420000103457,19.35,50,6,0.387
-16420000103456,42.0,50,4,0.84
-16420000103387,49.0,50,3,0.98
-16420000103368,43.32,50,5,0.866
-16420000103271,54.0,50,4,1.08
-16420000103270,40.0,50,6,0.8
-16420000103251,43.039999999999985,50,4,0.861
-16420000103249,23.0,50,6,0.46
-16420000103187,57.0,30,2,1.9
-16420000103186,29.0,50,6,0.58
-16420000103185,38.0,50,4,0.76
-16420000103172,33.0,50,6,0.66
-16420000103170,29.78,50,5,0.596
-16420000103168,61.0,60,4,1.017
-16420000103090,36.0,50,6,0.72
-16420000103088,30.0,30,6,1.0
-16420000103080,63.5,50,4,1.27
-16420000103039,22.0,30,6,0.733
-16420000103038,36.4,50,2,0.728
-16420000103036,33.0,50,6,0.66
-16420000103033,28.0,30,6,0.933
-16420000103032,47.0,60,2,0.783
-16420000103020,63.0,50,4,1.26
-16420000103011,70.92999999999999,60,3,1.182
-16420000103003,23.0,50,3,0.46
-16420000102993,47.3,50,2,0.946
-16420000102988,31.979999999999997,50,6,0.64
-16420000102956,41.8,50,6,0.836
-16420000102953,41.0,50,2,0.82
-16420000102938,36.535,50,4,0.731
-16420000102908,57.92999999999999,50,4,1.159
-16420000102902,28.449999999999996,50,3,0.569
-16420000102859,25.0,50,6,0.5
-16420000102855,25.0,50,6,0.5
-16420000102852,47.0,50,5,0.94
-16420000102838,28.939999999999998,30,6,0.965
-16420000102836,44.0,50,4,0.88
-16420000102830,45.3,50,6,0.906
-16420000102805,61.80999999999996,18,2,3.434
-16420000102765,29.0,50,4,0.58
-16420000102761,31.0,30,4,1.033
-16420000102759,29.0,50,5,0.58
-16420000102757,21.0,50,5,0.42
-16420000102734,43.5,50,4,0.87
-16420000102732,41.0,50,4,0.82
-16420000102731,43.3,30,6,1.443
-16420000102729,49.2,50,5,0.984
-16420000102691,41.0,50,6,0.82
-16420000102690,36.0,50,3,0.72
-16420000102661,14.1,50,6,0.282
-16420000102620,24.0,50,6,0.48
-16420000102579,26.05,50,3,0.521
-16420000102565,30.900000000000006,50,4,0.618
-16420000102550,42.0,50,2,0.84
-16420000102545,42.30999999999999,50,4,0.846
-16420000102544,45.0,50,5,0.9
-16420000102541,61.0,60,4,1.017
-16420000102540,48.0,50,2,0.96
-16420000102462,55.279999999999994,60,4,0.921
-16420000102457,46.0,30,6,1.533
-16420000102453,37.0,30,4,1.233
-16420000102438,15.0,30,6,0.5
-16420000102435,38.0,50,4,0.76
-16420000102391,11.7,30,2,0.39
-16420000102385,46.0,50,3,0.92
-16420000102378,43.3,50,6,0.866
-16420000102367,23.015,30,6,0.767
-16420000102366,40.0,50,4,0.8
-16420000102363,38.0,50,5,0.76
-16420000102361,50.0,50,3,1.0
-16420000102356,28.0,50,6,0.56
-16420000102355,56.5,50,2,1.13
-16420000102345,57.0,50,2,1.14
-16420000102342,59.4,50,2,1.188
-16420000102233,46.1,50,5,0.922
-16420000102230,54.0,50,2,1.08
-16420000102211,50.0,50,6,1.0
-16420000102210,30.0,30,6,1.0
-16420000102184,63.6,50,3,1.272
-16420000102168,26.0,50,5,0.52
-16420000102145,22.32,30,6,0.744
-16420000102138,24.0,30,6,0.8
-16420000102132,30.0,50,2,0.6
-16420000102131,32.0,30,5,1.067
-16420000102122,23.0,50,6,0.46
-16420000102120,24.0,50,5,0.48
-16420000102106,26.625,50,6,0.532
-16420000102090,45.0,50,6,0.9
-16420000102084,52.0,50,4,1.04
-16420000102082,21.995,50,5,0.44
-16420000102081,40.0,50,6,0.8
-16420000102079,40.0,50,3,0.8
-16420000102059,37.0,50,6,0.74
-16420000102058,65.52,50,4,1.31
-16420000102050,30.15,40,2,0.754
-16420000102047,21.0,50,4,0.42
-16420000102018,51.0,50,4,1.02
-16420000102015,39.0,50,6,0.78
-16420000102003,42.755,50,4,0.855
-16420000101959,54.2,50,4,1.084
-16420000101948,23.0,50,4,0.46
-16420000101857,28.0,50,6,0.56
-16420000101855,30.0,50,6,0.6
-16420000101851,22.875,50,4,0.458
-16420000101840,39.0,50,3,0.78
-16420000101837,50.92999999999999,50,3,1.019
-16420000101824,37.145,50,4,0.743
-16420000101822,33.31999999999999,50,5,0.666
-16420000101819,30.0,50,4,0.6
-16420000101807,31.0,50,6,0.62
-16420000101673,33.0,50,6,0.66
-16420000101668,9.9,50,4,0.198
-16420000101657,32.0,50,2,0.64
-16420000101652,46.91,50,4,0.938
-16420000101492,36.0,50,6,0.72
-16420000101474,36.715,50,4,0.734
-16420000101428,41.0,50,4,0.82
-16420000101423,34.0,50,5,0.68
-16420000101419,37.16,50,6,0.743
-16420000101412,33.56,50,6,0.671
-16420000101410,24.0,50,6,0.48
-16420000101408,55.58,50,3,1.112
-16420000101344,46.2,50,4,0.924
-16420000101340,39.0,50,5,0.78
-16420000101326,49.0,50,5,0.98
-16420000101325,38.0,50,5,0.76
-16420000101308,20.6,50,6,0.412
-16420000101293,22.35,30,6,0.745
-16420000101270,28.314999999999998,50,6,0.566
-16420000101218,30.0,30,6,1.0
-16420000101077,45.0,50,4,0.9
-16420000101067,35.4,50,6,0.708
-16420000101065,29.0,50,4,0.58
-16420000101053,52.0,50,2,1.04
-16420000101047,45.495000000000005,50,6,0.91
-16420000100966,60.0,60,2,1.0
-16420000100964,56.0,50,2,1.12
-16420000100955,58.0,60,2,0.967
-16420000100950,35.0,50,2,0.7
-16420000100946,18.85,30,6,0.628
-16420000100944,27.0,50,6,0.54
-16420000100942,51.17999999999997,50,4,1.024
-16420000100938,24.55,30,6,0.818
-16420000100934,57.66,50,3,1.153
-16420000100930,42.199999999999996,50,6,0.844
-16420000100924,15.55,50,4,0.311
-16420000100918,34.0,50,4,0.68
-16420000100911,57.0,50,4,1.14
-16420000100909,30.0,50,4,0.6
-16420000100904,41.0,50,4,0.82
-16420000100895,39.57499999999999,50,5,0.791
-16420000100893,30.699999999999996,30,6,1.023
-16420000100888,39.38999999999999,50,6,0.788
-16420000100863,26.0,50,4,0.52
-16420000100845,55.0,50,3,1.1
-16420000100841,52.0,50,3,1.04
-16420000100821,56.0,50,3,1.12
-16420000100780,52.71999999999999,50,4,1.054
-16420000100779,41.0,50,6,0.82
-16420000100767,47.0,50,5,0.94
-16420000100766,35.0,50,6,0.7
-16420000100762,39.120000000000005,50,2,0.782
-16420000100757,45.075,50,4,0.902
-16420000100747,24.75,30,6,0.825
-16420000100741,25.91,50,6,0.518
-16420000100737,11.0,50,5,0.22
-16420000100736,30.0,50,6,0.6
-16420000100734,62.0,50,4,1.24
-16420000100733,30.0,30,2,1.0
-16420000100729,60.0,50,3,1.2
-16420000100572,50.0,50,4,1.0
-16420000100569,48.0,50,4,0.96
-16420000100562,68.0,50,2,1.36
-16420000100561,22.139999999999997,50,6,0.443
-16420000100546,52.0,50,4,1.04
-16420000100536,21.0,50,6,0.42
-16420000100534,58.5,50,3,1.17
-16420000100532,17.0,50,4,0.34
-16420000100508,24.2,30,6,0.807
-16420000100507,27.0,50,6,0.54
-16420000100494,35.0,50,6,0.7
-16420000100489,33.0,50,2,0.66
-16420000100469,18.1,50,4,0.362
-16420000100329,29.0,50,4,0.58
-16420000100328,35.0,30,5,1.167
-16420000100327,41.45,50,6,0.829
-16420000100324,46.0,50,5,0.92
-16420000100305,21.15,50,6,0.423
-16420000100303,58.0,50,4,1.16
-16420000100293,39.0,50,4,0.78
-16420000100291,26.0,30,6,0.867
-16420000100274,55.0,50,4,1.1
-16420000100254,39.0,50,5,0.78
-16420000100243,30.0,50,6,0.6
-16420000100122,44.0,50,6,0.88
-16420000100118,45.0,50,6,0.9
-16420000100099,38.0,50,6,0.76
-16420000100088,47.0,50,4,0.94
-16420000100086,38.0,50,6,0.76
-16420000100000,44.95,50,4,0.899
-16420000099992,33.0,50,5,0.66
-16420000099990,21.0,18,3,1.167
-16420000099651,43.63,50,6,0.873
-16420000099645,27.0,50,3,0.54
-16420000099630,59.0,50,4,1.18
-16420000099607,22.349999999999994,50,6,0.447
-16420000099449,32.0,50,6,0.64
-16420000098959,43.8,50,6,0.876
-16420000098956,31.6,30,5,1.053
-16420000098952,34.945,50,6,0.699
-16420000098945,54.0,50,3,1.08
-16420000098595,30.0,50,6,0.6
-16420000098590,24.474999999999998,50,6,0.489
-16420000098023,28.0,50,4,0.56
-16420000098009,15.0,40,4,0.375
-16420000097953,55.0,50,4,1.1
-16420000097947,28.0,50,4,0.56
-16420000097946,27.0,50,6,0.54
-16420000097940,28.0,50,6,0.56
-16420000097923,30.0,30,6,1.0
-16420000097914,39.0,50,5,0.78
-16420000097913,49.2,50,5,0.984
-16420000097912,37.0,50,4,0.74
-16420000097906,55.0,50,3,1.1
-16420000097891,62.0,50,2,1.24
-16420000097886,51.0,50,4,1.02
-16420000097857,25.0,30,6,0.833
-16420000097842,48.0,50,5,0.96
-16420000097839,57.0,60,3,0.95
-16420000097838,56.0,50,4,1.12
-16420000097833,61.0,50,3,1.22
-16420000097821,43.0,50,4,0.86
-16420000097817,29.7,50,6,0.594
-16420000097793,51.77999999999999,50,4,1.036
-16420000097792,35.76,50,5,0.715
-16420000097789,50.0,50,3,1.0
-16420000097788,23.96999999999999,30,6,0.799
-16420000097783,53.425,50,2,1.068
-16420000097780,71.74,50,3,1.435
-16420000097773,43.58,50,4,0.872
-16420000097757,29.0,30,6,0.967
-16420000097756,45.3,50,3,0.906
-16420000097746,25.139999999999997,50,6,0.503
-16420000097735,46.0,50,4,0.92
-16420000097722,36.0,50,6,0.72
-16420000097721,50.0,50,3,1.0
-16420000097701,42.0,50,6,0.84
-16420000097624,25.0,50,4,0.5
-16420000097560,34.0,50,2,0.68
-16420000097556,33.0,30,5,1.1
-16420000097552,40.0,50,6,0.8
-16420000097548,58.0,50,4,1.16
-16420000097546,48.0,50,2,0.96
-16420000097416,42.0,50,5,0.84
-16420000097406,48.0,50,4,0.96
-16420000097405,27.3,50,6,0.546
-16420000097400,40.54,50,5,0.811
-16420000097389,34.160000000000004,30,6,1.139
-16420000097385,39.0,50,5,0.78
-16420000097375,39.1,50,5,0.782
-16420000097295,42.0,50,6,0.84
-16420000097290,39.0,50,6,0.78
-16420000097283,25.09,30,6,0.836
-16420000097262,40.0,50,6,0.8
-16420000097248,23.9,30,6,0.797
-16420000097238,66.0,60,3,1.1
-16420000097227,59.0,50,2,1.18
-16420000097193,33.14,50,6,0.663
-16420000097187,38.2,50,4,0.764
-16420000097186,40.879999999999995,50,6,0.818
-16420000097157,32.07499999999999,50,5,0.641
-16420000097154,20.35,30,6,0.678
-16420000097116,67.0,50,3,1.34
-16420000097097,52.0,50,4,1.04
-16420000097093,32.0,50,6,0.64
-16420000097092,38.89999999999998,50,2,0.778
-16420000097059,56.0,50,3,1.12
-16420000097052,26.0,30,6,0.867
-16420000097040,42.525,30,6,1.418
-16420000097038,26.8,50,6,0.536
-16420000097036,35.0,50,6,0.7
-16420000097032,26.0,30,6,0.867
-16420000097019,53.0,50,4,1.06
-16420000097008,51.0,50,3,1.02
-16420000096930,41.0,50,4,0.82
-16420000096916,18.0,50,5,0.36
-16420000096915,52.0,50,4,1.04
-16420000096913,23.799999999999983,50,3,0.476
-16420000096911,28.65,50,6,0.573
-16420000096907,52.0,50,4,1.04
-16420000096905,47.0,50,4,0.94
-16420000096902,55.555,50,3,1.111
-16420000096899,23.0,50,3,0.46
-16420000096878,46.0,50,4,0.92
-16420000096877,60.915,60,4,1.015
-16420000096873,31.66999999999999,50,4,0.633
-16420000096865,56.540000000000006,50,2,1.131
-16420000096856,22.0,50,6,0.44
-16420000096811,55.0,50,4,1.1
-16420000096810,37.0,60,2,0.617
-16420000096809,64.0,100,2,0.64
-16420000096800,29.0,50,4,0.58
-16420000096799,46.019999999999996,50,6,0.92
-16420000096796,27.0,50,2,0.54
-16420000096774,63.0,40,6,1.575
-16420000096771,34.0,50,6,0.68
-16420000096770,35.02,50,6,0.7
-16420000096715,50.0,50,4,1.0
-16420000096700,32.0,30,6,1.067
-16420000096696,41.0,60,2,0.683
-16420000096664,52.0,50,4,1.04
-16420000096658,35.0,50,5,0.7
-16420000096653,53.0,50,2,1.06
-16420000096651,56.0,50,3,1.12
-16420000096640,18.4,50,4,0.368
-16420000096639,47.55499999999999,50,4,0.951
-16420000096638,63.0,50,3,1.26
-16420000096637,47.0,50,4,0.94
-16420000096636,47.0,50,4,0.94
-16420000096632,45.629999999999995,50,4,0.913
-16420000096581,48.0,50,5,0.96
-16420000096569,36.535,30,5,1.218
-16420000096565,45.0,50,6,0.9
-16420000096564,36.0,30,6,1.2
-16420000096556,57.96999999999999,30,3,1.932
-16420000096548,32.605,60,5,0.543
-16420000096547,37.0,50,6,0.74
-16420000096545,19.79,50,6,0.396
-16420000096544,27.0,50,4,0.54
-16420000096540,37.05,50,5,0.741
-16420000096537,73.46499999999997,50,3,1.469
-16420000096525,61.0,60,2,1.017
-16420000096519,22.5,50,3,0.45
-16420000096489,51.51999999999998,30,3,1.717
-16420000096457,46.2,50,4,0.924
-16420000096449,40.25,50,6,0.805
-16420000096448,22.18,30,6,0.739
-16420000096444,39.0,50,4,0.78
-16420000096423,36.0,30,6,1.2
-16420000096417,35.0,50,6,0.7
-16420000096385,62.8,30,6,2.093
-16420000096375,49.2,50,4,0.984
-16420000096359,37.0,50,3,0.74
-16420000096325,53.0,50,3,1.06
-16420000096324,41.0,50,6,0.82
-16420000096320,36.364999999999995,30,6,1.212
-16420000096317,38.1,50,4,0.762
-16420000096315,65.13,50,3,1.303
-16420000096313,44.0,50,5,0.88
-16420000096310,25.0,30,4,0.833
-16420000096306,40.0,50,4,0.8
-16420000096304,33.0,30,6,1.1
-16420000096301,48.33,50,4,0.967
-16420000096278,33.0,50,6,0.66
-16420000096217,75.9,50,4,1.518
-16420000096174,46.745,50,4,0.935
-16420000096170,40.0,50,5,0.8
-16420000096155,57.065,50,3,1.141
-16420000096123,70.0,60,3,1.167
-16420000096121,31.0,50,4,0.62
-16420000096120,33.135,50,6,0.663
-16420000096118,47.0,50,4,0.94
-16420000096114,64.0,50,2,1.28
-16420000096070,26.0,50,6,0.52
-16420000096017,47.0,30,6,1.567
-16420000096014,45.4,50,4,0.908
-16420000096004,19.0,30,6,0.633
-16420000095995,31.0,50,6,0.62
-16420000095981,40.949999999999996,50,6,0.819
-16420000095979,25.669999999999998,50,6,0.513
-16420000095976,44.0,50,5,0.88
-16420000095975,26.3,50,4,0.526
-16420000095971,53.0,50,3,1.06
-16420000095912,45.0,50,5,0.9
-16420000095911,29.234999999999996,50,3,0.585
-16420000095901,42.88999999999999,50,5,0.858
-16420000095900,46.3,50,4,0.926
-16420000095899,54.0,50,4,1.08
-16420000095880,21.0,50,6,0.42
-16420000095876,44.0,50,6,0.88
-16420000095864,29.0,18,6,1.611
-16420000095862,62.0,60,4,1.033
-16420000095861,58.0,60,4,0.967
-16420000095854,51.0,50,3,1.02
-16420000095849,44.0,50,4,0.88
-16420000095848,34.0,50,6,0.68
-16420000095843,41.0,50,6,0.82
-16420000095831,57.0,30,3,1.9
-16420000095828,22.459999999999997,50,3,0.449
-16420000095826,30.799999999999997,50,5,0.616
-16420000095825,39.0,50,5,0.78
-16420000095820,29.0,50,6,0.58
-16420000095799,23.120000000000005,50,6,0.462
-16420000095793,34.45,50,2,0.689
-16420000095786,48.0,50,4,0.96
-16420000095779,55.0,50,3,1.1
-16420000095751,42.0,50,4,0.84
-16420000095723,48.0,30,4,1.6
-16420000095651,56.0,50,4,1.12
-16420000095648,18.0,50,4,0.36
-16420000095602,24.15,50,6,0.483
-16420000095601,20.9,50,6,0.418
-16420000095593,31.0,30,6,1.033
-16420000095587,26.729999999999997,50,6,0.535
-16420000095565,54.05,50,2,1.081
-16420000095548,14.25,50,6,0.285
-16420000095531,47.0,50,5,0.94
-16420000095530,25.0,30,4,0.833
-16420000095529,41.0,50,4,0.82
-16420000095524,46.0,30,6,1.533
-16420000095517,39.849999999999994,50,6,0.797
-16420000095516,43.55,30,6,1.452
-16420000095485,31.55,50,6,0.631
-16420000095430,18.8,50,4,0.376
-16420000095429,53.46999999999999,50,4,1.069
-16420000095423,44.0,50,4,0.88
-16420000095408,44.5,50,4,0.89
-16420000095396,51.0,50,3,1.02
-16420000095382,35.14,50,6,0.703
-16420000095297,22.0,50,6,0.44
-16420000095289,51.0,50,3,1.02
-16420000095277,22.7,50,6,0.454
-16420000095255,52.0,50,4,1.04
-16420000095220,36.0,50,5,0.72
-16420000095217,37.0,50,6,0.74
-16420000095200,46.0,30,6,1.533
-16420000095193,37.9,50,6,0.758
-16420000095113,36.879999999999995,50,6,0.738
-16420000095110,46.0,60,2,0.767
-16420000095105,31.0,50,6,0.62
-16420000095100,46.0,50,5,0.92
-16420000095099,35.0,30,5,1.167
-16420000095096,25.0,30,6,0.833
-16420000095095,32.55,30,6,1.085
-16420000095094,49.0,30,4,1.633
-16420000095087,45.3,50,4,0.906
-16420000095084,44.0,30,4,1.467
-16420000095081,46.045,50,5,0.921
-16420000095066,23.0,50,4,0.46
-16420000095062,52.38999999999999,50,4,1.048
-16420000095061,59.6,50,3,1.192
-16420000095057,20.575,30,6,0.686
-16420000095053,45.24999999999999,50,6,0.905
-16420000095048,45.05,50,5,0.901
-16420000095041,31.0,50,6,0.62
-16420000095038,30.0,30,6,1.0
-16420000095025,43.309999999999995,50,6,0.866
-16420000095017,44.0,50,4,0.88
-16420000095013,53.0,50,5,1.06
-16420000094852,51.0,50,3,1.02
-16420000094825,30.0,50,6,0.6
-16420000094784,41.48,50,6,0.83
-16420000094777,50.0,50,4,1.0
-16420000094760,27.0,50,6,0.54
-16420000094759,66.5,50,3,1.33
-16420000094711,56.0,50,2,1.12
-16420000094653,32.7,50,3,0.654
-16420000094632,50.0,50,3,1.0
-16420000094611,58.0,50,3,1.16
-16420000094601,43.824999999999996,50,4,0.876
-16420000094564,48.0,50,5,0.96
-16420000094559,33.0,30,6,1.1
-16420000094555,27.0,50,6,0.54
-16420000094548,27.4,50,6,0.548
-16420000094432,43.7,50,3,0.874
-16420000094385,35.0,50,6,0.7
-16420000094373,33.4,60,2,0.557
-16420000094368,36.49999999999999,50,6,0.73
-16420000094362,33.99499999999999,50,4,0.68
-16420000094361,21.32,50,6,0.426
-16420000094359,49.0,40,4,1.225
-16420000094341,32.0,50,5,0.64
-16420000094337,38.76,50,4,0.775
-16420000094334,41.0,50,4,0.82
-16420000094330,55.0,50,3,1.1
-16420000094321,27.0,50,6,0.54
-16420000094313,41.0,50,4,0.82
-16420000094312,40.58,50,4,0.812
-16420000094311,41.0,50,6,0.82
-16420000094299,34.76,50,6,0.695
-16420000094296,60.4,50,3,1.208
-16420000094295,37.7,50,5,0.754
-16420000094288,27.0,50,6,0.54
-16420000094283,67.75,50,3,1.355
-16420000094282,42.0,50,5,0.84
-16420000094274,28.599999999999998,30,6,0.953
-16420000094273,33.4,50,6,0.668
-16420000094270,32.0,50,6,0.64
-16420000094267,49.0,30,4,1.633
-16420000094265,40.0,50,4,0.8
-16420000094262,41.0,50,6,0.82
-16420000094261,23.0,30,6,0.767
-16420000094230,60.0,50,3,1.2
-16420000094218,24.0,30,6,0.8
-16420000094114,33.675,20,4,1.684
-16420000094112,47.0,50,5,0.94
-16420000094102,54.0,50,4,1.08
-16420000094089,29.0,30,6,0.967
-16420000094071,47.0,50,4,0.94
-16420000094067,21.0,50,6,0.42
-16420000094058,49.599999999999994,50,6,0.992
-16420000094057,43.0,50,2,0.86
-16420000094055,56.010000000000005,50,3,1.12
-16420000094053,44.0,50,6,0.88
-16420000094041,45.0,50,5,0.9
-16420000094039,44.160000000000004,50,6,0.883
-16420000094008,23.0,50,2,0.46
-16420000093827,22.0,50,6,0.44
-16420000093789,42.0,30,5,1.4
-16420000093784,55.0,50,4,1.1
-16420000093754,20.0,30,4,0.667
-16420000093750,56.0,50,6,1.12
-16420000093698,36.245,50,6,0.725
-16420000093692,39.05,30,6,1.302
-16420000093691,59.17000000000001,50,2,1.183
-16420000093683,33.089999999999996,50,4,0.662
-16420000093655,38.0,50,6,0.76
-16420000093609,40.0,50,4,0.8
-16420000093607,49.62,50,4,0.992
-16420000093605,32.620000000000005,50,2,0.652
-16420000093585,67.0,50,3,1.34
-16420000093579,22.595,30,6,0.753
-16420000093577,24.599999999999998,50,6,0.492
-16420000093573,34.4,50,6,0.688
-16420000093524,23.0,50,4,0.46
-16420000093520,26.0,30,6,0.867
-16420000093515,60.08,60,4,1.001
-16420000093506,24.0,50,4,0.48
-16420000093499,31.0,50,4,0.62
-16420000093492,39.190000000000005,50,4,0.784
-16420000093487,55.0,50,3,1.1
-16420000093474,48.6,50,6,0.972
-16420000093467,26.0,50,6,0.52
-16420000093463,21.2,50,6,0.424
-16420000093395,55.4,30,6,1.847
-16420000093390,42.75,50,6,0.855
-16420000093387,36.0,30,5,1.2
-16420000093382,30.0,50,6,0.6
-16420000093378,52.0,50,3,1.04
-16420000093294,41.035,50,6,0.821
-16420000093251,40.3,50,4,0.806
-16420000093247,17.675,50,6,0.354
-16420000093230,41.080000000000005,30,6,1.369
-16420000093227,42.74,50,6,0.855
-16420000093208,48.0,50,4,0.96
-16420000093175,46.0,50,4,0.92
-16420000093174,34.699999999999996,30,6,1.157
-16420000093173,59.0,60,2,0.983
-16420000093171,43.9,50,5,0.878
-16420000093165,42.0,50,6,0.84
-16420000093164,43.0,50,5,0.86
-16420000093138,48.26499999999999,50,5,0.965
-16420000093136,60.0,50,4,1.2
-16420000093132,58.0,50,3,1.16
-16420000093125,29.589999999999986,30,6,0.986
-16420000093079,37.6,50,5,0.752
-16420000093074,48.08999999999999,50,3,0.962
-16420000093071,54.0,50,2,1.08
-16420000092958,32.0,30,6,1.067
-16420000092949,29.92,30,6,0.997
-16420000092947,39.7,30,6,1.323
-16420000092914,35.8,50,6,0.716
-16420000092908,39.0,50,6,0.78
-16420000092870,34.0,50,6,0.68
-16420000092868,66.0,50,4,1.32
-16420000092857,39.95,50,5,0.799
-16420000092853,29.859999999999996,50,5,0.597
-16420000092844,57.83999999999998,60,2,0.964
-16420000092839,21.0,50,6,0.42
-16420000092832,34.0,50,6,0.68
-16420000092829,23.0,50,6,0.46
-16420000092776,35.11999999999999,30,6,1.171
-16420000092748,35.0,40,4,0.875
-16420000092723,25.0,50,4,0.5
-16420000092623,46.0,50,4,0.92
-16420000092622,23.625,50,6,0.472
-16420000092596,59.0,50,3,1.18
-16420000092585,44.0,50,3,0.88
-16420000092581,48.0,50,3,0.96
-16420000092577,16.0,50,5,0.32
-16420000092572,22.35,50,6,0.447
-16420000092557,29.0,30,6,0.967
-16420000092556,50.0,40,4,1.25
-16420000092555,23.0,50,6,0.46
-16420000092546,52.0,50,4,1.04
-16420000092535,55.0,50,3,1.1
-16420000092530,30.104999999999997,30,6,1.003
-16420000092513,43.0,50,4,0.86
-16420000092508,53.519999999999996,50,2,1.07
-16420000092494,61.60999999999999,50,3,1.232
-16420000092457,34.0,50,6,0.68
-16420000092456,30.0,50,3,0.6
-16420000092454,47.0,50,4,0.94
-16420000092450,28.190000000000005,30,4,0.94
-16420000092297,39.0,50,4,0.78
-16420000092288,38.0,50,6,0.76
-16420000092283,29.65,30,6,0.988
-16420000092268,52.0,50,4,1.04
-16420000092250,62.0,50,4,1.24
-16420000092218,47.0,50,5,0.94
-16420000092210,30.0,50,6,0.6
-16420000092209,44.6,30,6,1.487
-16420000092208,41.0,50,6,0.82
-16420000092193,35.2,30,1,1.173
-16420000092153,28.22,50,6,0.564
-16420000092149,51.055,50,4,1.021
-16420000092146,26.379999999999985,30,6,0.879
-16420000092134,43.4,50,3,0.868
-16420000092127,48.0,50,3,0.96
-16420000092122,28.0,50,6,0.56
-16420000092116,28.5,30,6,0.95
-16420000092113,42.05,30,6,1.402
-16420000092104,36.0,50,5,0.72
-16420000092094,44.0,50,5,0.88
-16420000092092,44.0,50,6,0.88
-16420000092077,38.269999999999996,50,6,0.765
-16420000092075,32.0,30,6,1.067
-16420000092072,26.15,50,6,0.523
-16420000092068,31.14999999999999,50,6,0.623
-16420000092055,45.0,50,3,0.9
-16420000092052,50.0,50,4,1.0
-16420000092045,25.0,50,5,0.5
-16420000092027,60.23500000000001,50,2,1.205
-16420000092026,57.96999999999999,50,3,1.159
-16420000092012,56.0,50,4,1.12
-16420000092009,36.0,50,6,0.72
-16420000092001,24.0,50,4,0.48
-16420000091998,44.0,40,4,1.1
-16420000091984,59.0,60,3,0.983
-16420000091983,27.0,50,5,0.54
-16420000091980,45.0,50,5,0.9
-16420000091976,39.949999999999996,50,6,0.799
-16420000091973,32.625,50,2,0.652
-16420000091972,22.299999999999997,50,6,0.446
-16420000091966,44.8,50,4,0.896
-16420000091958,18.2,30,6,0.607
-16420000091953,50.0,60,2,0.833
-16420000091948,50.0,50,4,1.0
-16420000091946,45.0,30,5,1.5
-16420000091941,19.54,30,6,0.651
-16420000091922,47.8,50,6,0.956
-16420000091918,44.849999999999994,50,6,0.897
-16420000091915,37.0,30,6,1.233
-16420000091912,34.0,50,6,0.68
-16420000091907,40.0,50,5,0.8
-16420000091889,34.0,50,5,0.68
-16420000091884,38.0,50,6,0.76
-16420000091880,29.759999999999998,40,2,0.744
-16420000091839,16.0,50,6,0.32
-16420000091823,22.504999999999995,50,6,0.45
-16420000091822,63.0,50,4,1.26
-16420000091821,52.0,40,2,1.3
-16420000091820,60.0,50,2,1.2
-16420000091819,41.0,50,4,0.82
-16420000091813,38.0,50,4,0.76
-16420000091790,23.199999999999996,30,6,0.773
-16420000091786,34.0,50,6,0.68
-16420000091782,35.06,50,6,0.701
-16420000091732,42.0,50,4,0.84
-16420000091731,35.83,50,4,0.717
-16420000091729,41.0,50,6,0.82
-16420000091720,26.0,50,6,0.52
-16420000091717,31.739999999999988,50,4,0.635
-16420000091715,10.089999999999998,50,6,0.202
-16420000091712,37.0,50,3,0.74
-16420000091693,26.0,50,2,0.52
-16420000091690,39.44,50,4,0.789
-16420000091689,57.0,50,3,1.14
-16420000091671,88.6,50,4,1.772
-16420000091668,41.695,30,6,1.39
-16420000091660,21.5,30,6,0.717
-16420000091656,31.0,50,3,0.62
-16420000091547,25.855,50,5,0.517
-16420000091526,28.0,50,4,0.56
-16420000091503,42.02,50,6,0.84
-16420000091499,49.919999999999995,50,5,0.998
-16420000091483,25.150000000000006,30,4,0.838
-16420000091482,26.0,30,4,0.867
-16420000091450,31.0,30,6,1.033
-16420000091435,49.0,50,5,0.98
-16420000091431,63.0,50,4,1.26
-16420000091418,53.45,50,4,1.069
-16420000091417,53.525,50,4,1.07
-16420000091416,41.0,30,6,1.367
-16420000091400,47.635000000000005,50,3,0.953
-16420000091399,41.0,50,6,0.82
-16420000091398,26.849999999999998,50,6,0.537
-16420000091382,26.95,50,6,0.539
-16420000091337,60.459999999999994,60,3,1.008
-16420000091315,22.0,50,6,0.44
-16420000091299,47.0,50,4,0.94
-16420000091290,25.0,50,5,0.5
-16420000091285,57.0,50,4,1.14
-16420000091261,63.0,50,4,1.26
-16420000091260,15.0,50,6,0.3
-16420000091258,50.0,50,3,1.0
-16420000091256,40.0,50,4,0.8
-16420000091248,40.0,50,5,0.8
-16420000091232,54.0,30,4,1.8
-16420000091221,24.805,30,6,0.827
-16420000091217,44.3,30,6,1.477
-16420000091197,41.78999999999999,50,6,0.836
-16420000091185,47.6,50,2,0.952
-16420000091183,56.0,50,3,1.12
-16420000091182,61.0,50,3,1.22
-16420000091180,37.0,18,2,2.056
-16420000091169,30.0,30,6,1.0
-16420000091155,32.0,50,4,0.64
-16420000091154,33.1,50,6,0.662
-16420000091151,46.0,50,6,0.92
-16420000091106,43.0,30,6,1.433
-16420000091103,28.0,30,6,0.933
-16420000091100,48.0,50,4,0.96
-16420000091099,47.0,50,5,0.94
-16420000091092,65.0,50,3,1.3
-16420000091079,15.0,50,6,0.3
-16420000091076,30.0,50,5,0.6
-16420000091075,40.0,50,3,0.8
-16420000091044,43.95,50,5,0.879
-16420000091043,47.28000000000001,50,3,0.946
-16420000091039,14.85,50,6,0.297
-16420000091035,30.0,50,4,0.6
-16420000091029,38.0,50,5,0.76
-16420000091028,16.1,50,6,0.322
-16420000091008,50.0,50,4,1.0
-16420000091005,46.0,50,4,0.92
-16420000090995,23.72,50,6,0.474
-16420000090988,38.3,30,6,1.277
-16420000090950,56.1,50,4,1.122
-16420000090948,27.0,50,2,0.54
-16420000090913,50.605,50,3,1.012
-16420000090897,48.81999999999999,50,4,0.976
-16420000090896,25.85,50,6,0.517
-16420000090891,61.0,50,4,1.22
-16420000090841,14.0,50,6,0.28
-16420000090832,26.1,50,3,0.522
-16420000090819,40.120000000000005,50,6,0.802
-16420000090811,46.9,30,6,1.563
-16420000090809,46.0,50,6,0.92
-16420000090803,29.98,30,6,0.999
-16420000090747,54.0,50,4,1.08
-16420000090746,40.129999999999995,50,6,0.803
-16420000090745,26.7,50,6,0.534
-16420000090741,42.260000000000005,50,5,0.845
-16420000090695,24.0,50,4,0.48
-16420000090689,34.22,50,6,0.684
-16420000090688,16.0,30,6,0.533
-16420000090591,63.0,50,3,1.26
-16420000090590,40.0,50,4,0.8
-16420000090585,30.0,50,4,0.6
-16420000090540,25.894999999999996,30,6,0.863
-16420000090538,36.4,50,6,0.728
-16420000090536,43.0,50,6,0.86
-16420000090526,65.0,50,3,1.3
-16420000090521,47.0,50,6,0.94
-16420000090518,38.0,30,6,1.267
-16420000090503,45.0,50,4,0.9
-16420000090496,43.18,30,6,1.439
-16420000090494,53.0,50,4,1.06
-16420000090493,36.55,50,6,0.731
-16420000090490,47.375,50,4,0.948
-16420000090486,44.0,30,6,1.467
-16420000090475,12.504999999999999,50,6,0.25
-16420000090471,40.0,50,4,0.8
-16420000090469,48.0,50,4,0.96
-16420000090466,37.18,50,6,0.744
-16420000090464,46.0,50,5,0.92
-16420000090436,27.384999999999998,50,2,0.548
-16420000090435,50.0,50,3,1.0
-16420000090413,47.0,50,6,0.94
-16420000090385,50.0,50,4,1.0
-16420000090274,56.96,60,3,0.949
-16420000090272,44.095,50,4,0.882
-16420000090269,68.0,50,3,1.36
-16420000090268,62.0,50,3,1.24
-16420000090264,67.635,50,2,1.353
-16420000090225,40.0,50,4,0.8
-16420000090224,31.0,50,6,0.62
-16420000090223,29.0,50,5,0.58
-16420000090195,26.0,30,6,0.867
-16420000090185,49.0,50,3,0.98
-16420000090178,15.055,50,6,0.301
-16420000090093,26.56,50,6,0.531
-16420000090090,26.22,50,4,0.524
-16420000090086,25.0,50,5,0.5
-16420000090075,56.0,50,4,1.12
-16420000090041,35.95,50,6,0.719
-16420000090032,23.0,30,6,0.767
-16420000090025,62.0,50,4,1.24
-16420000089970,45.1,50,4,0.902
-16420000089967,38.0,30,6,1.267
-16420000089965,29.299999999999997,30,6,0.977
-16420000089940,35.1,50,2,0.702
-16420000089939,35.0,50,6,0.7
-16420000089935,23.0,50,6,0.46
-16420000089872,27.0,50,5,0.54
-16420000089869,43.0,30,6,1.433
-16420000089866,39.599999999999994,50,6,0.792
-16420000089865,30.0,30,6,1.0
-16420000089858,22.0,30,6,0.733
-16420000089857,39.8,50,6,0.796
-16420000089851,33.0,50,6,0.66
-16420000089846,50.669999999999995,50,5,1.013
-16420000089844,22.0,30,6,0.733
-16420000089840,47.769999999999996,50,5,0.955
-16420000089839,49.35999999999999,50,5,0.987
-16420000089834,46.25,50,6,0.925
-16420000089828,24.4,50,6,0.488
-16420000089827,27.02,30,6,0.901
-16420000089824,57.0,50,3,1.14
-16420000089821,30.0,50,6,0.6
-16420000089819,48.0,50,5,0.96
-16420000089817,43.0,50,4,0.86
-16420000089816,46.3,30,6,1.543
-16420000089807,37.125,50,6,0.742
-16420000089792,48.5,50,4,0.97
-16420000089788,54.2,50,4,1.084
-16420000089787,22.0,50,6,0.44
-16420000089781,47.0,50,5,0.94
-16420000089761,30.0,50,6,0.6
-16420000089757,34.230000000000004,50,6,0.685
-16420000089756,40.0,50,4,0.8
-16420000089752,32.0,50,6,0.64
-16420000089751,40.35999999999999,50,5,0.807
-16420000089744,49.0,50,2,0.98
-16420000089741,57.0,50,3,1.14
-16420000089735,68.0,50,2,1.36
-16420000089731,31.0,50,6,0.62
-16420000089729,33.29999999999998,50,6,0.666
-16420000089717,29.0,30,6,0.967
-16420000089695,21.0,50,6,0.42
-16420000089694,46.0,50,6,0.92
-16420000089691,47.849999999999994,30,6,1.595
-16420000089648,63.0,50,3,1.26
-16420000089642,55.0,60,3,0.917
-16420000089641,37.0,60,3,0.617
-16420000089640,45.809999999999995,50,4,0.916
-16420000089638,68.0,50,3,1.36
-16420000089607,43.0,50,5,0.86
-16420000089605,34.0,50,4,0.68
-16420000089598,45.0,50,3,0.9
-16420000089596,34.0,50,6,0.68
-16420000089595,35.0,50,3,0.7
-16420000089592,66.0,60,3,1.1
-16420000089577,64.0,60,2,1.067
-16420000089572,39.0,50,2,0.78
-16420000089503,21.34,50,6,0.427
-16420000089501,26.75,30,6,0.892
-16420000089500,51.0,50,5,1.02
-16420000089498,61.57000000000001,60,3,1.026
-16420000089492,48.0,50,5,0.96
-16420000089487,39.7,50,6,0.794
-16420000089486,42.440000000000005,30,4,1.415
-16420000089443,36.075,30,6,1.203
-16420000089404,33.0,50,2,0.66
-16420000089376,50.065,50,3,1.001
-16420000089375,48.0,50,4,0.96
-16420000089337,31.1,30,6,1.037
-16420000089329,44.105,50,6,0.882
-16420000089327,27.0,50,4,0.54
-16420000089324,43.2,50,5,0.864
-16420000089318,36.0,50,5,0.72
-16420000089316,38.6,30,6,1.287
-16420000089314,41.0,50,6,0.82
-16420000089301,61.0,50,4,1.22
-16420000089205,57.0,50,5,1.14
-16420000089194,60.0,50,4,1.2
-16420000089185,29.0,50,4,0.58
-16420000089184,29.0,30,4,0.967
-16420000089181,47.0,50,6,0.94
-16420000089177,23.9,50,6,0.478
-16420000089175,33.5,30,6,1.117
-16420000089170,29.965,50,6,0.599
-16420000089168,46.0,50,4,0.92
-16420000089152,52.0,50,3,1.04
-16420000089145,53.0,30,2,1.767
-16420000089130,32.175,30,6,1.072
-16420000089122,38.0,30,6,1.267
-16420000089119,21.905,50,4,0.438
-16420000089118,38.099999999999994,30,6,1.27
-16420000089092,55.754999999999995,50,4,1.115
-16420000089087,26.0,50,5,0.52
-16420000089069,32.0,50,6,0.64
-16420000089050,21.0,30,6,0.7
-16420000089049,18.8,50,4,0.376
-16420000089047,61.0,60,2,1.017
-16420000089039,27.0,50,6,0.54
-16420000089038,31.0,50,6,0.62
-16420000089031,37.0,50,6,0.74
-16420000088997,32.0,50,6,0.64
-16420000088995,28.259999999999998,30,6,0.942
-16420000088992,39.4,50,4,0.788
-16420000088991,38.33,50,4,0.767
-16420000088968,47.0,50,5,0.94
-16420000088966,47.0,50,5,0.94
-16420000088965,45.0,50,6,0.9
-16420000088964,35.0,50,6,0.7
-16420000088959,29.1,50,6,0.582
-16420000088946,40.0,50,5,0.8
-16420000088942,34.065,30,6,1.136
-16420000088939,26.799999999999997,50,6,0.536
-16420000088937,32.0,50,6,0.64
-16420000088903,31.97,50,6,0.639
-16420000088836,60.48,50,4,1.21
-16420000088822,25.0,30,6,0.833
-16420000088773,46.195,50,6,0.924
-16420000088731,23.525,60,2,0.392
-16420000088728,45.0,50,5,0.9
-16420000088727,36.0,50,6,0.72
-16420000088720,38.0,50,3,0.76
-16420000088702,33.0,50,3,0.66
-16420000088678,40.7,50,6,0.814
-16420000088669,38.0,30,4,1.267
-16420000088665,20.0,50,6,0.4
-16420000088663,58.0,50,4,1.16
-16420000088661,43.0,40,2,1.075
-16420000088657,59.0,50,2,1.18
-16420000088654,41.855,50,4,0.837
-16420000088649,53.5,50,4,1.07
-16420000088648,46.0,50,6,0.92
-16420000088643,35.97,30,6,1.199
-16420000088640,59.144999999999996,50,3,1.183
-16420000088639,33.0,50,6,0.66
-16420000088592,52.55,50,2,1.051
-16420000088583,24.5,50,3,0.49
-16420000088507,33.14,50,6,0.663
-16420000088488,37.3,50,5,0.746
-16420000088486,50.0,30,4,1.667
-16420000088460,39.2,50,6,0.784
-16420000088457,53.0,50,3,1.06
-16420000088415,41.85,50,5,0.837
-16420000088412,16.0,30,6,0.533
-16420000088411,42.0,50,6,0.84
-16420000088391,32.36,30,6,1.079
-16420000088381,49.775,50,3,0.995
-16420000088379,64.0,50,4,1.28
-16420000088378,41.0,30,6,1.367
-16420000088375,43.0,50,3,0.86
-16420000088374,40.0,50,5,0.8
-16420000088001,48.0,50,2,0.96
-16420000087870,49.3,50,4,0.986
-16420000087869,41.0,50,6,0.82
-16420000087866,42.0,50,5,0.84
-16420000087865,20.0,50,6,0.4
-16420000087857,24.0,50,4,0.48
-16420000087841,58.885,50,3,1.178
-16420000087836,22.200000000000003,50,6,0.444
-16420000087833,58.0,50,4,1.16
-16420000087831,24.275,50,5,0.486
-16420000087816,37.0,50,4,0.74
-16420000087808,38.05,50,6,0.761
-16420000087805,30.935,30,6,1.031
-16420000087800,22.25,50,6,0.445
-16420000087797,36.31999999999999,50,6,0.726
-16420000087698,31.0,30,6,1.033
-16420000087695,59.0,50,4,1.18
-16420000087687,33.334999999999994,30,6,1.111
-16420000087686,28.0,30,6,0.933
-16420000087683,47.0,50,3,0.94
-16420000087677,36.0,60,2,0.6
-16420000087671,29.0,50,4,0.58
-16420000087662,56.0,50,3,1.12
-16420000087641,37.35,50,5,0.747
-16420000087625,25.0,50,6,0.5
-16420000087506,31.0,50,6,0.62
-16420000087465,44.894999999999996,50,5,0.898
-16420000087464,34.900000000000006,50,6,0.698
-16420000087459,56.0,50,6,1.12
-16420000087449,45.43,50,6,0.909
-16420000087448,27.16,30,5,0.905
-16420000087446,45.0,50,6,0.9
-16420000087441,45.28,50,5,0.906
-16420000087437,34.0,50,5,0.68
-16420000087433,42.0,30,6,1.4
-16420000087407,66.7,50,2,1.334
-16420000087406,63.529999999999994,50,3,1.271
-16420000087375,63.760000000000005,50,4,1.275
-16420000087373,39.315,50,6,0.786
-16420000087362,34.150000000000006,50,6,0.683
-16420000087357,41.269999999999996,50,5,0.825
-16420000087344,26.0,50,6,0.52
-16420000087343,22.0,50,6,0.44
-16420000087319,33.46,30,6,1.115
-16420000087318,31.25,30,6,1.042
-16420000087309,30.0,50,6,0.6
-16420000087301,38.03,50,5,0.761
-16420000087300,28.0,50,6,0.56
-16420000087296,43.0,50,6,0.86
-16420000087290,32.0,50,4,0.64
-16420000087284,49.495,50,5,0.99
-16420000087281,44.18000000000001,50,4,0.884
-16420000087261,27.0,50,6,0.54
-16420000087257,31.299999999999997,50,6,0.626
-16420000087255,37.0,50,6,0.74
-16420000087254,44.0,50,4,0.88
-16420000087246,60.5,50,3,1.21
-16420000087201,43.0,30,4,1.433
-16420000087186,38.0,30,6,1.267
-16420000087182,27.849999999999994,50,6,0.557
-16420000087177,64.5,50,4,1.29
-16420000087169,40.0,50,6,0.8
-16420000087166,62.285000000000004,50,3,1.246
-16420000087161,47.075,50,4,0.942
-16420000087159,57.0,50,4,1.14
-16420000087150,23.98,30,6,0.799
-16420000087149,31.835,50,6,0.637
-16420000087133,35.434999999999995,50,4,0.709
-16420000087130,29.0,30,6,0.967
-16420000087117,38.0,50,4,0.76
-16420000087093,49.69499999999999,50,4,0.994
-16420000087038,42.0,50,5,0.84
-16420000087037,38.0,50,6,0.76
-16420000087029,30.0,50,6,0.6
-16420000087025,42.55,30,6,1.418
-16420000087010,32.0,50,6,0.64
-16420000087002,37.0,50,6,0.74
-16420000086999,32.0,50,6,0.64
-16420000086994,41.0,50,6,0.82
-16420000086988,22.39999999999999,30,6,0.747
-16420000086978,33.68,30,6,1.123
-16420000086975,38.0,50,6,0.76
-16420000086851,24.0,30,4,0.8
-16420000086701,25.8,30,6,0.86
-16420000086693,41.0,50,5,0.82
-16420000086685,52.3,50,6,1.046
-16420000086139,42.6,60,2,0.71
-16420000086136,46.999999999999964,50,6,0.94
-16420000086135,36.0,50,5,0.72
-16420000086132,29.0,50,5,0.58
-16420000086131,31.799999999999997,50,5,0.636
-16420000086126,37.0,50,6,0.74
-16420000086122,45.0,50,4,0.9
-16420000086021,18.505,50,5,0.37
-16420000086020,28.2,50,5,0.564
-16420000086012,36.0,50,6,0.72
-16420000086007,40.25,30,5,1.342
-16420000085996,26.5,50,6,0.53
-16420000085985,58.0,50,3,1.16
-16420000085980,19.85,30,6,0.662
-16420000085975,15.0,50,6,0.3
-16420000085942,36.839999999999996,50,6,0.737
-16420000085840,16.0,50,6,0.32
-16420000085830,35.1,50,6,0.702
-16420000085825,36.115,50,4,0.722
-16420000085703,51.01,50,5,1.02
-16420000085697,40.0,60,3,0.667
-16420000085684,31.0,50,6,0.62
-16420000085672,16.0,50,6,0.32
-16420000085667,29.525,50,4,0.59
-16420000085661,55.73,50,4,1.115
-16420000085660,50.0,50,2,1.0
-16420000085658,58.425,50,4,1.168
-16420000085656,31.0,50,6,0.62
-16420000085655,37.0,50,6,0.74
-16420000085650,43.0,30,6,1.433
-16420000085647,41.0,30,6,1.367
-16420000085637,23.45,50,6,0.469
-16420000085595,45.0,50,5,0.9
-16420000085580,38.0,50,6,0.76
-16420000085579,50.0,50,5,1.0
-16420000085571,51.0,50,4,1.02
-16420000085567,31.0,50,6,0.62
-16420000085564,52.0,50,6,1.04
-16420000085562,48.0,30,4,1.6
-16420000085551,46.0,50,5,0.92
-16420000085549,29.06,50,6,0.581
-16420000085293,33.0,50,5,0.66
-16420000085288,33.0,20,4,1.65
-16420000085286,48.0,50,3,0.96
-16420000085269,62.6,50,4,1.252
-16420000085265,42.0,30,4,1.4
-16420000085261,55.510000000000005,50,4,1.11
-16420000085095,53.0,50,6,1.06
-16420000085088,59.0,30,3,1.967
-16420000084946,33.3,30,6,1.11
-16420000084945,50.8,50,6,1.016
-16420000084944,47.155,50,4,0.943
-16420000084943,43.3,50,6,0.866
-16420000084939,26.7,30,6,0.89
-16420000084934,21.0,50,6,0.42
-16420000084933,47.0,50,5,0.94
-16420000084932,39.8,50,5,0.796
-16420000084925,47.54999999999998,50,5,0.951
-16420000084919,7.234999999999997,50,6,0.145
-16420000084912,58.0,50,3,1.16
-16420000084905,24.0,50,4,0.48
-16420000084888,49.0,50,3,0.98
-16420000084883,37.0,30,6,1.233
-16420000084877,52.38999999999999,50,3,1.048
-16420000084876,51.33999999999998,50,3,1.027
-16420000084870,31.519999999999992,50,4,0.63
-16420000084846,35.0,50,6,0.7
-16420000084845,29.0,50,6,0.58
-16420000084843,15.909999999999997,50,6,0.318
-16420000084838,64.0,60,4,1.067
-16420000084837,24.615000000000002,30,6,0.821
-16420000084830,36.0,50,4,0.72
-16420000084827,50.0,60,4,0.833
-16420000084820,50.0,50,3,1.0
-16420000084819,62.0,50,4,1.24
-16420000084816,46.0,50,5,0.92
-16420000084806,56.0,50,3,1.12
-16420000084798,38.0,30,6,1.267
-16420000084792,42.0,30,6,1.4
-16420000084790,33.35,30,6,1.112
-16420000084762,50.0,50,4,1.0
-16420000084753,29.0,50,4,0.58
-16420000084752,51.9,60,3,0.865
-16420000084750,39.645,50,4,0.793
-16420000084736,47.9,50,4,0.958
-16420000084731,49.0,50,4,0.98
-16420000084716,39.17,30,6,1.306
-16420000084701,45.525,50,6,0.91
-16420000084699,44.0,50,5,0.88
-16420000084685,34.0,50,4,0.68
-16420000084665,56.279999999999994,50,4,1.126
-16420000084656,57.0,30,4,1.9
-16420000084651,45.0,50,4,0.9
-16420000084647,43.0,50,2,0.86
-16420000084636,22.0,50,4,0.44
-16420000084634,57.0,50,4,1.14
-16420000084629,53.885,50,2,1.078
-16420000084622,42.0,50,2,0.84
-16420000084612,49.0,30,6,1.633
-16420000084603,47.0,50,4,0.94
-16420000084601,44.0,50,4,0.88
-16420000084592,28.0,30,6,0.933
-16420000084582,31.0,50,6,0.62
-16420000084568,45.0,50,5,0.9
-16420000084565,28.14,50,6,0.563
-16420000084557,41.714999999999996,50,5,0.834
-16420000084545,26.939999999999998,50,4,0.539
-16420000084532,45.45,50,6,0.909
-16420000084530,48.0,50,4,0.96
-16420000084513,32.4,30,6,1.08
-16420000084424,23.7,50,6,0.474
-16420000084422,36.279999999999994,50,4,0.726
-16420000084416,42.0,30,5,1.4
-16420000084401,20.0,30,6,0.667
-16420000084399,34.0,30,6,1.133
-16420000084397,34.21,50,6,0.684
-16420000084396,63.3,50,4,1.266
-16420000084354,24.54,50,6,0.491
-16420000084352,58.7,50,3,1.174
-16420000084349,34.0,50,2,0.68
-16420000084339,38.544999999999995,50,6,0.771
-16420000084337,47.995,30,4,1.6
-16420000084257,30.28999999999999,60,2,0.505
-16420000084253,34.8,30,1,1.16
-16420000084230,21.0,30,5,0.7
-16420000084202,28.0,50,6,0.56
-16420000084014,45.0,50,6,0.9
-16420000083898,24.049999999999997,50,4,0.481
-16420000083895,44.6,30,6,1.487
-16420000083885,30.15,30,6,1.005
-16420000083879,54.0,50,5,1.08
-16420000083875,29.764999999999997,30,6,0.992
-16420000083873,41.4,50,6,0.828
-16420000083866,46.0,30,6,1.533
-16420000083748,17.0,50,6,0.34
-16420000083747,36.0,30,4,1.2
-16420000083734,62.635000000000005,60,2,1.044
-16420000083721,17.414999999999996,18,5,0.967
-16420000083716,43.5,50,4,0.87
-16420000083687,36.739999999999995,50,3,0.735
-16420000083642,46.0,30,4,1.533
-16420000083615,34.0,50,2,0.68
-16420000083598,53.0,50,4,1.06
-16420000083597,35.0,50,4,0.7
-16420000083596,49.0,50,4,0.98
-16420000083534,36.355,50,6,0.727
-16420000083479,27.279999999999994,50,6,0.546
-16420000083473,35.0,50,6,0.7
-16420000083355,39.0,30,5,1.3
-16420000083352,60.0,30,2,2.0
-16420000083351,56.0,30,2,1.867
-16420000083312,33.0,50,3,0.66
-16420000083304,47.0,50,5,0.94
-16420000083299,26.0,50,4,0.52
-16420000083297,34.39999999999999,50,6,0.688
-16420000083295,51.0,50,2,1.02
-16420000083284,26.0,50,6,0.52
-16420000083237,30.0,50,6,0.6
-16420000083234,40.0,50,6,0.8
-16420000083222,51.87,50,4,1.037
-16420000083215,36.0,40,4,0.9
-16420000083205,28.39999999999999,50,6,0.568
-16420000083200,36.0,50,6,0.72
-16420000083190,27.0,50,6,0.54
-16420000083171,34.0,50,6,0.68
-16420000083163,28.0,50,5,0.56
-16420000083144,44.0,30,6,1.467
-16420000083142,18.699999999999996,50,6,0.374
-16420000082808,47.0,40,4,1.175
-16420000082698,47.06,50,3,0.941
-16420000082692,26.6,50,6,0.532
-16420000082661,44.239999999999995,30,6,1.475
-16420000082648,37.14999999999999,30,6,1.238
-16420000082629,36.474999999999994,50,6,0.729
-16420000082620,55.0,50,2,1.1
-16420000082499,43.0,30,4,1.433
-16420000082498,43.0,50,4,0.86
-16420000082494,36.0,50,3,0.72
-16420000082485,45.8,50,4,0.916
-16420000082483,53.07,50,4,1.061
-16420000082479,54.95,50,4,1.099
-16420000082425,39.0,30,6,1.3
-16420000082424,41.105,30,6,1.37
-16420000082403,23.1,50,6,0.462
-16420000082316,35.145,50,5,0.703
-16420000082306,30.0,30,6,1.0
-16420000082298,25.3,50,6,0.506
-16420000082295,30.0,50,6,0.6
-16420000082293,49.6,50,3,0.992
-16420000082291,37.0,50,6,0.74
-16420000082290,31.0,50,5,0.62
-16420000082284,28.0,50,6,0.56
-16420000082278,41.0,50,6,0.82
-16420000082277,16.15,30,6,0.538
-16420000082266,45.0,50,4,0.9
-16420000082259,50.0,50,4,1.0
-16420000082255,60.0,50,3,1.2
-16420000082194,51.32,50,4,1.026
-16420000082181,50.30999999999999,50,4,1.006
-16420000082176,27.9,30,6,0.93
-16420000082121,43.57000000000001,50,4,0.871
-16420000082117,28.0,50,6,0.56
-16420000081928,64.1,50,4,1.282
-16420000081922,44.0,50,5,0.88
-16420000081908,53.589999999999996,50,4,1.072
-16420000081897,36.875,30,6,1.229
-16420000081800,48.0,50,5,0.96
-16420000081799,64.13,50,4,1.283
-16420000081792,33.25,30,6,1.108
-16420000081791,34.949999999999996,50,6,0.699
-16420000081789,16.085,50,6,0.322
-16420000081782,49.0,50,4,0.98
-16420000081780,31.72,50,6,0.634
-16420000081766,42.0,30,6,1.4
-16420000081764,48.0,30,6,1.6
-16420000081751,38.08,50,6,0.762
-16420000081746,44.0,30,6,1.467
-16420000081738,29.0,50,6,0.58
-16420000081735,64.0,50,4,1.28
-16420000081726,28.0,30,6,0.933
-16420000081707,39.0,50,6,0.78
-16420000081703,29.0,50,2,0.58
-16420000081694,24.0,50,4,0.48
-16420000081665,39.754999999999995,50,6,0.795
-16420000081660,50.0,50,6,1.0
-16420000081658,33.8,30,6,1.127
-16420000081655,21.3,50,6,0.426
-16420000081650,32.0,50,4,0.64
-16420000081648,30.525,50,6,0.61
-16420000081644,38.1,50,6,0.762
-16420000081546,49.0,50,3,0.98
-16420000081517,42.0,50,4,0.84
-16420000081420,40.0,50,6,0.8
-16420000081419,34.035,50,6,0.681
-16420000081407,48.0,50,4,0.96
-16420000081402,23.775,30,6,0.792
-16420000081378,70.0,50,4,1.4
-16420000081323,47.0,50,6,0.94
-16420000081303,23.0,50,6,0.46
-16420000081297,58.0,50,4,1.16
-16420000081192,53.58999999999999,60,3,0.893
-16420000081187,42.0,50,3,0.84
-16420000081175,32.125,50,6,0.642
-16420000081163,43.565000000000005,50,5,0.871
-16420000081161,60.0,50,3,1.2
-16420000081139,48.0,60,2,0.8
-16420000081062,54.0,60,2,0.9
-16420000081061,42.0,30,6,1.4
-16420000081057,48.0,50,4,0.96
-16420000081056,48.0,50,4,0.96
-16420000080983,64.3,50,4,1.286
-16420000080966,31.89999999999999,50,6,0.638
-16420000080959,30.75,30,5,1.025
-16420000080957,41.0,50,4,0.82
-16420000080955,31.849999999999998,50,6,0.637
-16420000080950,44.0,50,4,0.88
-16420000080945,20.0,50,6,0.4
-16420000080941,32.0,50,5,0.64
-16420000080940,41.0,50,6,0.82
-16420000080939,57.6,30,2,1.92
-16420000080926,67.0,50,4,1.34
-16420000080689,79.0,80,1,0.988
-16420000080681,43.0,50,5,0.86
-16420000080680,30.0,50,6,0.6
-16420000080675,23.8,50,6,0.476
-16420000080669,16.7,50,6,0.334
-16420000080663,29.0,50,5,0.58
-16420000080649,37.0,50,5,0.74
-16420000080648,50.0,50,5,1.0
-16420000080644,42.08,30,6,1.403
-16420000080642,40.004999999999995,30,6,1.334
-16420000080641,34.16,30,6,1.139
-16420000080632,27.0,50,6,0.54
-16420000080631,38.5,50,6,0.77
-16420000080628,21.0,50,6,0.42
-16420000080623,43.0,50,3,0.86
-16420000080598,41.0,50,6,0.82
-16420000080597,40.0,50,4,0.8
-16420000080589,33.0,50,6,0.66
-16420000080584,19.049999999999997,50,6,0.381
-16420000080582,38.3,50,6,0.766
-16420000080397,36.54,50,5,0.731
-16420000080390,33.0,50,6,0.66
-16420000080387,24.379999999999995,30,6,0.813
-16420000080384,48.0,50,6,0.96
-16420000080371,45.0,50,4,0.9
-16420000080321,65.0,50,3,1.3
-16420000080226,38.83,50,6,0.777
-16420000080219,44.0,30,5,1.467
-16420000079768,30.0,50,4,0.6
-16420000079766,31.0,50,6,0.62
-16420000079765,28.599999999999998,50,6,0.572
-16420000079757,24.0,30,6,0.8
-16420000079737,47.0,50,4,0.94
-16420000079736,47.0,50,4,0.94
-16420000079735,47.0,50,4,0.94
-16420000079726,27.0,50,6,0.54
-16420000079655,38.19,30,6,1.273
-16420000079643,47.90999999999999,30,6,1.597
-16420000079635,46.24999999999999,30,6,1.542
-16420000079282,47.0,50,5,0.94
-16420000079278,44.0,50,6,0.88
-16420000079271,66.0,50,4,1.32
-16420000079265,42.0,30,6,1.4
-16420000079264,42.65,30,6,1.422
-16420000079196,34.0,50,6,0.68
-16420000079160,52.0,50,4,1.04
-16420000079157,23.2,50,6,0.464
-16420000079154,38.22999999999999,50,5,0.765
-16420000079148,64.0,50,4,1.28
-16420000079140,45.25,50,5,0.905
-16420000079138,39.379999999999995,30,6,1.313
-16420000078812,22.0,30,4,0.733
-16420000078801,29.0,18,2,1.611
-16420000078800,60.25,50,3,1.205
-16420000078788,41.37,50,4,0.827
-16420000078760,26.0,30,6,0.867
-16420000078744,27.0,50,4,0.54
-16420000078734,32.0,30,6,1.067
-16420000078732,48.0,50,6,0.96
-16420000078731,35.0,50,6,0.7
-16420000078724,26.9,30,6,0.897
-16420000078718,45.0,50,3,0.9
-16420000078716,50.0,30,4,1.667
-16420000078608,27.0,50,6,0.54
-16420000078600,24.47,50,6,0.489
-16420000078599,46.0,50,5,0.92
-16420000078598,45.0,50,5,0.9
-16420000078596,25.0,30,6,0.833
-16420000078592,37.705000000000005,50,6,0.754
-16420000078590,39.8,50,6,0.796
-16420000078565,23.0,30,6,0.767
-16420000078466,26.94,50,6,0.539
-16420000078460,42.0,30,6,1.4
-16420000078458,53.0,50,3,1.06
-16420000078451,33.0,50,6,0.66
-16420000078447,21.0,30,6,0.7
-16420000078436,26.0,50,6,0.52
-16420000078433,28.0,30,6,0.933
-16420000078427,29.7,50,6,0.594
-16420000078415,42.0,50,6,0.84
-16420000078413,21.0,50,6,0.42
-16420000078398,40.25,50,4,0.805
-16420000078397,50.0,50,4,1.0
-16420000078390,50.0,50,3,1.0
-16420000078382,45.0,50,4,0.9
-16420000078371,52.0,50,2,1.04
-16420000078347,25.0,50,6,0.5
-16420000078343,35.0,50,6,0.7
-16420000078321,37.35,30,5,1.245
-16420000078317,39.9,30,5,1.33
-16420000078310,27.0,30,6,0.9
-16420000078305,39.0,50,3,0.78
-16420000078299,34.275,50,6,0.686
-16420000078296,26.849999999999998,50,6,0.537
-16420000078285,43.0,50,6,0.86
-16420000078274,35.0,50,3,0.7
-16420000078268,58.0,50,4,1.16
-16420000078267,20.0,30,6,0.667
-16420000078249,28.0,50,6,0.56
-16420000078233,30.8,50,6,0.616
-16420000078229,37.0,30,6,1.233
-16420000078224,65.0,50,4,1.3
-16420000078219,57.0,50,3,1.14
-16420000078218,32.3,50,6,0.646
-16420000078216,30.884999999999994,50,5,0.618
-16420000078128,37.0,50,6,0.74
-16420000078127,19.0,50,6,0.38
-16420000078122,48.0,50,4,0.96
-16420000078113,19.700000000000003,30,6,0.657
-16420000078103,28.0,30,6,0.933
-16420000078098,22.0,50,6,0.44
-16420000077988,44.025000000000006,50,3,0.881
-16420000077863,58.0,50,3,1.16
-16420000077847,51.59,50,4,1.032
-16420000077838,49.0,60,4,0.817
-16420000077837,38.0,50,6,0.76
-16420000077831,27.8,30,6,0.927
-16420000077306,49.0,50,4,0.98
-16420000077300,47.96,30,5,1.599
-16420000077291,56.455000000000005,50,4,1.129
-16420000077240,49.0,50,4,0.98
-16420000077236,35.45,50,6,0.709
-16420000077234,50.385,50,5,1.008
-16420000077203,18.2,50,6,0.364
-16420000077201,61.0,60,4,1.017
-16420000077200,58.33999999999999,60,4,0.972
-16420000077196,35.9,30,4,1.197
-16420000077028,30.0,30,6,1.0
-16420000077025,47.0,50,4,0.94
-16420000077022,39.6,30,6,1.32
-16420000077018,32.8,50,6,0.656
-16420000077017,46.0,30,6,1.533
-16420000077013,43.0,50,6,0.86
-16420000077011,48.660000000000004,50,4,0.973
-16420000077010,62.0,50,4,1.24
-16420000077001,44.28,30,5,1.476
-16420000076999,34.0,50,4,0.68
-16420000076997,60.0,60,2,1.0
-16420000076996,40.0,50,4,0.8
-16420000076986,37.0,19,2,1.947
-16420000076985,39.0,50,5,0.78
-16420000076968,39.599999999999994,30,6,1.32
-16420000076892,18.0,30,6,0.6
-16420000076880,41.82,50,3,0.836
-16420000076876,36.0,50,5,0.72
-16420000076872,47.75,50,4,0.955
-16420000076728,41.0,50,4,0.82
-16420000076713,55.0,50,4,1.1
-16420000076707,39.2,30,6,1.307
-16420000076695,47.0,50,4,0.94
-16420000076691,35.0,50,6,0.7
-16420000076683,16.55,30,6,0.552
-16420000076681,38.0,30,6,1.267
-16420000076676,32.0,30,6,1.067
-16420000076675,39.0,50,6,0.78
-16420000076661,38.0,50,3,0.76
-16420000076656,25.0,30,6,0.833
-16420000076551,43.0,50,6,0.86
-16420000076538,26.540000000000003,50,6,0.531
-16420000076498,40.0,50,4,0.8
-16420000076497,38.0,50,4,0.76
-16420000076496,41.0,50,6,0.82
-16420000076392,45.3,50,6,0.906
-16420000076383,17.0,50,6,0.34
-16420000076382,27.0,30,6,0.9
-16420000076363,29.1,50,6,0.582
-16420000076359,23.4,50,6,0.468
-16420000076356,19.0,30,6,0.633
-16420000076296,49.0,50,3,0.98
-16420000076293,50.0,50,2,1.0
-16420000076290,23.89999999999999,50,6,0.478
-16420000076287,36.0,50,4,0.72
-16420000076052,53.419999999999995,30,6,1.781
-16420000076050,34.0,50,4,0.68
-16420000075920,30.0,30,6,1.0
-16420000075918,45.0,50,4,0.9
-16420000075913,32.0,50,5,0.64
-16420000075907,43.0,30,5,1.433
-16420000075902,32.0,50,3,0.64
-16420000075893,41.95,30,6,1.398
-16420000075889,18.354999999999997,30,6,0.612
-16420000075886,44.0,50,6,0.88
-16420000075885,30.0,30,6,1.0
-16420000075789,31.299999999999997,50,6,0.626
-16420000075786,32.0,30,6,1.067
-16420000075784,40.0,50,6,0.8
-16420000075779,45.0,30,4,1.5
-16420000075776,23.0,30,6,0.767
-16420000075602,33.99,50,6,0.68
-16420000075591,42.8,50,5,0.856
-16420000075589,41.0,50,4,0.82
-16420000075588,31.299999999999997,50,6,0.626
-16420000075585,37.0,50,6,0.74
-16420000075583,38.335,50,6,0.767
-16420000075580,48.97,50,5,0.979
-16420000075472,45.0,50,4,0.9
-16420000075466,40.25,50,4,0.805
-16420000075448,33.0,50,6,0.66
-16420000075446,26.0,50,6,0.52
-16420000075440,29.335,30,6,0.978
-16420000075426,30.599999999999998,50,6,0.612
-16420000075152,39.65,50,6,0.793
-16420000075149,32.0,50,6,0.64
-16420000075147,41.0,50,4,0.82
-16420000075142,43.515,50,6,0.87
-16420000075138,37.57,50,6,0.751
-16420000075013,52.0,50,4,1.04
-16420000075012,42.0,50,6,0.84
-16420000075005,20.9,50,6,0.418
-16420000074996,15.0,50,6,0.3
-16420000074995,30.0,50,6,0.6
-16420000074993,33.0,30,6,1.1
-16420000074990,22.0,50,6,0.44
-16420000074986,30.65,50,6,0.613
-16420000074834,36.0,30,5,1.2
-16420000074830,42.0,50,6,0.84
-16420000074809,34.0,50,6,0.68
-16420000074773,52.58,60,3,0.876
-16420000074615,37.0,50,4,0.74
-16420000074600,51.72,50,4,1.034
-16420000074589,20.065,50,6,0.401
-16420000074588,25.2,50,6,0.504
-16420000074587,42.55,50,6,0.851
-16420000074577,25.7,30,6,0.857
-16420000074576,36.42999999999999,50,6,0.729
-16420000074566,30.44999999999999,50,6,0.609
-16420000074562,51.0,50,4,1.02
-16420000074560,68.0,50,3,1.36
-16420000074559,60.0,50,3,1.2
-16420000074545,53.0,50,4,1.06
-16420000074542,33.0,50,5,0.66
-16420000074541,46.005,50,5,0.92
-16420000074529,31.0,50,6,0.62
-16420000074528,25.65,30,5,0.855
-16420000074526,56.0,50,4,1.12
-16420000074438,51.0,50,3,1.02
-16420000074437,45.0,50,5,0.9
-16420000074434,30.0,30,6,1.0
-16420000074430,36.0,50,5,0.72
-16420000074427,28.0,30,6,0.933
-16420000074410,26.64,30,6,0.888
-16420000074409,44.4,50,6,0.888
-16420000074408,41.0,50,6,0.82
-16420000074402,27.0,30,6,0.9
-16420000074401,25.875,50,6,0.518
-16420000074389,16.98,50,6,0.34
-16420000074373,32.3,50,3,0.646
-16420000074282,40.0,50,6,0.8
-16420000074281,21.0,30,6,0.7
-16420000074278,47.849999999999994,50,3,0.957
-16420000074277,35.160000000000004,50,6,0.703
-16420000074276,43.98,50,5,0.88
-16420000074275,28.0,50,6,0.56
-16420000074258,45.8,30,6,1.527
-16420000074235,47.0,50,6,0.94
-16420000074226,27.18,50,6,0.544
-16420000074222,42.959999999999994,30,6,1.432
-16420000074220,48.0,50,3,0.96
-16420000074215,22.0,30,6,0.733
-16420000074132,53.0,50,5,1.06
-16420000074112,34.21000000000001,40,4,0.855
-16420000074109,29.0,30,6,0.967
-16420000074104,58.0,60,2,0.967
-16420000074079,32.0,50,5,0.64
-16420000074078,46.0,30,4,1.533
-16420000074076,27.4,30,6,0.913
-16420000074074,35.0,50,6,0.7
-16420000074065,29.0,30,6,0.967
-16420000074058,29.48,30,6,0.983
-16420000074055,45.0,50,5,0.9
-16420000074053,66.0,50,4,1.32
-16420000074049,32.0,30,5,1.067
-16420000073971,46.849999999999994,50,5,0.937
-16420000073957,29.0,50,6,0.58
-16420000073951,24.0,30,6,0.8
-16420000073949,50.0,50,4,1.0
-16420000073712,53.0,50,4,1.06
-16420000073711,36.83999999999999,50,4,0.737
-16420000073702,34.3,50,6,0.686
-16420000073699,22.79,50,6,0.456
-16420000073695,29.0,50,5,0.58
-16420000073690,29.599999999999994,50,6,0.592
-16420000073463,42.09,50,5,0.842
-16420000073356,45.055,50,6,0.901
-16420000073353,24.0,30,6,0.8
-16420000073351,42.1,50,3,0.842
-16420000073328,41.220000000000006,50,4,0.824
-16420000073323,53.425,50,4,1.068
-16420000073322,38.9,50,3,0.778
-16420000073320,67.0,50,3,1.34
-16420000073317,31.0,30,6,1.033
-16420000073304,51.805,50,3,1.036
-16420000073292,38.0,50,4,0.76
-16420000073289,35.05,50,6,0.701
-16420000073287,19.0,50,6,0.38
-16420000073279,37.150000000000006,50,6,0.743
-16420000073278,33.0,50,6,0.66
-16420000073254,30.119999999999997,30,6,1.004
-16420000073247,31.0,50,4,0.62
-16420000073245,27.0,50,6,0.54
-16420000073241,34.0,30,2,1.133
-16420000073065,43.404999999999994,50,6,0.868
-16420000073063,30.849999999999994,50,6,0.617
-16420000073058,30.0,30,6,1.0
-16420000073050,45.0,50,5,0.9
-16420000073031,34.0,50,6,0.68
-16420000073029,25.95,50,6,0.519
-16420000073026,26.0,50,6,0.52
-16420000073019,28.0,50,6,0.56
-16420000073018,42.655,50,5,0.853
-16420000073017,55.0,50,3,1.1
-16420000072931,40.1,50,6,0.802
-16420000072929,64.73499999999999,50,4,1.295
-16420000072924,44.3,50,5,0.886
-16420000072916,43.0,50,6,0.86
-16420000072819,26.0,50,6,0.52
-16420000072815,56.0,50,5,1.12
-16420000072809,39.0,60,2,0.65
-16420000072806,29.33,30,6,0.978
-16420000072794,43.0,30,6,1.433
-16420000072780,28.580000000000005,50,6,0.572
-16420000072779,63.0,50,4,1.26
-16420000072762,45.0,30,6,1.5
-16420000072761,40.0,50,5,0.8
-16420000072755,51.0,50,2,1.02
-16420000072751,46.0,50,5,0.92
-16420000072748,51.0,50,4,1.02
-16420000072746,46.0,50,4,0.92
-16420000072655,47.75,50,6,0.955
-16420000072652,27.0,50,6,0.54
-16420000072651,28.0,50,6,0.56
-16420000072625,51.6,50,3,1.032
-16420000072534,57.15,50,3,1.143
-16420000072521,37.0,50,3,0.74
-16420000072505,27.0,50,6,0.54
-16420000072503,51.035000000000004,50,2,1.021
-16420000072500,47.0,50,4,0.94
-16420000072496,48.11,50,5,0.962
-16420000072494,43.0,50,6,0.86
-16420000072487,31.57,50,6,0.631
-16420000072486,15.045,50,4,0.301
-16420000072482,39.565,50,4,0.791
-16420000072474,38.76499999999999,50,4,0.775
-16420000072472,28.0,50,6,0.56
-16420000072376,50.709999999999994,50,4,1.014
-16420000072362,47.5,50,6,0.95
-16420000072351,43.0,50,4,0.86
-16420000072345,27.0,50,6,0.54
-16420000072341,47.0,50,6,0.94
-16420000072339,45.0,50,6,0.9
-16420000072337,42.41,30,5,1.414
-16420000072326,46.0,50,4,0.92
-16420000072315,38.0,50,2,0.76
-16420000072313,33.21,50,6,0.664
-16420000072311,35.0,50,6,0.7
-16420000072310,21.375,50,6,0.428
-16420000072230,33.275,50,6,0.666
-16420000072220,31.0,50,6,0.62
-16420000072219,64.0,50,4,1.28
-16420000072133,46.0,40,4,1.15
-16420000071943,27.0,50,6,0.54
-16420000071942,45.04,50,5,0.901
-16420000071939,32.3,50,6,0.646
-16420000071937,28.95,50,6,0.579
-16420000071923,44.0,50,3,0.88
-16420000071917,18.73,50,6,0.375
-16420000071911,40.0,50,6,0.8
-16420000071908,45.0,50,3,0.9
-16420000071898,31.0,50,6,0.62
-16420000071882,35.0,30,6,1.167
-16420000071863,42.05,50,6,0.841
-16420000071858,34.95,50,6,0.699
-16420000071854,45.05,50,6,0.901
-16420000071852,63.0,50,4,1.26
-16420000071851,12.0,30,6,0.4
-16420000071848,33.0,50,6,0.66
-16420000071837,23.0,30,6,0.767
-16420000071824,34.0,50,5,0.68
-16420000071568,37.0,50,6,0.74
-16420000071562,39.0,50,5,0.78
-16420000071552,38.150000000000006,30,6,1.272
-16420000071546,34.0,30,5,1.133
-16420000071544,38.53,50,6,0.771
-16420000071539,68.0,50,3,1.36
-16420000071534,47.519999999999996,30,4,1.584
-16420000071530,46.0,50,5,0.92
-16420000071519,42.0,50,6,0.84
-16420000071516,26.0,50,6,0.52
-16420000071508,27.299999999999997,50,6,0.546
-16420000071507,29.1,50,6,0.582
-16420000071505,30.095000000000002,50,6,0.602
-16420000071498,30.94,50,6,0.619
-16420000071482,53.0,50,3,1.06
-16420000071477,27.0,50,5,0.54
-16420000071395,62.0,50,4,1.24
-16420000071392,31.2,50,6,0.624
-16420000071387,35.0,50,6,0.7
-16420000071370,43.0,30,2,1.433
-16420000071362,43.0,50,2,0.86
-16420000071260,60.0,50,5,1.2
-16420000071259,23.45,50,6,0.469
-16420000071253,58.0,50,4,1.16
-16420000071251,45.68000000000001,50,6,0.914
-16420000071250,24.665,50,6,0.493
-16420000071094,44.0,30,6,1.467
-16420000071082,68.0,50,4,1.36
-16420000071070,48.3,50,6,0.966
-16420000071066,34.0,50,3,0.68
-16420000071063,47.0,50,4,0.94
-16420000071062,31.0,50,5,0.62
-16420000071046,32.0,60,2,0.533
-16420000071026,53.0,50,3,1.06
-16420000071019,48.824999999999996,40,4,1.221
-16420000071017,48.0,50,4,0.96
-16420000071015,41.12,50,6,0.822
-16420000071012,34.0,50,6,0.68
-16420000071009,48.0,50,4,0.96
-16420000071006,40.0,30,6,1.333
-16420000070906,35.0,50,6,0.7
-16420000070892,25.4,30,6,0.847
-16420000070891,28.0,50,6,0.56
-16420000070889,31.0,50,6,0.62
-16420000070801,20.0,30,6,0.667
-16420000070710,55.0,50,4,1.1
-16420000070704,26.0,30,6,0.867
-16420000070700,29.88,50,6,0.598
-16420000070638,46.56999999999999,50,5,0.931
-16420000070628,47.0,50,4,0.94
-16420000070627,61.0,50,4,1.22
-16420000070621,40.0,50,6,0.8
-16420000070619,26.0,30,6,0.867
-16420000070258,27.0,30,6,0.9
-16420000070251,26.65,50,6,0.533
-16420000070250,27.24,30,6,0.908
-16420000070077,24.075,50,4,0.482
-16420000070070,35.235,50,6,0.705
-16420000070067,22.0,50,6,0.44
-16420000070065,64.0,50,4,1.28
-16420000070038,49.0,50,4,0.98
-16420000070033,57.0,50,3,1.14
-16420000070031,51.0,50,4,1.02
-16420000070028,52.0,50,4,1.04
-16420000070024,25.1,30,6,0.837
-16420000069994,20.0,50,4,0.4
-16420000069962,41.585,40,4,1.04
-16420000069881,39.345,50,4,0.787
-16420000069866,61.915,40,3,1.548
-16420000069863,57.5,50,2,1.15
-16420000069862,62.0,50,2,1.24
-16420000069860,41.449999999999996,50,6,0.829
-16420000069834,45.0,50,4,0.9
-16420000069815,31.299999999999997,50,6,0.626
-16420000069814,20.25,50,6,0.405
-16420000069807,53.0,50,4,1.06
-16420000069806,69.1,50,3,1.382
-16420000069683,24.65,50,6,0.493
-16420000069676,23.0,50,6,0.46
-16420000069674,29.905,50,6,0.598
-16420000069559,59.0,50,3,1.18
-16420000069556,43.0,50,5,0.86
-16420000069472,36.0,50,6,0.72
-16420000069457,66.815,50,4,1.336
-16420000069447,43.18,30,6,1.439
-16420000069444,30.0,50,4,0.6
-16420000069432,42.0,50,4,0.84
-16420000069146,46.0,50,6,0.92
-16420000069126,34.125,30,5,1.138
-16420000069125,43.425,30,5,1.448
-16420000069121,44.0,40,2,1.1
-16420000069095,18.0,50,4,0.36
-16420000069094,52.0,50,4,1.04
-16420000069090,44.8,50,3,0.896
-16420000069086,39.0,50,4,0.78
-16420000069083,23.714999999999993,50,4,0.474
-16420000069078,40.0,50,4,0.8
-16420000069069,32.0,50,6,0.64
-16420000069059,33.0,50,5,0.66
-16420000069057,35.945,50,6,0.719
-16420000069056,40.19499999999999,50,6,0.804
-16420000069055,41.0,30,6,1.367
-16420000069049,41.864999999999995,50,5,0.837
-16420000069044,48.0,50,5,0.96
-16420000069043,21.33,50,6,0.427
-16420000069042,36.0,40,5,0.9
-16420000069034,46.8,50,4,0.936
-16420000068936,26.36,50,6,0.527
-16420000068933,22.799999999999997,30,6,0.76
-16420000068846,40.42,30,6,1.347
-16420000068845,37.0,50,6,0.74
-16420000068837,34.35,30,6,1.145
-16420000068818,36.0,50,6,0.72
-16420000068817,36.989999999999995,30,6,1.233
-16420000068816,35.019999999999996,50,6,0.7
-16420000068643,37.6,50,6,0.752
-16420000068640,24.0,30,6,0.8
-16420000068630,24.0,30,6,0.8
-16420000068629,44.789999999999985,50,3,0.896
-16420000068619,34.145,50,5,0.683
-16420000068618,23.0,30,6,0.767
-16420000068608,46.0,30,6,1.533
-16420000068589,23.339999999999993,30,4,0.778
-16420000068425,35.0,50,5,0.7
-16420000068418,34.0,50,4,0.68
-16420000068297,29.0,50,6,0.58
-16420000068271,46.0,50,4,0.92
-16420000068269,41.56,50,6,0.831
-16420000068073,27.02,50,5,0.54
-16420000068069,32.239999999999995,50,6,0.645
-16420000068067,34.65,50,6,0.693
-16420000067968,37.28,30,6,1.243
-16420000067944,46.1,50,6,0.922
-16420000067943,50.0,50,5,1.0
-16420000067938,32.05,50,6,0.641
-16420000067932,55.0,60,4,0.917
-16420000067931,60.0,50,5,1.2
-16420000067927,51.65999999999999,50,6,1.033
-16420000067922,8.629999999999999,50,6,0.173
-16420000067917,35.989999999999995,30,6,1.2
-16420000067912,44.0,50,4,0.88
-16420000067908,60.0,50,3,1.2
-16420000067874,46.1,50,5,0.922
-16420000067873,28.2,30,6,0.94
-16420000067871,44.55,50,6,0.891
-16420000067870,41.49499999999999,50,6,0.83
-16420000067867,46.0,50,6,0.92
-16420000067864,46.0,50,5,0.92
-16420000067845,40.0,50,6,0.8
-16420000067835,28.744999999999997,50,6,0.575
-16420000067834,57.0,50,3,1.14
-16420000067827,30.48,40,6,0.762
-16420000067826,26.0,50,6,0.52
-16420000067820,25.37,50,6,0.507
-16420000067817,34.0,50,5,0.68
-16420000067812,35.35999999999999,50,5,0.707
-16420000067809,19.0,30,6,0.633
-16420000067802,46.12,50,4,0.922
-16420000067800,41.0,50,6,0.82
-16420000067797,23.0,30,6,0.767
-16420000067790,45.48000000000002,60,2,0.758
-16420000067781,48.78,50,4,0.976
-16420000067593,45.61,50,5,0.912
-16420000067584,38.0,30,6,1.267
-16420000067571,26.75,30,6,0.892
-16420000067569,24.349999999999994,30,6,0.812
-16420000067563,49.0,50,4,0.98
-16420000067560,41.0,50,4,0.82
-16420000067559,37.0,50,5,0.74
-16420000067558,33.0,50,6,0.66
-16420000067445,42.51,50,6,0.85
-16420000067435,46.089999999999996,50,5,0.922
-16420000067434,36.7,50,6,0.734
-16420000067355,44.0,50,6,0.88
-16420000067347,48.0,50,5,0.96
-16420000067344,40.0,50,5,0.8
-16420000067343,14.965,50,6,0.299
-16420000067340,29.0,50,6,0.58
-16420000067339,24.0,50,4,0.48
-16420000067337,25.5,50,6,0.51
-16420000067334,55.0,30,4,1.833
-16420000067327,37.5,50,5,0.75
-16420000067316,24.0,30,6,0.8
-16420000067295,47.0,50,5,0.94
-16420000067294,32.925,50,6,0.658
-16420000067228,49.0,40,4,1.225
-16420000067220,44.6,50,6,0.892
-16420000067217,21.15,30,6,0.705
-16420000067170,40.5,40,4,1.012
-16420000067165,32.0,50,6,0.64
-16420000067159,42.44999999999999,50,6,0.849
-16420000067157,42.2,50,6,0.844
-16420000067042,15.0,30,6,0.5
-16420000066965,64.0,60,3,1.067
-16420000066963,49.0,50,4,0.98
-16420000066952,25.0,50,6,0.5
-16420000066934,45.53999999999999,50,5,0.911
-16420000066931,31.0,50,5,0.62
-16420000066923,23.489999999999995,50,6,0.47
-16420000066921,41.300000000000004,50,4,0.826
-16420000066810,39.38999999999999,50,6,0.788
-16420000066809,31.4,50,6,0.628
-16420000066807,44.0,50,5,0.88
-16420000066791,35.0,50,6,0.7
-16420000066780,31.5,30,5,1.05
-16420000066750,49.0,50,3,0.98
-16420000066741,48.88000000000001,50,3,0.978
-16420000066561,18.0,50,6,0.36
-16420000066559,64.0,50,4,1.28
-16420000066552,48.7,30,4,1.623
-16420000066550,42.92999999999999,50,4,0.859
-16420000066540,32.0,50,6,0.64
-16420000066529,53.275,50,3,1.066
-16420000066521,38.0,50,6,0.76
-16420000066509,20.0,30,6,0.667
-16420000066504,44.0,50,4,0.88
-16420000066494,49.589999999999996,50,5,0.992
-16420000066493,22.95,30,6,0.765
-16420000066491,28.5,50,6,0.57
-16420000066489,43.0,50,6,0.86
-16420000066478,59.925,50,3,1.198
-16420000066474,52.715,50,4,1.054
-16420000066471,46.0,30,6,1.533
-16420000066470,38.0,50,6,0.76
-16420000066469,49.0,50,3,0.98
-16420000066467,40.0,50,6,0.8
-16420000066463,47.61999999999999,50,4,0.952
-16420000066306,52.0,50,4,1.04
-16420000066305,25.3,50,5,0.506
-16420000066297,29.0,50,6,0.58
-16420000066148,44.0,30,6,1.467
-16420000066098,53.0,50,4,1.06
-16420000066076,32.95,50,6,0.659
-16420000066059,27.5,50,6,0.55
-16420000066056,36.2,50,6,0.724
-16420000066047,28.285,30,6,0.943
-16420000066034,50.3,30,4,1.677
-16420000066020,26.4,30,6,0.88
-16420000066018,42.93,50,6,0.859
-16420000066012,24.0,50,6,0.48
-16420000065998,49.7,50,5,0.994
-16420000065994,42.699999999999996,50,6,0.854
-16420000065875,26.0,30,6,0.867
-16420000065874,50.0,50,3,1.0
-16420000065846,41.0,50,4,0.82
-16420000065836,48.0,50,2,0.96
-16420000065832,49.955,50,4,0.999
-16420000065829,23.0,50,4,0.46
-16420000065826,56.36,50,3,1.127
-16420000065729,48.0,50,4,0.96
-16420000065724,25.719999999999995,50,2,0.514
-16420000065714,40.0,50,6,0.8
-16420000065706,24.0,30,6,0.8
-16420000065704,33.0,50,6,0.66
-16420000065696,46.0,50,5,0.92
-16420000065584,57.0,50,3,1.14
-16420000065579,27.0,50,6,0.54
-16420000065509,42.0,50,5,0.84
-16420000065500,44.0,50,5,0.88
-16420000065499,44.0,50,3,0.88
-16420000065415,23.0,30,6,0.767
-16420000065403,38.955,30,6,1.298
-16420000065400,42.0,50,5,0.84
-16420000065397,65.0,50,4,1.3
-16420000065395,25.0,50,6,0.5
-16420000065389,44.91,50,5,0.898
-16420000065383,49.7,50,5,0.994
-16420000065379,36.25,50,6,0.725
-16420000065301,31.0,50,6,0.62
-16420000065298,28.0,50,6,0.56
-16420000065276,28.0,50,6,0.56
-16420000065273,50.4,50,3,1.008
-16420000065272,42.0,50,4,0.84
-16420000065269,23.119999999999997,50,6,0.462
-16420000065263,44.0,50,6,0.88
-16420000065256,46.0,50,4,0.92
-16420000065254,43.745,50,4,0.875
-16420000065244,25.0,30,6,0.833
-16420000065220,33.0,50,6,0.66
-16420000064983,41.0,50,4,0.82
-16420000064976,39.0,50,6,0.78
-16420000064970,46.14999999999999,50,4,0.923
-16420000064838,37.2,50,6,0.744
-16420000064837,37.0,30,6,1.233
-16420000064833,44.0,50,6,0.88
-16420000064832,45.0,50,5,0.9
-16420000064830,44.46999999999999,50,6,0.889
-16420000064827,37.3,50,6,0.746
-16420000064713,25.4,50,6,0.508
-16420000064705,24.7,50,6,0.494
-16420000064691,51.879999999999995,50,5,1.038
-16420000064676,36.45,50,6,0.729
-16420000064370,23.3,50,4,0.466
-16420000064366,33.105,50,6,0.662
-16420000064361,56.589999999999996,50,3,1.132
-16420000064324,46.535,50,6,0.931
-16420000064318,54.745,50,4,1.095
-16420000064316,55.0,50,4,1.1
-16420000064309,34.279999999999994,50,6,0.686
-16420000064306,42.0,50,3,0.84
-16420000064300,55.6,50,4,1.112
-16420000064279,58.85,60,2,0.981
-16420000064277,59.0,50,3,1.18
-16420000064272,33.28999999999999,30,6,1.11
-16420000064209,23.055,30,6,0.768
-16420000064207,24.0,30,6,0.8
-16420000064203,31.0,50,6,0.62
-16420000064122,41.0,30,6,1.367
-16420000064118,26.0,50,6,0.52
-16420000064111,30.79,50,6,0.616
-16420000064098,29.0,50,3,0.58
-16420000064094,64.08,50,4,1.282
-16420000064093,38.79999999999998,50,6,0.776
-16420000064005,20.209999999999997,30,6,0.674
-16420000063997,29.0,50,6,0.58
-16420000063994,39.760000000000005,30,6,1.325
-16420000063926,25.25,30,6,0.842
-16420000063912,41.0,50,6,0.82
-16420000063890,24.919999999999998,30,6,0.831
-16420000063879,39.0,30,6,1.3
-16420000063630,45.0,50,6,0.9
-16420000063629,31.225,50,6,0.624
-16420000063623,42.3,30,6,1.41
-16420000063622,26.9,30,6,0.897
-16420000063621,32.934999999999995,30,6,1.098
-16420000063619,64.0,50,4,1.28
-16420000063618,62.2,50,4,1.244
-16420000063613,22.39999999999999,50,6,0.448
-16420000063602,51.85999999999999,50,4,1.037
-16420000063598,50.0,50,4,1.0
-16420000063596,12.85,30,6,0.428
-16420000063591,61.0,60,2,1.017
-16420000063497,28.0,30,6,0.933
-16420000063492,28.299999999999997,50,6,0.566
-16420000063475,46.0,50,5,0.92
-16420000063468,54.239999999999995,50,4,1.085
-16420000063463,45.0,50,5,0.9
-16420000063456,16.62,30,6,0.554
-16420000063440,35.0,50,6,0.7
-16420000063434,48.610000000000014,60,2,0.81
-16420000063430,38.0,50,6,0.76
-16420000063429,28.75,50,6,0.575
-16420000063422,45.0,50,6,0.9
-16420000063309,44.0,50,5,0.88
-16420000063301,33.0,30,5,1.1
-16420000063287,24.0,30,6,0.8
-16420000063268,33.0,50,4,0.66
-16420000063160,29.0,30,6,0.967
-16420000063158,30.0,30,6,1.0
-16420000063151,42.0,30,6,1.4
-16420000063144,49.0,50,4,0.98
-16420000063142,28.05,50,6,0.561
-16420000063140,62.089999999999996,50,4,1.242
-16420000063038,46.9,30,4,1.563
-16420000063036,27.48,50,6,0.55
-16420000063031,27.0,30,6,0.9
-16420000063029,35.0,50,6,0.7
-16420000062924,42.3,50,4,0.846
-16420000062922,29.07,50,6,0.581
-16420000062914,16.0,30,6,0.533
-16420000062909,45.82000000000001,50,3,0.916
-16420000062904,43.0,50,4,0.86
-16420000062903,26.0,50,2,0.52
-16420000062791,47.6,50,3,0.952
-16420000062786,30.299999999999997,50,6,0.606
-16420000062757,18.0,50,6,0.36
-16420000062744,35.0,30,5,1.167
-16420000062741,32.0,50,6,0.64
-16420000062737,45.0,50,5,0.9
-16420000062734,29.0,30,4,0.967
-16420000062717,33.0,30,4,1.1
-16420000062715,22.25,30,6,0.742
-16420000062690,22.0,50,6,0.44
-16420000062688,53.0,50,3,1.06
-16420000062588,38.39999999999999,30,6,1.28
-16420000062566,42.0,50,5,0.84
-16420000062565,28.5,50,6,0.57
-16420000062564,49.0,50,5,0.98
-16420000062555,38.900000000000006,50,6,0.778
-16420000062547,45.0,30,4,1.5
-16420000062544,35.015,50,4,0.7
-16420000062535,38.0,50,6,0.76
-16420000062534,32.0,30,6,1.067
-16420000062533,66.0,50,4,1.32
-16420000062527,41.71,50,4,0.834
-16420000062432,62.0,60,3,1.033
-16420000062431,43.81,50,4,0.876
-16420000062347,39.0,50,6,0.78
-16420000062342,36.1,50,4,0.722
-16420000062337,27.39999999999999,50,6,0.548
-16420000062336,43.0,50,5,0.86
-16420000062335,25.0,50,6,0.5
-16420000062275,42.0,50,6,0.84
-16420000062273,39.0,30,6,1.3
-16420000062271,42.45,50,5,0.849
-16420000062270,33.9,50,6,0.678
-16420000062261,43.0,50,6,0.86
-16420000062253,36.0,50,6,0.72
-16420000062252,26.0,50,6,0.52
-16420000062247,35.1,50,6,0.702
-16420000062242,38.89,50,6,0.778
-16420000062072,55.0,50,3,1.1
-16420000061886,30.0,50,6,0.6
-16420000061884,33.0,50,6,0.66
-16420000061877,31.629999999999995,50,4,0.633
-16420000061872,34.0,30,6,1.133
-16420000061668,37.4,50,5,0.748
-16420000061667,48.0,50,6,0.96
-16420000061660,21.8,30,6,0.727
-16420000061656,46.0,50,5,0.92
-16420000061649,48.745000000000005,50,6,0.975
-16420000061648,26.0,50,6,0.52
-16420000061642,34.0,50,6,0.68
-16420000061641,45.0,50,4,0.9
-16420000061452,42.15,50,5,0.843
-16420000061446,46.0,40,4,1.15
-16420000061433,39.9,50,6,0.798
-16420000061427,27.65,50,6,0.553
-16420000061422,35.1,50,6,0.702
-16420000061374,30.0,50,4,0.6
-16420000061369,30.0,50,5,0.6
-16420000061367,48.6,50,4,0.972
-16420000061342,50.0,50,4,1.0
-16420000061331,34.364999999999995,30,6,1.145
-16420000061317,34.0,50,6,0.68
-16420000061253,44.0,50,6,0.88
-16420000061247,46.0,50,3,0.92
-16420000061242,22.37,30,6,0.746
-16420000061240,22.599999999999998,30,6,0.753
-16420000061205,28.0,30,6,0.933
-16420000061196,61.0,50,3,1.22
-16420000061189,41.0,50,3,0.82
-16420000061017,38.0,30,6,1.267
-16420000061003,19.31,50,6,0.386
-16420000060782,37.0,50,6,0.74
-16420000060776,27.0,50,6,0.54
-16420000060772,24.0,30,6,0.8
-16420000060724,46.0,50,5,0.92
-16420000060713,44.0,40,4,1.1
-16420000060712,57.36,60,4,0.956
-16420000060530,31.0,60,6,0.517
-16420000060525,64.0,50,4,1.28
-16420000060355,23.0,30,5,0.767
-16420000060338,49.0,40,4,1.225
-16420000060332,26.049999999999997,30,6,0.868
-16420000060331,35.0,50,6,0.7
-16420000060326,38.0,50,6,0.76
-16420000060320,27.699999999999996,50,6,0.554
-16420000060316,48.0,50,6,0.96
-16420000060314,45.0,50,5,0.9
-16420000060312,48.0,50,4,0.96
-16420000060219,44.0,30,4,1.467
-16420000060217,49.0,50,3,0.98
-16420000060216,47.849999999999994,50,4,0.957
-16420000060211,44.355,50,6,0.887
-16420000060201,47.0,50,6,0.94
-16420000060199,27.75,50,6,0.555
-16420000060182,46.0,50,4,0.92
-16420000060180,28.754999999999992,50,5,0.575
-16420000060179,36.0,30,6,1.2
-16420000060175,50.0,50,5,1.0
-16420000060154,49.0,50,2,0.98
-16420000060144,47.0,50,4,0.94
-16420000060143,37.0,50,6,0.74
-16420000060141,53.19,50,4,1.064
-16420000060122,28.0,50,6,0.56
-16420000060120,24.0,50,6,0.48
-16420000059858,51.0,50,4,1.02
-16420000059762,43.0,50,5,0.86
-16420000059761,34.8,50,6,0.696
-16420000059758,65.0,50,4,1.3
-16420000059753,32.525,30,6,1.084
-16420000059744,33.0,50,6,0.66
-16420000059743,45.0,50,6,0.9
-16420000059739,22.0,50,4,0.44
-16420000059728,34.0,50,6,0.68
-16420000059714,38.0,50,6,0.76
-16420000059708,24.79,30,6,0.826
-16420000059706,29.0,30,5,0.967
-16420000059703,22.65,50,6,0.453
-16420000059584,47.0,50,4,0.94
-16420000059553,29.0,50,6,0.58
-16420000059552,17.0,50,6,0.34
-16420000059548,19.279999999999998,50,6,0.386
-16420000059546,32.2,50,6,0.644
-16420000059545,23.5,50,6,0.47
-16420000059531,48.15,30,6,1.605
-16420000059341,48.0,30,3,1.6
-16420000059337,25.35,30,6,0.845
-16420000059336,59.0,50,3,1.18
-16420000059319,47.9,50,3,0.958
-16420000059309,48.0,50,3,0.96
-16420000059308,45.94999999999999,50,6,0.919
-16420000059307,39.0,50,5,0.78
-16420000059103,35.0,50,6,0.7
-16420000059094,65.465,50,4,1.309
-16420000059089,28.84,50,6,0.577
-16420000059003,42.6,50,4,0.852
-16420000059002,43.894999999999996,50,5,0.878
-16420000058998,32.0,50,6,0.64
-16420000058994,19.9,30,6,0.663
-16420000058993,48.0,50,5,0.96
-16420000058990,43.4,50,5,0.868
-16420000058987,33.9,50,4,0.678
-16420000058986,18.0,50,6,0.36
-16420000058985,51.0,50,5,1.02
-16420000058959,54.0,50,4,1.08
-16420000058793,34.48,30,6,1.149
-16420000058592,42.324999999999996,50,4,0.846
-16420000058577,59.0,50,4,1.18
-16420000058573,52.48,50,3,1.05
-16420000058472,41.0,50,2,0.82
-16420000058457,47.0,50,5,0.94
-16420000058437,51.0,50,4,1.02
-16420000058432,60.0,30,2,2.0
-16420000058431,52.0,50,2,1.04
-16420000058425,21.945,60,2,0.366
-16420000058397,55.0,50,3,1.1
-16420000058392,48.46999999999999,50,4,0.969
-16420000058388,47.184999999999995,30,6,1.573
-16420000058378,34.315,50,6,0.686
-16420000058377,27.575,30,6,0.919
-16420000058251,30.0,50,5,0.6
-16420000058246,30.19999999999999,30,6,1.007
-16420000058238,28.0,30,6,0.933
-16420000058129,18.0,50,2,0.36
-16420000058127,47.0,50,4,0.94
-16420000058123,29.1,50,6,0.582
-16420000058120,51.0,50,4,1.02
-16420000058116,32.2,50,6,0.644
-16420000058113,55.0,50,2,1.1
-16420000058111,53.0,60,2,0.883
-16420000058108,27.0,50,2,0.54
-16420000058102,27.0,30,6,0.9
-16420000058097,27.0,50,6,0.54
-16420000058094,31.550000000000004,50,6,0.631
-16420000058089,26.349999999999998,30,6,0.878
-16420000057888,47.0,50,6,0.94
-16420000057887,24.0,50,6,0.48
-16420000057878,49.0,50,3,0.98
-16420000057875,20.825000000000003,50,6,0.417
-16420000057547,26.2,30,6,0.873
-16420000057545,47.0,50,5,0.94
-16420000057539,24.8,50,6,0.496
-16420000057536,42.0,50,5,0.84
-16420000057535,27.099999999999998,50,6,0.542
-16420000057533,29.0,50,6,0.58
-16420000057507,29.9,50,6,0.598
-16420000057497,37.97,50,4,0.759
-16420000057401,34.0,30,6,1.133
-16420000057399,28.0,50,6,0.56
-16420000057363,46.0,30,6,1.533
-16420000057092,32.05,50,6,0.641
-16420000057083,33.985,50,6,0.68
-16420000057078,38.56999999999999,50,6,0.771
-16420000057074,34.8,50,6,0.696
-16420000057073,44.34499999999999,50,4,0.887
-16420000057063,52.0,50,4,1.04
-16420000057059,35.1,50,6,0.702
-16420000056913,25.384999999999998,30,6,0.846
-16420000056912,26.75,30,6,0.892
-16420000056637,54.0,50,3,1.08
-16420000056635,61.0,50,3,1.22
-16420000056629,20.12,30,6,0.671
-16420000056459,60.925,50,6,1.218
-16420000056300,46.4,40,4,1.16
-16420000056297,49.26999999999999,50,5,0.985
-16420000056294,28.0,30,2,0.933
-16420000056288,50.28999999999999,50,6,1.006
-16420000056283,49.0,50,5,0.98
-16420000056282,49.0,50,5,0.98
-16420000056277,52.49,50,4,1.05
-16420000056275,23.0,30,6,0.767
-16420000056273,43.4,30,6,1.447
-16420000056271,32.0,50,2,0.64
-16420000056175,48.904999999999994,50,4,0.978
-16420000056167,48.0,50,6,0.96
-16420000056163,35.0,50,6,0.7
-16420000056161,32.0,50,6,0.64
-16420000056159,24.0,30,6,0.8
-16420000056158,48.0,50,3,0.96
-16420000056148,58.58,50,4,1.172
-16420000056141,38.0,30,6,1.267
-16420000055917,45.3,30,5,1.51
-16420000055915,24.45,50,6,0.489
-16420000055902,26.0,30,6,0.867
-16420000055897,23.79,30,6,0.793
-16420000055888,17.85,30,6,0.595
-16420000055886,42.480000000000004,50,4,0.85
-16420000055885,26.1,50,6,0.522
-16420000055878,47.75,30,6,1.592
-16420000055876,14.1,50,6,0.282
-16420000055844,45.0,30,5,1.5
-16420000055843,30.5,50,6,0.61
-16420000055841,22.0,30,6,0.733
-16420000055836,41.0,50,5,0.82
-16420000055834,30.0,30,4,1.0
-16420000055738,27.180000000000003,30,6,0.906
-16420000055729,36.0,50,5,0.72
-16420000055577,33.0,50,6,0.66
-16420000055576,45.160000000000004,50,4,0.903
-16420000055570,32.64999999999999,50,6,0.653
-16420000055567,44.0,50,4,0.88
-16420000055565,24.259999999999998,30,4,0.809
-16420000055564,40.0,50,5,0.8
-16420000055262,34.0,30,6,1.133
-16420000055245,22.0,30,6,0.733
-16420000055244,21.63,50,5,0.433
-16420000055243,56.0,50,3,1.12
-16420000055240,33.86,30,6,1.129
-16420000055236,51.005,50,4,1.02
-16420000055230,21.94,50,6,0.439
-16420000055228,43.0,50,3,0.86
-16420000055140,25.0,50,6,0.5
-16420000055138,14.14,30,6,0.471
-16420000055129,32.519999999999996,50,4,0.65
-16420000055127,38.0,50,5,0.76
-16420000054383,37.0,50,6,0.74
-16420000054005,21.0,30,4,0.7
-16420000054001,46.0,50,5,0.92
-16420000053998,44.0,50,4,0.88
-16420000053991,25.059999999999995,50,6,0.501
-16420000053990,32.25,50,6,0.645
-16420000053984,33.3,50,6,0.666
-16420000053980,28.5,50,6,0.57
-16420000053960,45.0,50,5,0.9
-16420000053951,25.199999999999996,30,6,0.84
-16420000053944,19.299999999999994,50,6,0.386
-16420000053921,31.81,50,6,0.636
-16420000053916,47.0,50,5,0.94
-16420000053914,44.7,50,6,0.894
-16420000053898,37.0,50,6,0.74
-16420000053894,30.0,50,6,0.6
-16420000053876,19.0,30,6,0.633
-16420000053858,23.05000000000001,50,4,0.461
-16420000053857,35.1,50,6,0.702
-16420000053775,34.0,50,6,0.68
-16420000053771,64.0,50,4,1.28
-16420000053649,50.0,50,2,1.0
-16420000053646,55.0,50,6,1.1
-16420000053636,34.05,30,6,1.135
-16420000053627,23.0,50,6,0.46
-16420000053626,21.0,30,6,0.7
-16420000053620,28.8,50,6,0.576
-16420000053263,36.0,50,4,0.72
-16420000053244,41.0,50,6,0.82
-16420000053238,42.055,50,6,0.841
-16420000053225,43.0,50,4,0.86
-16420000053223,44.0,50,6,0.88
-16420000052824,49.0,50,3,0.98
-16420000052822,39.0,50,2,0.78
-16420000052815,32.459999999999994,30,6,1.082
-16420000052707,34.0,50,5,0.68
-16420000052604,29.2,50,6,0.584
-16420000052563,56.0,60,4,0.933
-16420000052562,64.0,50,4,1.28
-16420000052561,50.97,50,5,1.019
-16420000052554,30.0,50,5,0.6
-16420000052552,26.615,50,4,0.532
-16420000052544,63.7,50,4,1.274
-16420000052542,39.625,50,6,0.792
-16420000052443,58.0,50,4,1.16
-16420000052440,31.0,30,6,1.033
-16420000052437,17.95,50,6,0.359
-16420000052340,42.0,30,5,1.4
-16420000052338,26.89,30,6,0.896
-16420000052322,49.0,30,6,1.633
-16420000052002,45.0,40,4,1.125
-16420000052000,41.0,50,6,0.82
-16420000051991,27.57999999999999,50,6,0.552
-16420000051988,24.0,50,6,0.48
-16420000051987,43.0,50,5,0.86
-16420000051969,57.0,50,3,1.14
-16420000051968,23.049999999999997,30,6,0.768
-16420000051967,55.03,50,3,1.101
-16420000051964,32.3,30,6,1.077
-16420000051952,63.6,50,4,1.272
-16420000051941,37.0,30,6,1.233
-16420000051936,30.0,50,6,0.6
-16420000051754,37.88,30,6,1.263
-16420000051745,29.0,50,6,0.58
-16420000051743,44.7,50,5,0.894
-16420000051660,26.09,30,6,0.87
-16420000051657,64.985,50,4,1.3
-16420000051651,47.675,50,5,0.953
-16420000051646,30.0,50,5,0.6
-16420000051645,21.27,50,6,0.425
-16420000051499,35.099999999999994,30,6,1.17
-16420000051494,42.035000000000004,30,6,1.401
-16420000051335,39.1,50,6,0.782
-16420000050927,41.0,50,5,0.82
-16420000050704,38.0,50,6,0.76
-16420000050698,29.0,50,6,0.58
-16420000050695,49.364999999999995,50,3,0.987
-16420000050688,41.605,50,3,0.832
-16420000050687,29.0,50,6,0.58
-16420000050685,44.785,50,4,0.896
-16420000050545,29.375000000000007,50,6,0.588
-16420000050543,29.0,50,4,0.58
-16420000050537,36.0,50,6,0.72
-16420000050515,39.815,50,6,0.796
-16420000050302,25.549999999999997,30,6,0.852
-16420000050299,34.35,50,6,0.687
-16420000050087,46.47999999999999,40,5,1.162
-16420000050086,32.0,50,5,0.64
-16420000050077,21.720000000000006,50,4,0.434
-16420000050076,32.0,50,5,0.64
-16420000050051,22.0,50,6,0.44
-16420000049973,43.73,50,6,0.875
-16420000049971,27.585,50,6,0.552
-16420000049970,25.0,50,6,0.5
-16420000049966,27.0,50,6,0.54
-16420000049954,28.0,50,6,0.56
-16420000049510,44.49499999999999,50,3,0.89
-16420000049485,22.0,30,6,0.733
-16420000049206,62.0,60,2,1.033
-16420000049203,47.0,50,3,0.94
-16420000049193,31.0,50,4,0.62
-16420000049174,37.3,50,6,0.746
-16420000048939,40.989999999999995,50,6,0.82
-16420000048936,37.0,50,6,0.74
-16420000048914,24.044999999999998,30,6,0.802
-16420000048909,25.0,50,6,0.5
-16420000048885,46.4,50,4,0.928
-16420000048880,24.0,30,6,0.8
-16420000048869,63.93,50,4,1.279
-16420000048868,46.0,50,6,0.92
-16420000048865,25.115000000000002,50,6,0.502
-16420000048858,59.0,50,4,1.18
-16420000048854,66.875,50,4,1.338
-16420000048850,27.0,30,6,0.9
-16420000048836,28.0,50,6,0.56
-16420000048827,28.0,50,6,0.56
-16420000048818,32.9,50,6,0.658
-16420000048789,40.0,50,6,0.8
-16420000048775,56.0,50,3,1.12
-16420000048769,36.0,50,2,0.72
-16420000048762,56.739999999999995,50,3,1.135
-16420000048761,56.755,50,3,1.135
-16420000048758,27.36,30,6,0.912
-16420000048595,36.0,30,6,1.2
-16420000048570,32.11000000000001,50,4,0.642
-16420000048562,35.79999999999999,50,4,0.716
-16420000048561,32.55,50,4,0.651
-16420000048554,34.0,50,3,0.68
-16420000048553,41.2,50,3,0.824
-16420000048552,39.0,50,3,0.78
-16420000048551,26.0,50,3,0.52
-16420000048550,46.0,50,5,0.92
-16420000048549,45.0,50,5,0.9
-16420000048548,46.239999999999995,50,5,0.925
-16420000048545,48.0,50,4,0.96
-16420000048533,61.08,50,3,1.222
-16420000048520,54.2,50,4,1.084
-16420000048466,21.0,30,6,0.7
-16420000048465,31.27499999999999,50,6,0.625
-16420000048453,48.0,50,4,0.96
-16420000048450,38.580000000000005,30,6,1.286
-16420000048433,26.375,50,6,0.528
-16420000048432,22.485,30,6,0.75
-16420000048427,29.0,50,4,0.58
-16420000048405,61.0,50,4,1.22
-16420000048404,48.0,50,4,0.96
-16420000048378,30.0,50,6,0.6
-16420000048302,22.0,50,6,0.44
-16420000048300,24.14999999999999,30,6,0.805
-16420000048281,59.1,50,4,1.182
-16420000048277,49.2,50,2,0.984
-16420000048268,39.64,50,6,0.793
-16420000048264,37.0,50,5,0.74
-16420000047944,50.0,50,6,1.0
-16420000047942,52.0,50,3,1.04
-16420000047940,29.0,50,6,0.58
-16420000047937,62.0,50,4,1.24
-16420000047930,34.3,50,6,0.686
-16420000047895,52.68000000000001,50,4,1.054
-16420000047893,66.0,50,4,1.32
-16420000047883,37.0,50,4,0.74
-16420000047681,35.234999999999985,50,6,0.705
-16420000047205,34.0,50,6,0.68
-16420000047189,55.0,50,5,1.1
-16420000047180,59.7,60,4,0.995
-16420000047177,40.2,50,2,0.804
-16420000047174,48.0,50,2,0.96
-16420000047134,31.0,50,6,0.62
-16420000047127,26.0,50,6,0.52
-16420000047094,32.5,30,6,1.083
-16420000047085,32.0,40,2,0.8
-16420000047082,54.36,50,4,1.087
-16420000047079,34.0,50,4,0.68
-16420000047062,37.6,30,6,1.253
-16420000047030,36.0,50,6,0.72
-16420000046991,41.0,30,6,1.367
-16420000046977,25.65,50,6,0.513
-16420000046879,48.349999999999966,50,3,0.967
-16420000046876,41.49,50,6,0.83
-16420000046867,51.0,50,4,1.02
-16420000046685,41.0,50,6,0.82
-16420000046675,37.0,50,6,0.74
-16420000046560,45.0,50,5,0.9
-16420000046545,47.04,50,6,0.941
-16420000046542,33.0,50,4,0.66
-16420000046524,35.0,50,6,0.7
-16420000046520,36.0,50,6,0.72
-16420000046518,34.0,50,5,0.68
-16420000046514,45.0,50,5,0.9
-16420000046509,44.13,50,6,0.883
-16420000046482,46.0,50,3,0.92
-16420000046437,44.0,50,6,0.88
-16420000046431,36.275,50,6,0.725
-16420000046423,34.0,50,3,0.68
-16420000046402,37.0,50,5,0.74
-16420000046340,26.315,30,6,0.877
-16420000046336,28.0,50,6,0.56
-16420000046333,45.0,50,4,0.9
-16420000046332,26.5,30,6,0.883
-16420000046331,44.0,50,5,0.88
-16420000046311,22.77,50,6,0.455
-16420000046305,34.18,30,6,1.139
-16420000046304,52.0,50,4,1.04
-16420000046302,25.0,50,6,0.5
-16420000046291,27.25,50,6,0.545
-16420000046280,54.239999999999995,50,6,1.085
-16420000046278,19.4,50,6,0.388
-16420000046269,59.73999999999999,50,4,1.195
-16420000046264,41.0,50,6,0.82
-16420000046256,65.0,50,4,1.3
-16420000046254,33.26499999999999,50,6,0.665
-16420000046240,36.0,50,6,0.72
-16420000046238,36.0,50,5,0.72
-16420000046218,22.4,50,6,0.448
-16420000046217,27.650000000000002,30,6,0.922
-16420000046210,55.0,50,4,1.1
-16420000046209,43.0,30,3,1.433
-16420000045903,38.0,50,4,0.76
-16420000045902,47.0,50,4,0.94
-16420000045887,21.0,50,6,0.42
-16420000045852,38.29499999999999,50,3,0.766
-16420000045839,42.99,50,6,0.86
-16420000045834,32.85,30,6,1.095
-16420000045827,24.585,50,6,0.492
-16420000045822,26.235,50,6,0.525
-16420000045814,49.165,50,3,0.983
-16420000045805,25.93,30,6,0.864
-16420000045798,25.9,50,6,0.518
-16420000045795,47.0,30,4,1.567
-16420000045674,38.0,50,6,0.76
-16420000045671,51.419999999999995,50,4,1.028
-16420000045662,49.0,50,4,0.98
-16420000045656,38.0,50,6,0.76
-16420000045642,30.0,50,4,0.6
-16420000045641,22.0,30,6,0.733
-16420000045637,38.6,50,6,0.772
-16420000045632,18.1,50,4,0.362
-16420000045629,41.38,50,5,0.828
-16420000045619,20.15,50,6,0.403
-16420000045618,34.14,30,6,1.138
-16420000045617,25.35,30,6,0.845
-16420000044907,56.0,50,3,1.12
-16420000044903,30.615,50,6,0.612
-16420000044902,48.0,50,4,0.96
-16420000044875,17.894999999999996,50,6,0.358
-16420000044874,38.0,50,5,0.76
-16420000044867,36.0,30,6,1.2
-16420000044862,45.45,50,3,0.909
-16420000044655,52.96,50,3,1.059
-16420000044651,40.0,50,4,0.8
-16420000044647,58.5,30,6,1.95
-16420000044644,48.86999999999999,30,4,1.629
-16420000044539,56.0,60,2,0.933
-16420000044533,43.0,50,2,0.86
-16420000044531,36.0,50,3,0.72
-16420000044469,20.0,50,6,0.4
-16420000044447,25.0,30,6,0.833
-16420000044442,22.0,30,4,0.733
-16420000044440,58.115,50,4,1.162
-16420000044348,31.119999999999997,50,6,0.622
-16420000044201,46.66,50,4,0.933
-16420000044169,41.510000000000005,50,5,0.83
-16420000044159,40.0,50,4,0.8
-16420000044155,49.0,50,2,0.98
-16420000044153,48.515,50,4,0.97
-16420000044054,18.0,30,6,0.6
-16420000044052,46.599999999999994,30,6,1.553
-16420000044047,55.68999999999999,50,4,1.114
-16420000043944,26.0,50,6,0.52
-16420000043927,36.0,50,2,0.72
-16420000043926,38.5,50,2,0.77
-16420000043807,62.94499999999999,60,3,1.049
-16420000043798,36.33,50,6,0.727
-16420000043425,62.0,50,4,1.24
-16420000043423,19.0,30,6,0.633
-16420000043416,38.0,50,5,0.76
-16420000043272,31.0,50,6,0.62
-16420000043256,67.0,50,3,1.34
-16420000043247,44.7,50,5,0.894
-16420000043246,39.0,50,5,0.78
-16420000043245,39.075,50,5,0.782
-16420000043244,40.0,50,5,0.8
-16420000043243,43.0,50,5,0.86
-16420000043242,44.019999999999996,50,5,0.88
-16420000043241,43.0,50,5,0.86
-16420000043240,42.0,50,5,0.84
-16420000043239,30.0,50,5,0.6
-16420000043238,39.964999999999996,50,5,0.799
-16420000043237,38.0,50,5,0.76
-16420000043236,36.0,50,5,0.72
-16420000043108,45.0,50,4,0.9
-16420000043106,27.099999999999994,50,6,0.542
-16420000043091,32.0,50,5,0.64
-16420000043089,36.0,50,5,0.72
-16420000043088,38.1,50,5,0.762
-16420000043087,38.96999999999999,50,5,0.779
-16420000043086,40.0,50,5,0.8
-16420000043085,32.0,50,5,0.64
-16420000043084,34.0,30,5,1.133
-16420000043083,33.0,30,5,1.1
-16420000043081,28.0,50,5,0.56
-16420000043069,35.21,50,6,0.704
-16420000043068,43.185,50,6,0.864
-16420000043059,57.0,50,3,1.14
-16420000042978,55.5,50,3,1.11
-16420000042786,44.889999999999986,50,4,0.898
-16420000042785,36.085,50,4,0.722
-16420000042784,38.10999999999999,50,4,0.762
-16420000042783,38.0,40,4,0.95
-16420000042782,36.0,40,4,0.9
-16420000042781,46.985,50,4,0.94
-16420000042780,43.0,50,4,0.86
-16420000042779,60.0,50,4,1.2
-16420000042778,60.1,50,4,1.202
-16420000042777,60.98,50,4,1.22
-16420000042776,53.0,50,4,1.06
-16420000042775,52.0,50,4,1.04
-16420000042774,50.0,30,4,1.667
-16420000042773,43.3,30,4,1.443
-16420000042769,43.464999999999996,50,4,0.869
-16420000042767,34.0,50,4,0.68
-16420000042765,14.0,40,4,0.35
-16420000042764,46.0,40,4,1.15
-16420000042763,48.0,40,4,1.2
-16420000042762,47.6,40,4,1.19
-16420000042761,46.790000000000006,40,4,1.17
-16420000042760,48.0,50,4,0.96
-16420000042759,47.905,50,4,0.958
-16420000042758,43.0,50,4,0.86
-16420000042556,56.0,50,2,1.12
-16420000042458,24.0,30,6,0.8
-16420000042316,62.0,50,2,1.24
-16420000042314,57.0,50,2,1.14
-16420000042313,56.4,50,2,1.128
-16420000042312,56.0,50,2,1.12
-16420000042311,55.0,50,2,1.1
-16420000042310,54.0,50,2,1.08
-16420000042309,49.0,50,2,0.98
-16420000042308,44.6,50,2,0.892
-16420000042307,44.0,50,2,0.88
-16420000042306,40.0,50,2,0.8
-16420000042305,40.0,50,2,0.8
-16420000042304,40.0,50,2,0.8
-16420000042301,53.0,30,2,1.767
-16420000042300,52.0,50,2,1.04
-16420000042299,45.0,50,2,0.9
-16420000042298,44.3,50,2,0.886
-16420000042297,37.0,50,2,0.74
-16420000042295,28.0,50,2,0.56
-16420000042294,33.0,50,2,0.66
-16420000042292,65.0,50,2,1.3
-16420000042291,58.0,50,2,1.16
-16420000042290,53.0,50,2,1.06
-16420000041873,32.0,30,6,1.067
-16420000041866,27.0,50,6,0.54
-16420000041863,35.5,50,6,0.71
-16420000041861,35.0,50,3,0.7
-16420000041860,36.0,50,6,0.72
-16420000041858,40.0,50,6,0.8
-16420000041302,40.019999999999996,50,3,0.8
-16420000041292,38.0,30,6,1.267
-16420000041291,41.9,30,6,1.397
-16420000041290,50.160000000000004,50,4,1.003
-16420000041285,35.0,30,6,1.167
-16420000041064,61.0,50,3,1.22
-16420000041063,64.0,50,3,1.28
-16420000041061,57.95,50,3,1.159
-16420000041060,58.0,50,3,1.16
-16420000041059,58.5,50,3,1.17
-16420000041058,60.55,50,3,1.211
-16420000041056,60.0,30,3,2.0
-16420000041053,39.0,50,3,0.78
-16420000041020,53.0,50,4,1.06
-16420000041017,52.919999999999995,50,4,1.058
-16420000041013,53.0,50,4,1.06
-16420000041010,55.11000000000001,50,4,1.102
-16420000041007,53.0,30,4,1.767
-16420000041004,53.0,30,4,1.767
-16420000040994,52.0,50,4,1.04
-16420000040991,51.0,50,4,1.02
-16420000040986,42.8,50,4,0.856
-16420000040741,47.0,50,3,0.94
-16420000040737,23.0,50,4,0.46
-16420000040734,54.0,50,4,1.08
-16420000040733,50.0,50,4,1.0
-16420000040732,41.0,50,4,0.82
-16420000040731,37.0,50,4,0.74
-16420000040725,21.0,50,4,0.42
-16420000040715,44.82999999999999,50,4,0.897
-16420000040713,30.0,30,4,1.0
-16420000040703,27.0,50,4,0.54
-16420000040525,41.0,30,4,1.367
-16420000040523,24.0,50,6,0.48
-16420000040509,17.75,50,6,0.355
-16420000040423,35.0,50,6,0.7
-16420000040412,60.0,50,3,1.2
-16420000040411,29.379999999999995,50,4,0.588
-16420000039457,47.955,50,4,0.959
-16420000039445,62.0,50,3,1.24
-16420000039444,27.935,30,6,0.931
-16420000039442,36.5,30,6,1.217
-16420000039441,54.0,50,4,1.08
-16420000039440,24.0,30,6,0.8
-16420000039227,45.0,50,3,0.9
-16420000039199,59.0,50,3,1.18
-16420000038997,36.0,30,6,1.2
-16420000038990,48.68,50,3,0.974
-16420000038985,50.879999999999995,50,3,1.018
-16420000038983,28.0,50,5,0.56
-16420000038269,46.7,50,4,0.934
-16420000038260,24.0,30,6,0.8
-16420000038258,32.24,50,6,0.645
-16420000038236,50.919999999999995,50,4,1.018
-16420000038233,43.0,30,6,1.433
-16420000038218,62.0,50,2,1.24
-16420000037671,63.2,50,3,1.264
-16420000037668,53.0,50,4,1.06
-16420000037667,60.0,60,2,1.0
-16420000037080,35.0,50,6,0.7
-16420000037078,52.0,50,3,1.04
-16420000036695,52.6,50,4,1.052
-16420000036690,22.299999999999997,50,6,0.446
-16420000036689,24.0,50,6,0.48
-16420000036682,35.0,50,6,0.7
-16420000036159,23.294999999999998,50,6,0.466
-16420000036158,41.0,50,5,0.82
-16420000036150,37.0,30,6,1.233
-16420000035598,34.95,50,5,0.699
-16420000035597,43.0,50,6,0.86
-16420000035594,25.0,30,6,0.833
-16420000035591,38.4,50,5,0.768
-16420000035582,38.43,50,5,0.769
-16420000035254,30.5,50,6,0.61
-16420000035242,29.5,50,6,0.59
-16420000035240,25.0,30,6,0.833
-16420000035239,49.0,50,5,0.98
-16420000034069,22.27,50,6,0.445
-16420000034063,32.15,30,6,1.072
-16420000034062,22.0,30,6,0.733
-16420000034047,58.625,50,4,1.172
-16420000034046,33.16499999999999,50,6,0.663
-16420000034039,43.0,50,4,0.86
-16420000033392,40.45,30,6,1.348
-16420000033385,65.0,50,3,1.3
-16420000032641,48.0,50,4,0.96
-16420000032640,24.0,30,6,0.8
-16420000032634,35.575,50,3,0.712
-16420000031782,23.0,50,6,0.46
-16420000031552,18.0,50,6,0.36
-16420000031551,31.0,50,6,0.62
-16420000031548,54.0,30,3,1.8
-16420000031547,24.4,30,6,0.813
-16420000031542,41.1,30,6,1.37
-16420000031227,39.0,50,3,0.78
-16420000031226,35.0,50,3,0.7
-16420000031217,54.0,50,2,1.08
-16420000031212,15.76,50,3,0.315
-16420000031211,32.0,50,3,0.64
-16420000031167,54.0,50,2,1.08
-16420000031160,44.0,50,2,0.88
-16420000030877,20.0,50,5,0.4
-16420000030760,52.0,50,3,1.04
-16420000030211,29.46,50,3,0.589
-16420000030191,42.0,50,4,0.84
-16420000030184,50.79999999999998,50,6,1.016
-16420000029977,37.0,50,4,0.74
-16420000029965,46.0,50,4,0.92
-16420000029876,43.0,50,4,0.86
-16420000029875,29.0,50,4,0.58
-16420000029863,27.5,50,4,0.55
-16420000029630,43.105,50,4,0.862
-16420000029629,28.0,50,4,0.56
-16420000029461,52.0,50,3,1.04
-16420000028659,38.0,50,2,0.76
-16420000028530,35.0,50,4,0.7
-16420000028529,45.0,50,4,0.9
-16420000027974,47.0,50,4,0.94
-16420000027746,38.870000000000005,50,2,0.777
-16420000027745,34.0,50,4,0.68
-16420000027726,63.855,50,4,1.277
-16420000027667,51.58,50,4,1.032
-16420000027191,42.0,50,2,0.84
-16420000026911,50.0,30,4,1.667
-16420000026770,45.0,50,4,0.9
-16420000026433,61.58,50,3,1.232
-16420000025773,56.339999999999996,50,3,1.127
-16420000025757,30.0,50,3,0.6
-16420000025756,35.4,50,4,0.708
-16420000025750,12.0,50,6,0.24
-16420000025234,53.739999999999995,50,4,1.075
-16420000025214,44.0,50,4,0.88
-16420000025207,28.179999999999996,50,6,0.564
-16420000025191,43.4,50,4,0.868
-16420000025169,36.0,50,5,0.72
-16420000025153,39.150000000000006,50,4,0.783
-16420000025145,42.29499999999999,30,6,1.41
-16420000025123,53.0,50,3,1.06
-16420000025115,24.0,50,6,0.48
-16420000025089,44.050000000000004,50,4,0.881
-16420000024915,61.285000000000004,50,3,1.226
-16420000024912,42.0,50,3,0.84
-16420000024788,35.0,50,6,0.7
-16420000024666,56.0,50,4,1.12
-16420000024606,27.0,50,4,0.54
-16420000023711,41.099999999999994,50,5,0.822
-16420000023645,90.0,50,1,1.8
-16420000023643,87.0,80,1,1.088
-16420000023642,81.0,50,1,1.62
-16420000023641,82.135,70,1,1.173
-16420000023635,43.76499999999999,50,4,0.875
-16420000023634,43.0,50,4,0.86
-16420000023628,47.0,50,3,0.94
-16420000023627,24.0,30,5,0.8
-16420000023598,53.0,50,4,1.06
-16420000023578,16.0,50,6,0.32
-16420000023457,36.0,50,3,0.72
-16420000023454,33.165,50,3,0.663
-16420000023453,35.0,50,3,0.7
-16420000023449,49.775000000000006,50,5,0.996
-16420000023448,53.0,50,5,1.06
-16420000023376,46.5,50,4,0.93
-16420000023345,30.5,50,4,0.61
-16420000023132,30.939999999999987,50,4,0.619
-16420000023130,45.0,50,4,0.9
-16420000023128,48.6,50,4,0.972
-16420000023037,42.0,50,3,0.84
-16420000022617,26.45999999999999,50,3,0.529
-16420000022616,22.439999999999987,50,3,0.449
-16420000022613,30.0,50,6,0.6
-16420000022600,29.625,50,6,0.592
-16420000022094,38.0,50,4,0.76
-16420000022092,44.0,50,4,0.88
-16420000022090,43.2,50,4,0.864
-16420000022087,40.0,50,4,0.8
-16420000022086,36.82999999999999,50,4,0.737
-16420000021502,33.0,50,4,0.66
-16420000021261,40.11,50,4,0.802
-16420000021260,46.695,50,4,0.934
-16420000021259,47.0,50,4,0.94
-16420000021258,47.74,50,4,0.955
-16420000021257,49.0,50,4,0.98
-16420000021256,49.0,50,4,0.98
-16420000021255,46.0,50,4,0.92
-16420000021254,50.6,50,4,1.012
-16420000021253,52.0,50,4,1.04
-16420000021252,51.0,50,4,1.02
-16420000021251,51.21999999999999,50,4,1.024
-16420000021250,48.9,50,4,0.978
-16420000021249,47.0,30,4,1.567
-16420000021247,40.0,50,4,0.8
-16420000021242,30.1,50,4,0.602
-16420000021241,23.0,50,4,0.46
-16420000021240,43.0,50,4,0.86
-16420000021239,48.0,50,4,0.96
-16420000021238,52.94499999999999,50,4,1.059
-16420000021235,58.0,50,4,1.16
-16420000021234,58.0,50,4,1.16
-16420000021233,58.0,50,4,1.16
-16420000021232,57.92999999999999,50,4,1.159
-16420000021231,56.3,50,4,1.126
-16420000021230,55.815,50,4,1.116
-16420000021229,55.9,50,4,1.118
-16420000021228,55.5,50,4,1.11
-16420000021227,55.0,50,4,1.1
-16420000021222,50.0,50,4,1.0
-16420000021220,52.0,50,2,1.04
-16420000021219,51.23500000000001,50,2,1.025
-16420000021218,52.0,50,2,1.04
-16420000021124,33.8,30,3,1.127
-16420000021123,33.875,30,3,1.129
-16420000021122,34.0,30,3,1.133
-16420000021121,48.0,30,3,1.6
-16420000021120,60.0,30,3,2.0
-16420000021119,62.96,30,3,2.099
-16420000021118,64.72,90,3,0.719
-16420000021117,65.22999999999999,90,3,0.725
-16420000021113,70.0,50,3,1.4
-16420000021112,70.0,50,3,1.4
-16420000021111,65.0,50,3,1.3
-16420000021102,64.75,50,3,1.295
-16420000021101,62.745,50,3,1.255
-16420000021100,62.45,50,3,1.249
-16420000021075,56.0,50,3,1.12
-16420000021069,58.0,50,3,1.16
-16420000021060,57.0,50,3,1.14
-16420000021058,57.0,50,3,1.14
-16420000021049,57.1,50,3,1.142
-16420000021047,57.0,50,3,1.14
-16420000021045,59.0,50,3,1.18
-16420000021013,45.0,50,3,0.9
-16420000020576,49.09499999999999,50,3,0.982
-16420000020203,50.0,50,3,1.0
-16420000020126,27.0,50,3,0.54
-16420000020125,22.0,50,3,0.44
-16420000020123,46.0,50,3,0.92
-16420000020122,51.08999999999998,50,3,1.022
-16420000020120,53.0,50,3,1.06
-16420000020119,57.0,50,3,1.14
-16420000020117,54.0,50,3,1.08
-16420000020116,48.0,50,3,0.96
-16420000020115,43.0,50,3,0.86
-16420000020114,38.0,50,3,0.76
-16420000020112,35.0,50,3,0.7
-16420000020111,51.0,50,3,1.02
-16420000020110,53.0,60,3,0.883
-16420000020109,46.0,60,3,0.767
-16420000020108,36.0,60,3,0.6
-16420000020107,33.0,50,4,0.66
-16420000020106,41.0,50,4,0.82
-16420000020105,49.0,50,4,0.98
-16420000020104,51.0,50,4,1.02
-16420000020103,52.0,50,4,1.04
-16420000020102,50.5,50,4,1.01
-16420000020101,46.0,50,4,0.92
-16420000020100,36.35999999999999,50,4,0.727
-16420000020099,39.0,50,4,0.78
-16420000020098,46.59499999999999,50,4,0.932
-16420000020097,52.0,50,4,1.04
-16420000020095,53.0,50,4,1.06
-16420000020094,50.0,50,4,1.0
-16420000020093,46.0,50,4,0.92
-16420000018748,52.0,50,5,1.04
-16420000018745,43.0,50,5,0.86
-16420000018744,32.675,50,5,0.654
-16420000018743,28.0,50,5,0.56
-16420000018742,27.0,50,5,0.54
-16420000018741,27.0,50,5,0.54
-16420000018740,36.0,50,4,0.72
-16420000018739,38.5,50,4,0.77
-16420000018738,37.98,50,4,0.76
-16420000018731,42.86,50,4,0.857
-16420000018729,46.0,50,4,0.92
-16420000018728,42.46999999999999,50,4,0.849
-16420000018727,50.0,50,4,1.0
-16420000018725,14.0,50,4,0.28
-16420000018724,38.0,50,4,0.76
-16420000018723,42.4,50,4,0.848
-16420000018720,22.0,50,3,0.44
-16420000018719,24.6,50,3,0.492
-16420000018718,31.0,50,3,0.62
-16420000018717,46.0,50,3,0.92
-16420000018716,50.0,50,3,1.0
-16420000018715,54.0,50,3,1.08
-16420000018714,57.0,50,3,1.14
-16420000018713,53.0,50,3,1.06
-16420000018712,53.0,50,3,1.06
-16420000018711,52.0,50,3,1.04
-16420000018701,40.0,50,6,0.8
-16420000017930,26.0,50,6,0.52
-16420000017852,27.0,30,4,0.9
-16420000017067,47.0,50,4,0.94
-16420000017066,46.0,50,4,0.92
-16420000017064,42.0,50,2,0.84
-16420000017061,30.0,50,5,0.6
-16420000016528,28.0,50,4,0.56
-16420000016523,27.479999999999997,50,6,0.55
-16420000016521,44.0,50,6,0.88
-16420000016520,28.0,50,6,0.56
-16420000016518,45.28999999999999,50,6,0.906
-16420000016517,41.129999999999995,50,6,0.823
-16420000016287,34.0,50,6,0.68
-16420000016286,40.4,50,6,0.808
-16420000016285,40.650000000000006,50,6,0.813
-16420000016213,23.0,50,4,0.46
-16420000016212,22.45,50,4,0.449
-16420000016211,44.0,50,4,0.88
-16420000015412,66.935,50,2,1.339
-16420000015411,67.035,50,2,1.341
-16420000015405,26.0,50,4,0.52
-16420000015403,51.3,30,4,1.71
-16420000015402,51.6,30,4,1.72
-16420000015401,51.0,50,4,1.02
-16420000015400,49.964999999999996,50,4,0.999
-16420000015399,47.0,50,4,0.94
-16420000015398,44.0,50,4,0.88
-16420000015397,40.0,50,4,0.8
-16420000015396,39.825,50,4,0.797
-16420000015395,40.179999999999986,50,4,0.804
-16420000015391,57.0,50,4,1.14
-16420000015388,53.0,50,4,1.06
-16420000015386,54.0,50,4,1.08
-16420000015385,56.4,50,4,1.128
-16420000015384,56.575,50,4,1.132
-16420000015383,54.845,50,4,1.097
-16420000015382,53.0,50,4,1.06
-16420000015381,42.7,50,4,0.854
-16420000015380,36.0,50,4,0.72
-16420000015379,41.04,50,3,0.821
-16420000015378,40.0,50,3,0.8
-16420000015377,38.36999999999999,50,3,0.767
-16420000015375,45.0,50,4,0.9
-16420000015373,52.0,60,4,0.867
-16420000015372,52.0,60,4,0.867
-16420000015371,51.0,60,4,0.85
-16420000015370,49.0,60,4,0.817
-16420000015369,42.0,60,4,0.7
-16420000015368,33.0,60,4,0.55
-16420000015367,26.0,60,4,0.433
-16420000013962,47.0,50,4,0.94
-16420000013956,37.0,50,4,0.74
-16420000013951,47.559999999999995,50,3,0.951
-16420000013853,41.0,50,3,0.82
-16420000013852,43.0,30,3,1.433
-16420000013772,45.870000000000005,50,2,0.917
-16420000013715,41.0,50,2,0.82
-16420000013714,40.279999999999994,50,2,0.806
-16420000013713,32.0,50,2,0.64
-16420000013710,29.0,50,3,0.58
-16420000013637,32.0,50,2,0.64
-16420000013636,35.705000000000005,50,2,0.714
-16420000013591,35.029999999999994,50,3,0.701
-16420000013590,21.0,50,3,0.42
-16420000013545,19.404999999999994,50,2,0.388
-16420000013516,21.0,50,4,0.42
-16420000013504,35.42999999999999,50,3,0.709
-16420000013466,38.0,60,4,0.633
-16420000013465,36.565,60,4,0.609
-16420000013460,52.0,50,4,1.04
-16420000013424,41.0,50,4,0.82
-16420000013423,46.0,50,4,0.92
-16420000012869,46.54,50,5,0.931
-16420000012823,33.7,50,4,0.674
-16420000012401,55.0,40,4,1.375
-16420000012390,41.0,50,4,0.82
-16420000012365,66.0,50,2,1.32
-16420000012312,48.0,30,1,1.6
-16420000012158,28.275,50,5,0.566
-16420000012157,37.0,50,3,0.74
-16420000012143,45.0,30,1,1.5
-16420000012142,83.0,30,1,2.767
-16420000012136,38.0,50,3,0.76
-16420000012125,21.0,50,3,0.42
-16420000012064,38.78999999999999,50,1,0.776
-16420000011961,69.0,50,2,1.38
-16420000011960,67.0,50,2,1.34
-16420000011957,67.0,50,2,1.34
-16420000011951,32.0,50,4,0.64
-16420000011950,32.25,50,4,0.645
-16420000011949,35.0,50,4,0.7
-16420000011947,67.0,50,2,1.34
-16420000011943,27.0,50,4,0.54
-16420000011942,39.0,50,4,0.78
-16420000011932,69.0,40,2,1.725
-16420000011926,30.0,50,4,0.6
-16420000011924,68.8,40,2,1.72
-16420000011922,34.0,50,4,0.68
-16420000011920,31.2,50,4,0.624
-16420000011917,40.0,50,4,0.8
-16420000011915,61.635000000000005,50,2,1.233
-16420000011909,68.0,50,2,1.36
-16420000011906,29.375,50,4,0.588
-16420000011905,17.0,50,4,0.34
-16420000011903,31.4,50,4,0.628
-16420000011890,63.0,50,3,1.26
-16420000011537,59.0,50,4,1.18
-16420000011535,50.0,50,4,1.0
-16420000011533,43.2,50,4,0.864
-16420000011527,31.0,50,4,0.62
-16420000011522,36.0,50,4,0.72
-16420000011521,35.0,50,4,0.7
-16420000011515,60.0,50,4,1.2
-16420000011511,54.0,50,4,1.08
-16420000011505,34.0,50,4,0.68
-16420000011499,47.1,50,4,0.942
-16420000011498,40.0,50,4,0.8
-16420000011491,35.0,50,4,0.7
-16420000011486,66.4,50,4,1.328
-16420000011485,66.5,50,4,1.33
-16420000011477,66.0,50,4,1.32
-16420000011475,46.0,50,4,0.92
-16420000011473,46.0,50,4,0.92
-16420000011472,29.919999999999998,50,4,0.598
-16420000011468,21.0,50,4,0.42
-16420000011461,43.0,50,4,0.86
-16420000011460,25.0,50,4,0.5
-16420000011444,31.0,50,4,0.62
-16420000011443,29.0,50,4,0.58
-16420000011397,33.0,50,6,0.66
-16420000011396,34.0,50,6,0.68
-16420000011379,39.7,40,4,0.992
-16420000011378,36.0,40,4,0.9
-16420000011363,41.0,50,2,0.82
-16420000011354,54.185,60,4,0.903
-16420000011330,46.0,50,4,0.92
-16420000011312,39.785,50,6,0.796
-16420000011307,42.150000000000006,50,2,0.843
-16420000011297,50.875,50,4,1.018
-16420000011292,27.0,50,6,0.54
-16420000011291,36.0,50,6,0.72
-16420000011283,28.005,50,6,0.56
-16420000011267,30.0,50,2,0.6
-16420000011262,50.0,40,4,1.25
-16420000011249,28.0,50,3,0.56
-16420000011248,33.0,50,3,0.66
-16420000011246,24.0,30,4,0.8
-16420000011222,74.0,60,2,1.233
-16420000011196,47.8,50,4,0.956
-16420000011151,54.169999999999995,50,4,1.083
-16420000011143,36.0,50,2,0.72
-16420000011142,29.0,50,2,0.58
-16420000011061,27.305000000000003,30,6,0.91
-16420000011060,17.009999999999998,50,4,0.34
-16420000011059,22.0,50,4,0.44
-16420000010897,37.0,30,6,1.233
-16420000010777,50.0,30,5,1.667
-16420000010776,40.6,30,5,1.353
-16420000010759,26.0,40,2,0.65
-16420000010700,35.0,50,2,0.7
-16420000010696,64.0,50,4,1.28
-16420000010562,61.0,50,2,1.22
-16420000010495,68.0,50,3,1.36
-16420000010318,57.0,50,5,1.14
-16420000010317,57.0,50,5,1.14
-16420000010310,34.0,50,4,0.68
-16420000010141,36.25,50,6,0.725
-16420000010140,36.0,50,6,0.72
-16420000009870,25.0,50,6,0.5
-16420000009701,43.92999999999999,50,2,0.879
-16420000009700,46.0,50,2,0.92
-16420000009699,45.0,50,2,0.9
-16420000009558,31.6,50,4,0.632
-16420000009554,41.0,50,4,0.82
-16420000009553,48.0,50,4,0.96
-16420000009547,48.58999999999999,50,4,0.972
-16420000009515,49.0,30,4,1.633
-16420000009514,47.6,30,4,1.587
-16420000009513,45.0,50,4,0.9
-16420000009512,48.5,30,4,1.617
-16420000009511,46.0,50,4,0.92
-16420000009510,46.0,50,4,0.92
-16420000009509,29.669999999999998,50,4,0.593
-16420000009352,52.0,60,2,0.867
-16420000009271,26.0,50,6,0.52
-16420000009150,49.2,50,4,0.984
-16420000009149,57.21999999999999,60,3,0.954
-16420000008756,32.0,50,2,0.64
-16420000008751,26.330000000000002,30,2,0.878
-16420000008750,27.459999999999997,30,2,0.915
-16420000008749,25.0,30,2,0.833
-16420000008746,71.0,50,2,1.42
-16420000008744,67.0,50,2,1.34
-16420000008740,67.0,50,2,1.34
-16420000008739,70.0,50,2,1.4
-16420000008734,22.0,50,2,0.44
-16420000008733,35.0,50,2,0.7
-16420000008732,24.3,30,2,0.81
-16420000008730,43.55999999999999,50,2,0.871
-16420000008727,30.0,50,2,0.6
-16420000008725,33.0,50,2,0.66
-16420000008723,24.959999999999997,50,2,0.499
-16420000008722,36.34499999999999,50,2,0.727
-16420000008717,47.010000000000005,50,2,0.94
-16420000008715,16.299999999999997,50,2,0.326
-16420000008714,28.0,50,2,0.56
-16420000008713,33.760000000000005,50,2,0.675
-16420000008712,40.0,50,2,0.8
-16420000008711,32.64000000000001,30,2,1.088
-16420000008706,48.0,50,2,0.96
-16420000008704,37.0,50,2,0.74
-16420000008703,28.0,50,2,0.56
-16420000008702,35.9,50,2,0.718
-16420000008331,33.3,50,6,0.666
-16420000008330,37.379999999999995,30,6,1.246
-16420000008329,36.85,30,6,1.228
-16420000007797,37.0,30,6,1.233
-16420000007796,33.85999999999999,30,6,1.129
-16420000000044,33.0,50,5,0.66
-16420000000029,35.69,50,4,0.714
-16420000000028,37.0,60,4,0.617
-16420000000023,50.0,50,6,1.0
-16420000000022,28.0,50,6,0.56
16420000000022,29.0,50,6,0.58
16420000000023,50.72,50,6,1.014
16420000000028,40.0,60,4,0.667
16420000000029,34.044999999999995,50,4,0.681
16420000000044,24.65,50,5,0.493
16420000007125,93.735,50,2,1.875
16420000007126,37.0,24,4,1.542
16420000007127,38.0,32,4,1.188
16420000007128,37.6,26,4,1.446
16420000007129,91.6,50,2,1.832
16420000007130,34.4,31,4,1.11
16420000007132,91.0,50,2,1.82
16420000007135,91.6,50,2,1.832
16420000007136,91.4,50,2,1.828
16420000007137,91.0,50,2,1.82
16420000007138,91.0,50,2,1.82
16420000007139,90.0,50,2,1.8
16420000007141,58.6,50,4,1.172
16420000007143,90.0,50,2,1.8
16420000007145,35.0,30,4,1.167
16420000007146,35.0,29,4,1.207
16420000007796,11.85,50,6,0.237
16420000007797,12.7,50,6,0.254
16420000008329,34.949999999999996,30,6,1.165
16420000008330,35.0,30,6,1.167
16420000008331,52.0,50,6,1.04
16420000008699,24.2,50,2,0.484
16420000008701,21.5,50,2,0.43
16420000008702,40.6,50,2,0.812
16420000008703,32.0,50,2,0.64
16420000008705,70.33500000000001,50,2,1.407
16420000008707,35.0,50,2,0.7
16420000008708,20.11,30,2,0.67
16420000008709,33.565,50,2,0.671
16420000008713,40.0,50,2,0.8
16420000008716,62.0,30,2,2.067
16420000008718,37.48999999999999,50,2,0.75
16420000008719,64.0,50,2,1.28
16420000008723,36.589999999999996,50,2,0.732
16420000008724,66.7,50,2,1.334
16420000008727,33.015,50,2,0.66
16420000008728,64.0,50,2,1.28
16420000008731,25.0,50,2,0.5
16420000008734,36.0,50,2,0.72
16420000008735,65.0,30,2,2.167
16420000008737,65.0,50,2,1.3
16420000008741,70.9,50,2,1.418
16420000008742,32.4,50,2,0.648
16420000008745,69.0,50,2,1.38
16420000008749,21.845,30,2,0.728
16420000008750,24.0,50,2,0.48
16420000008751,24.475,30,2,0.816
16420000008754,38.0,30,2,1.267
16420000008755,68.0,50,2,1.36
16420000008756,38.0,50,2,0.76
16420000008905,57.0,50,3,1.14
16420000008906,55.7,50,3,1.114
16420000009131,52.44499999999999,60,2,0.874
16420000009149,57.0,60,3,0.95
16420000009150,53.0,50,4,1.06
16420000009271,38.0,50,6,0.76
16420000009296,28.324999999999978,50,3,0.566
16420000009297,42.0,50,3,0.84
16420000009319,49.0,40,3,1.225
16420000009320,66.05999999999997,50,2,1.321
16420000009322,67.0,50,2,1.34
16420000009351,45.0,28,2,1.607
16420000009352,48.0,60,2,0.8
16420000009373,53.105000000000004,50,3,1.062
16420000009374,49.0,50,3,0.98
16420000009462,42.0,50,2,0.84
16420000009463,43.7,50,2,0.874
16420000009464,49.0,50,2,0.98
16420000009465,54.5,50,2,1.09
16420000009509,38.21,50,4,0.764
16420000009510,46.545,30,4,1.552
16420000009511,47.0,30,4,1.567
16420000009512,50.0,40,4,1.25
16420000009513,47.2,30,4,1.573
16420000009514,48.57,30,4,1.619
16420000009515,50.0,40,4,1.25
16420000009545,42.0,50,2,0.84
16420000009546,53.0,50,2,1.06
16420000009547,39.39999999999998,50,4,0.788
16420000009555,26.0,50,4,0.52
16420000009556,23.0,50,4,0.46
16420000009557,44.0,50,4,0.88
16420000009698,42.0,50,2,0.84
16420000009818,43.0,50,4,0.86
16420000009870,26.0,50,6,0.52
16420000010143,50.019999999999996,50,3,1.0
16420000010144,47.0,50,3,0.94
16420000010158,30.865,50,3,0.617
16420000010228,35.5,50,1,0.71
16420000010229,41.0,50,1,0.82
16420000010310,37.0,50,4,0.74
16420000010317,56.279999999999994,50,5,1.126
16420000010318,51.9,50,5,1.038
16420000010372,55.09499999999999,60,2,0.918
16420000010496,64.0,50,3,1.28
16420000010521,36.0,50,3,0.72
16420000010550,49.0,40,3,1.225
16420000010560,32.0,60,2,0.533
16420000010561,48.699999999999996,50,2,0.974
16420000010563,58.0,60,2,0.967
16420000010566,60.0,50,2,1.2
16420000010567,46.0,50,2,0.92
16420000010648,58.0,50,3,1.16
16420000010649,57.2,50,3,1.144
16420000010668,32.0,50,4,0.64
16420000010696,68.0,50,4,1.36
16420000010699,39.370000000000005,50,2,0.787
16420000010701,31.870000000000005,50,2,0.637
16420000010702,33.77,50,2,0.675
16420000010703,37.17,50,2,0.743
16420000010767,53.23,50,4,1.065
16420000010768,52.72,50,4,1.054
16420000010870,40.839999999999996,50,2,0.817
16420000010871,24.7,50,2,0.494
16420000010873,62.0,60,2,1.033
16420000010897,41.0,50,6,0.82
16420000010959,45.0,50,4,0.9
16420000010960,44.0,50,4,0.88
16420000011060,29.0,50,4,0.58
16420000011145,45.0,60,2,0.75
16420000011146,47.0,60,2,0.783
16420000011151,50.0,50,3,1.0
16420000011196,48.0,50,4,0.96
16420000011197,20.0,30,6,0.667
16420000011238,30.0,50,4,0.6
16420000011243,46.015,50,4,0.92
16420000011244,39.0,50,4,0.78
16420000011245,46.2,30,4,1.54
16420000011248,20.0,50,3,0.4
16420000011249,21.4,50,3,0.428
16420000011255,40.279999999999994,50,2,0.806
16420000011256,49.0,50,2,0.98
16420000011262,41.0,40,4,1.025
16420000011267,35.0,50,2,0.7
16420000011275,22.0,50,4,0.44
16420000011276,28.5,50,3,0.57
16420000011282,23.0,50,6,0.46
16420000011283,16.1,50,6,0.322
16420000011292,36.754999999999995,50,6,0.735
16420000011294,91.4,50,2,1.828
16420000011297,52.6,50,4,1.052
16420000011307,32.0,60,2,0.533
16420000011311,55.0,30,4,1.833
16420000011312,27.95,50,6,0.559
16420000011315,34.029999999999994,50,4,0.681
16420000011337,38.0,40,4,0.95
16420000011354,55.0,60,4,0.917
16420000011364,45.0,50,2,0.9
16420000011383,31.0,50,5,0.62
16420000011384,31.0,50,5,0.62
16420000011444,25.0,50,4,0.5
16420000011455,39.0,50,4,0.78
16420000011456,36.839999999999996,50,4,0.737
16420000011457,71.8,50,2,1.436
16420000011459,75.0,50,2,1.5
16420000011462,42.0,50,4,0.84
16420000011463,39.0,50,4,0.78
16420000011465,29.375,50,4,0.588
16420000011470,36.0,50,4,0.72
16420000011476,37.04,50,4,0.741
16420000011478,32.525,50,4,0.65
16420000011479,38.269999999999996,50,4,0.765
16420000011480,58.0,50,4,1.16
16420000011481,43.0,50,4,0.86
16420000011482,37.0,50,4,0.74
16420000011487,72.0,50,2,1.44
16420000011488,33.0,50,4,0.66
16420000011491,27.0,50,4,0.54
16420000011492,34.0,50,4,0.68
16420000011494,74.0,50,2,1.48
16420000011497,44.25,50,4,0.885
16420000011498,35.775000000000006,50,4,0.716
16420000011499,29.560000000000002,50,4,0.591
16420000011500,36.0,50,4,0.72
16420000011501,44.0,50,4,0.88
16420000011503,33.0,50,4,0.66
16420000011504,53.0,50,4,1.06
16420000011505,26.1,50,4,0.522
16420000011506,40.0,50,4,0.8
16420000011507,49.480000000000004,50,4,0.99
16420000011508,53.0,50,4,1.06
16420000011509,54.0,50,4,1.08
16420000011511,45.089999999999996,50,4,0.902
16420000011512,47.505,50,4,0.95
16420000011513,50.0,50,4,1.0
16420000011514,52.0,50,4,1.04
16420000011516,78.85,50,2,1.577
16420000011517,76.0,50,2,1.52
16420000011521,32.0,50,4,0.64
16420000011523,40.0,50,4,0.8
16420000011525,31.0,50,4,0.62
16420000011526,31.0,50,4,0.62
16420000011528,39.0,50,4,0.78
16420000011529,44.0,50,4,0.88
16420000011530,60.2,50,4,1.204
16420000011531,60.0,50,4,1.2
16420000011533,51.04,50,4,1.021
16420000011534,21.685,50,4,0.434
16420000011535,26.0,50,4,0.52
16420000011536,43.0,50,4,0.86
16420000011539,77.0,50,2,1.54
16420000011540,45.120000000000005,50,4,0.902
16420000011541,45.0,50,4,0.9
16420000011542,45.169999999999995,50,4,0.903
16420000011582,76.47000000000001,50,2,1.529
16420000011584,79.0,50,2,1.58
16420000011890,53.45,50,3,1.069
16420000011894,56.0,50,2,1.12
16420000011895,55.205000000000005,50,2,1.104
16420000011902,38.0,30,1,1.267
16420000011904,71.865,50,2,1.437
16420000011908,31.0,50,4,0.62
16420000011913,29.35,50,4,0.587
16420000011914,53.0,50,4,1.06
16420000011918,51.515,50,4,1.03
16420000011919,71.8,50,2,1.436
16420000011923,53.4,50,4,1.068
16420000011925,52.0,30,4,1.733
16420000011927,72.2,50,2,1.444
16420000011928,53.0,50,4,1.06
16420000011931,72.0,50,2,1.44
16420000011933,53.0,50,4,1.06
16420000011934,64.4,50,2,1.288
16420000011935,49.0,50,4,0.98
16420000011940,52.0,50,2,1.04
16420000011942,37.0,50,4,0.74
16420000011944,71.195,50,2,1.424
16420000011946,32.0,50,4,0.64
16420000011950,37.0,50,4,0.74
16420000011952,71.965,50,2,1.439
16420000011953,45.0,50,4,0.9
16420000011954,51.0,50,4,1.02
16420000011955,33.4,50,4,0.668
16420000011959,42.365,50,4,0.847
16420000011976,39.0,50,2,0.78
16420000012063,36.245,50,1,0.725
16420000012064,33.7,50,1,0.674
16420000012124,28.0,50,3,0.56
16420000012137,41.0,50,3,0.82
16420000012157,46.599999999999966,50,3,0.932
16420000012159,32.0,50,5,0.64
16420000012160,34.2,50,5,0.684
16420000012217,41.0,38,2,1.079
16420000012311,40.91,30,1,1.364
16420000012364,59.08999999999999,50,2,1.182
16420000012389,30.0,60,2,0.5
16420000012390,38.0,50,4,0.76
16420000012398,26.0,50,4,0.52
16420000012399,36.0,50,4,0.72
16420000012401,54.25,50,4,1.085
16420000012823,44.0,50,4,0.88
16420000012865,28.194999999999993,50,6,0.564
16420000013429,38.0,50,2,0.76
16420000013449,26.0,50,3,0.52
16420000013450,30.8,50,3,0.616
16420000013460,49.855,50,4,0.997
16420000013468,38.0,50,2,0.76
16420000013513,49.0,50,4,0.98
16420000013514,47.0,50,4,0.94
16420000013515,23.01,50,4,0.46
16420000013516,21.0,50,4,0.42
16420000013523,53.045,50,4,1.061
16420000013525,55.004999999999995,50,3,1.1
16420000013534,38.15999999999999,60,2,0.636
16420000013535,39.0,50,2,0.78
16420000013536,32.015,31,3,1.033
16420000013537,47.0,38,3,1.237
16420000013538,37.535000000000004,18,2,2.085
16420000013539,39.0,26,2,1.5
16420000013544,45.0,50,2,0.9
16420000013590,37.0,50,3,0.74
16420000013591,42.0,50,3,0.84
16420000013592,39.0,21,2,1.857
16420000013593,36.8,18,2,2.044
16420000013609,38.0,50,3,0.76
16420000013614,24.0,30,2,0.8
16420000013616,39.0,50,2,0.78
16420000013618,42.5,50,3,0.85
16420000013632,26.0,50,3,0.52
16420000013633,30.4,50,3,0.608
16420000013635,22.0,50,3,0.44
16420000013636,36.0,60,2,0.6
16420000013637,38.0,50,2,0.76
16420000013639,39.580000000000005,50,2,0.792
16420000013640,41.0,50,2,0.82
16420000013641,38.80000000000001,60,2,0.647
16420000013646,44.0,50,4,0.88
16420000013647,38.92,50,4,0.778
16420000013663,54.0,50,4,1.08
16420000013664,56.0,50,4,1.12
16420000013684,56.0,50,4,1.12
16420000013688,60.0,50,2,1.2
16420000013700,38.0,50,2,0.76
16420000013701,42.0,50,2,0.84
16420000013707,27.0,50,3,0.54
16420000013708,31.0,50,2,0.62
16420000013709,30.389999999999997,50,3,0.608
16420000013716,26.439999999999987,50,3,0.529
16420000013717,44.0,50,2,0.88
16420000013718,43.0,50,2,0.86
16420000013719,38.0,50,3,0.76
16420000013720,38.0,50,3,0.76
16420000013725,39.0,50,2,0.78
16420000013726,52.0,50,2,1.04
16420000013796,48.0,50,2,0.96
16420000013852,50.0,30,3,1.667
16420000013853,48.3,50,3,0.966
16420000013951,43.35000000000001,50,3,0.867
16420000015364,53.0,50,4,1.06
16420000015367,45.0,60,4,0.75
16420000015368,49.0,60,4,0.817
16420000015369,50.6,60,4,0.843
16420000015370,49.0,60,4,0.817
16420000015371,48.0,60,4,0.8
16420000015372,46.0,60,4,0.767
16420000015373,45.0,60,4,0.75
16420000015375,52.0,50,4,1.04
16420000015377,38.0,50,3,0.76
16420000015378,38.0,50,3,0.76
16420000015379,38.0,50,3,0.76
16420000015380,30.9,50,4,0.618
16420000015381,43.0,50,4,0.86
16420000015382,56.0,50,4,1.12
16420000015383,56.005,50,4,1.12
16420000015384,59.0,50,4,1.18
16420000015385,58.0,50,4,1.16
16420000015386,56.16,50,4,1.123
16420000015388,54.019999999999996,50,4,1.08
16420000015393,33.0,50,4,0.66
16420000015397,38.0,50,4,0.76
16420000015398,36.0,50,4,0.72
16420000015399,25.234999999999996,50,4,0.505
16420000015400,35.0,50,4,0.7
16420000015401,45.065,50,4,0.901
16420000015402,48.0,30,4,1.6
16420000015403,48.0,30,4,1.6
16420000015405,45.0,50,4,0.9
16420000015408,28.0,50,2,0.56
16420000015410,52.0,50,2,1.04
16420000016134,54.0,50,2,1.08
16420000016135,57.0,50,2,1.14
16420000016140,32.0,50,2,0.64
16420000016142,45.0,50,2,0.9
16420000016143,47.1,50,2,0.942
16420000016144,50.0,50,2,1.0
16420000016145,55.0,50,2,1.1
16420000016146,58.004999999999995,50,2,1.16
16420000016147,58.3,50,2,1.166
16420000016148,58.0,50,2,1.16
16420000016149,58.0,50,2,1.16
16420000016151,51.9,50,2,1.038
16420000016152,56.5,50,2,1.13
16420000016153,58.0,50,2,1.16
16420000016154,58.0,50,2,1.16
16420000016155,55.319999999999986,50,2,1.106
16420000016156,60.94499999999999,50,2,1.219
16420000016157,60.52499999999996,50,2,1.21
16420000016158,60.789999999999985,50,2,1.216
16420000016159,60.0,50,2,1.2
16420000016160,58.9,50,2,1.178
16420000016161,55.34499999999999,50,2,1.107
16420000016162,57.0,50,2,1.14
16420000016163,57.3,50,2,1.146
16420000016164,52.0,50,2,1.04
16420000016165,47.0,50,2,0.94
16420000016166,38.0,50,2,0.76
16420000016168,46.3,50,2,0.926
16420000016169,45.0,50,2,0.9
16420000016170,43.0,50,2,0.86
16420000016171,41.0,50,2,0.82
16420000016175,40.464999999999996,50,2,0.809
16420000016176,47.0,50,2,0.94
16420000016177,54.0,50,2,1.08
16420000016179,56.0,50,2,1.12
16420000016180,56.82500000000001,50,2,1.137
16420000016181,57.0,50,2,1.14
16420000016183,58.0,50,2,1.16
16420000016184,57.279999999999994,50,2,1.146
16420000016186,53.0,50,2,1.06
16420000016187,47.0,50,2,0.94
16420000016188,32.0,30,2,1.067
16420000016189,26.1,50,2,0.522
16420000016190,26.2,50,2,0.524
16420000016191,33.0,50,2,0.66
16420000016195,48.0,50,2,0.96
16420000016196,50.0,50,2,1.0
16420000016198,57.0,30,2,1.9
16420000016200,53.2,30,2,1.773
16420000016202,44.98999999999999,30,2,1.5
16420000016211,45.0,50,4,0.9
16420000016212,30.919999999999995,50,4,0.618
16420000016213,39.0,50,4,0.78
16420000016277,37.0,50,6,0.74
16420000016278,16.0,50,6,0.32
16420000016279,39.0,50,6,0.78
16420000016280,39.0,50,6,0.78
16420000016281,28.0,50,6,0.56
16420000016282,21.71,50,6,0.434
16420000016283,26.175,50,6,0.524
16420000016284,23.225,50,6,0.464
16420000016285,27.6,50,6,0.552
16420000016286,31.625,50,6,0.632
16420000016516,36.0,50,6,0.72
16420000016517,35.48,50,6,0.71
16420000016518,42.0,50,6,0.84
16420000016520,24.45,50,6,0.489
16420000016521,44.65,50,6,0.893
16420000016528,32.0,50,4,0.64
16420000016530,38.0,50,4,0.76
16420000016531,30.0,50,4,0.6
16420000016532,20.0,50,4,0.4
16420000017030,88.27000000000001,70,1,1.261
16420000017031,90.1,70,2,1.287
16420000017061,24.39,50,5,0.488
16420000017062,44.0,60,2,0.733
16420000017063,38.4,50,2,0.768
16420000017064,43.0,50,2,0.86
16420000017066,43.0,50,4,0.86
16420000017067,48.0,50,4,0.96
16420000017214,31.5,50,4,0.63
16420000017216,23.0,50,4,0.46
16420000017840,40.0,60,2,0.667
16420000017852,32.0,30,4,1.067
16420000017930,20.0,50,6,0.4
16420000017936,38.0,50,2,0.76
16420000018701,42.0,50,6,0.84
16420000018706,38.5,50,3,0.77
16420000018707,42.0,50,3,0.84
16420000018708,50.0,50,3,1.0
16420000018709,51.0,50,3,1.02
16420000018710,52.0,50,3,1.04
16420000018723,24.0,50,4,0.48
16420000018724,28.0,50,4,0.56
16420000018725,35.1,50,4,0.702
16420000018727,47.0,50,4,0.94
16420000018728,43.22,50,4,0.864
16420000018729,49.0,50,4,0.98
16420000018731,37.0,50,4,0.74
16420000018732,30.0,50,4,0.6
16420000018733,10.0,50,4,0.2
16420000018734,26.7,50,4,0.534
16420000018735,33.0,50,4,0.66
16420000018736,38.3,50,4,0.766
16420000018737,40.6,50,4,0.812
16420000018738,41.0,50,4,0.82
16420000018739,38.7,50,4,0.774
16420000018740,35.0,50,4,0.7
16420000018741,35.0,50,5,0.7
16420000018742,36.0,50,5,0.72
16420000018743,38.0,50,5,0.76
16420000018744,42.3,50,5,0.846
16420000018745,46.0,50,5,0.92
16420000018748,55.0,50,5,1.1
16420000020071,58.0,40,2,1.45
16420000020072,55.8,40,2,1.395
16420000020073,59.435,50,2,1.189
16420000020074,59.0,50,2,1.18
16420000020075,58.0,50,2,1.16
16420000020076,57.3,50,2,1.146
16420000020080,46.0,60,2,0.767
16420000020081,46.0,60,2,0.767
16420000020082,40.1,50,4,0.802
16420000020083,43.0,50,4,0.86
16420000020084,50.0,50,4,1.0
16420000020088,65.0,50,4,1.3
16420000020203,52.0,50,3,1.04
16420000020576,53.27,50,3,1.065
16420000021017,42.0,50,3,0.84
16420000021019,42.0,50,3,0.84
16420000021021,45.0,50,3,0.9
16420000021023,46.0,50,3,0.92
16420000021025,48.0,50,3,0.96
16420000021027,51.5,50,3,1.03
16420000021030,55.01999999999998,50,3,1.1
16420000021031,55.0,50,3,1.1
16420000021033,55.0,50,3,1.1
16420000021035,59.0,50,3,1.18
16420000021043,57.0,50,3,1.14
16420000021063,56.8,50,3,1.136
16420000021065,57.0,50,3,1.14
16420000021067,58.0,50,3,1.16
16420000021077,56.0,50,3,1.12
16420000021079,56.9,50,3,1.138
16420000021081,58.0,50,3,1.16
16420000021083,58.315,50,3,1.166
16420000021085,58.0,50,3,1.16
16420000021087,58.0,50,3,1.16
16420000021089,56.0,50,3,1.12
16420000021090,54.0,50,3,1.08
16420000021091,49.0,50,3,0.98
16420000021093,50.0,50,3,1.0
16420000021094,52.2,50,3,1.044
16420000021096,59.885,50,3,1.198
16420000021097,61.0,50,3,1.22
16420000021098,62.575,50,3,1.252
16420000021103,65.0,50,3,1.3
16420000021104,63.0,50,3,1.26
16420000021105,47.0,50,3,0.94
16420000021106,52.004999999999995,50,3,1.04
16420000021107,52.0,50,3,1.04
16420000021108,55.0,50,3,1.1
16420000021109,62.3,50,3,1.246
16420000021110,65.0,50,3,1.3
16420000021115,66.04499999999999,50,3,1.321
16420000021247,42.0,50,4,0.84
16420000021249,49.0,30,4,1.633
16420000021250,48.0,50,4,0.96
16420000021251,51.0,50,4,1.02
16420000021252,51.0,50,4,1.02
16420000021253,52.0,50,4,1.04
16420000021254,51.0,50,4,1.02
16420000021255,46.0,50,4,0.92
16420000021256,45.885,50,4,0.918
16420000021257,46.0,50,4,0.92
16420000021258,47.0,50,4,0.94
16420000021259,49.0,50,4,0.98
16420000021260,49.0,50,4,0.98
16420000021261,42.8,50,4,0.856
16420000021499,42.07,50,4,0.841
16420000021501,31.0,50,4,0.62
16420000021502,36.9,50,4,0.738
16420000022068,34.0,50,6,0.68
16420000022069,29.534999999999997,50,6,0.591
16420000022070,27.46999999999999,50,6,0.549
16420000022077,30.849999999999994,50,4,0.617
16420000022079,51.2,50,4,1.024
16420000022081,56.839999999999996,50,4,1.137
16420000022082,54.0,50,4,1.08
16420000022083,47.339999999999996,50,4,0.947
16420000022084,49.0,50,4,0.98
16420000022086,51.0,50,4,1.02
16420000022087,49.0,50,4,0.98
16420000022090,43.97,50,4,0.879
16420000022092,41.0,50,4,0.82
16420000022094,28.929999999999996,50,4,0.579
16420000022239,61.0,50,2,1.22
16420000022240,62.0,50,2,1.24
16420000022243,64.5,50,4,1.29
16420000022244,61.0,50,4,1.22
16420000022245,42.730000000000004,50,4,0.855
16420000022246,37.0,50,4,0.74
16420000022247,33.81999999999999,50,4,0.676
16420000022248,28.0,50,4,0.56
16420000022249,23.0,50,4,0.46
16420000022250,26.0,50,4,0.52
16420000022251,26.464999999999996,50,4,0.529
16420000022252,30.7,50,4,0.614
16420000022253,33.0,50,4,0.66
16420000023036,39.0,50,3,0.78
16420000023129,52.5,50,4,1.05
16420000023131,49.74499999999999,50,4,0.995
16420000023132,36.0,50,4,0.72
16420000023285,56.0,50,2,1.12
16420000023286,56.0,50,2,1.12
16420000023287,52.0,50,2,1.04
16420000023288,53.0,50,2,1.06
16420000023345,32.86,50,4,0.657
16420000023376,25.0,50,4,0.5
16420000023378,48.0,50,4,0.96
16420000023379,50.0,50,4,1.0
16420000023381,53.879999999999995,50,4,1.078
16420000023397,54.0,40,3,1.35
16420000023455,39.0,50,3,0.78
16420000023456,39.410000000000004,50,3,0.788
16420000023458,40.0,50,3,0.8
16420000023498,48.0,50,2,0.96
16420000023499,41.0,50,2,0.82
16420000023500,50.4,50,2,1.008
16420000023501,34.0,50,2,0.68
16420000023502,44.0,50,2,0.88
16420000023503,41.0,50,2,0.82
16420000023504,48.435,50,2,0.969
16420000023527,55.0,50,2,1.1
16420000023528,61.135000000000005,50,2,1.223
16420000023578,27.0,50,6,0.54
16420000023592,36.014999999999986,30,4,1.2
16420000023594,51.0,30,4,1.7
16420000023597,53.0,50,4,1.06
16420000023610,38.7,50,4,0.774
16420000023611,37.0,50,4,0.74
16420000023627,23.0,30,5,0.767
16420000023628,49.2,30,3,1.64
16420000023638,54.0,50,3,1.08
16420000023711,40.0,50,5,0.8
16420000024604,22.725,50,4,0.454
16420000024605,30.1,50,4,0.602
16420000024613,46.0,50,4,0.92
16420000024666,53.0,50,3,1.06
16420000024787,47.0,50,6,0.94
16420000024788,28.65,50,6,0.573
16420000024789,50.0,50,3,1.0
16420000024790,52.105,50,3,1.042
16420000024886,25.305000000000007,50,2,0.506
16420000024913,59.7,50,3,1.194
16420000024917,62.0,50,3,1.24
16420000024918,64.0,50,3,1.28
16420000025089,43.75,50,4,0.875
16420000025115,33.0,50,6,0.66
16420000025116,28.0,50,6,0.56
16420000025142,52.4,60,4,0.873
16420000025143,35.410000000000004,60,4,0.59
16420000025145,29.85,30,6,0.995
16420000025146,61.95,50,2,1.239
16420000025149,41.0,50,3,0.82
16420000025153,39.6,50,4,0.792
16420000025156,33.0,50,2,0.66
16420000025157,37.0,50,2,0.74
16420000025177,32.64000000000001,50,4,0.653
16420000025178,44.0,30,2,1.467
16420000025191,34.0,50,4,0.68
16420000025214,59.0,50,4,1.18
16420000025220,36.88999999999999,50,4,0.738
16420000025221,42.0,50,4,0.84
16420000025228,50.0,50,2,1.0
16420000025234,50.0,50,4,1.0
16420000025244,32.67,50,2,0.653
16420000025245,35.0,50,2,0.7
16420000025267,32.0,50,4,0.64
16420000025277,33.3,50,2,0.666
16420000025282,30.0,50,2,0.6
16420000025750,30.0,50,6,0.6
16420000025766,36.0,50,2,0.72
16420000026461,54.0,50,2,1.08
16420000026463,29.0,60,4,0.483
16420000026464,32.0,50,3,0.64
16420000026708,44.78999999999999,50,4,0.896
16420000026731,48.0,50,4,0.96
16420000026770,47.0,50,4,0.94
16420000026781,50.499999999999964,50,4,1.01
16420000026835,30.0,50,4,0.6
16420000026899,59.0,60,2,0.983
16420000026911,53.0,50,4,1.06
16420000027094,38.0,60,2,0.633
16420000027098,36.7,50,2,0.734
16420000027697,45.0,50,2,0.9
16420000027726,63.0,50,4,1.26
16420000027842,92.0,50,1,1.84
16420000027974,32.0,50,4,0.64
16420000027994,39.0,50,4,0.78
16420000028529,23.3,50,4,0.466
16420000028530,18.0,50,4,0.36
16420000029461,52.0,50,3,1.04
16420000029629,41.0,50,4,0.82
16420000029630,32.0,50,4,0.64
16420000029862,27.135,50,2,0.543
16420000029977,32.25,50,4,0.645
16420000030184,46.0,50,6,0.92
16420000030191,53.0,50,4,1.06
16420000030195,46.0,50,2,0.92
16420000030210,24.859999999999996,50,3,0.497
16420000030211,17.0,50,3,0.34
16420000030585,19.0,50,5,0.38
16420000030586,43.3,50,4,0.866
16420000030597,55.0,50,3,1.1
16420000030759,20.0,50,4,0.4
16420000030760,54.6,50,3,1.092
16420000030876,28.0,60,2,0.467
16420000030963,39.0,50,4,0.78
16420000031151,30.0,50,2,0.6
16420000031152,33.0,50,5,0.66
16420000031153,28.0,50,2,0.56
16420000031154,34.0,50,2,0.68
16420000031155,31.0,50,5,0.62
16420000031156,44.25,50,3,0.885
16420000031161,42.27,50,2,0.845
16420000031168,50.0,50,2,1.0
16420000031210,45.0,50,2,0.9
16420000031211,19.0,50,3,0.38
16420000031212,22.0,50,3,0.44
16420000031221,18.3,50,3,0.366
16420000031335,40.0,40,4,1.0
16420000031547,18.0,30,6,0.6
16420000031548,54.0,30,3,1.8
16420000031551,34.224999999999994,50,6,0.684
16420000031552,32.0,50,6,0.64
16420000031782,32.0,50,6,0.64
16420000032634,38.0,50,3,0.76
16420000032640,24.0,30,6,0.8
16420000032641,53.794999999999995,50,4,1.076
16420000032969,27.0,60,2,0.45
16420000032970,44.379999999999995,50,2,0.888
16420000034039,45.0,50,4,0.9
16420000034042,35.0,50,6,0.7
16420000034046,51.449999999999996,50,6,1.029
16420000034047,55.0,60,4,0.917
16420000034062,24.0,30,6,0.8
16420000034063,30.56,30,6,1.019
16420000034069,31.3,50,6,0.626
16420000035239,36.0,50,5,0.72
16420000035240,24.06,30,6,0.802
16420000035241,25.075000000000003,30,6,0.836
16420000035242,24.1,50,6,0.482
16420000035247,28.0,50,3,0.56
16420000035248,29.0,50,6,0.58
16420000035254,33.199999999999996,50,6,0.664
16420000035582,39.0,50,5,0.78
16420000035591,33.0,50,5,0.66
16420000035594,24.0,30,6,0.8
16420000035597,41.0,50,6,0.82
16420000035598,33.08,50,5,0.662
16420000036150,28.0,30,6,0.933
16420000036157,45.6,30,2,1.52
16420000036158,40.225,50,5,0.804
16420000036159,21.119999999999994,50,6,0.422
16420000036682,39.0,50,6,0.78
16420000036689,24.700000000000003,50,6,0.494
16420000036690,27.7,50,6,0.554
16420000036693,54.6,50,2,1.092
16420000036695,52.0,50,4,1.04
16420000037074,35.0,50,6,0.7
16420000037080,38.015,50,6,0.76
16420000037548,33.0,30,6,1.1
16420000037565,21.0,50,6,0.42
16420000037668,54.0,50,4,1.08
16420000037671,65.0,50,3,1.3
16420000038218,62.0,50,2,1.24
16420000038236,51.0,50,4,1.02
16420000038258,33.0,50,6,0.66
16420000038260,30.744999999999997,30,6,1.025
16420000038262,55.1,50,3,1.102
16420000038269,34.7,50,4,0.694
16420000038985,50.17000000000001,50,3,1.003
16420000038991,54.0,60,2,0.9
16420000038997,32.0,50,6,0.64
16420000039227,45.3,50,3,0.906
16420000039440,18.0,30,6,0.6
16420000039441,53.0,50,4,1.06
16420000039442,36.05,30,6,1.202
16420000039444,25.4,30,6,0.847
16420000039445,66.0,50,3,1.32
16420000040411,31.0,50,4,0.62
16420000040412,64.0,50,3,1.28
16420000040423,35.0,50,6,0.7
16420000040424,62.370000000000005,50,2,1.247
16420000040523,41.0,50,6,0.82
16420000040525,43.6,30,4,1.453
16420000040532,52.0,50,4,1.04
16420000040706,42.4,50,4,0.848
16420000040707,47.0,50,4,0.94
16420000040708,54.0,50,4,1.08
16420000040709,54.0,50,4,1.08
16420000040710,53.0,50,4,1.06
16420000040713,40.80499999999999,30,4,1.36
16420000040716,47.0,50,4,0.94
16420000040717,48.0,50,4,0.96
16420000040719,43.0,50,4,0.86
16420000040722,49.0,30,4,1.633
16420000040724,35.1,50,4,0.702
16420000040725,40.0,50,4,0.8
16420000040727,28.38,50,4,0.568
16420000040728,26.0,50,4,0.52
16420000040729,27.0,50,4,0.54
16420000040730,30.715000000000003,50,4,0.614
16420000040731,29.1,50,4,0.582
16420000040732,27.0,50,4,0.54
16420000040733,49.0,50,4,0.98
16420000040734,55.96,50,4,1.119
16420000040737,35.65,50,4,0.713
16420000040741,43.7,50,3,0.874
16420000040744,19.1,50,6,0.382
16420000040755,21.0,30,6,0.7
16420000040983,36.0,50,4,0.72
16420000040986,47.0,50,4,0.94
16420000040991,57.0,50,4,1.14
16420000040994,59.0,50,4,1.18
16420000041004,53.0,50,4,1.06
16420000041007,52.5,50,4,1.05
16420000041010,43.18,50,4,0.864
16420000041013,46.92,50,4,0.938
16420000041017,48.73,50,4,0.975
16420000041020,51.0,50,4,1.02
16420000041033,31.0,23,3,1.348
16420000041037,33.0,29,3,1.138
16420000041042,34.0,28,3,1.214
16420000041051,38.0,50,3,0.76
16420000041052,35.0,50,3,0.7
16420000041054,46.0,50,3,0.92
16420000041056,60.0,30,3,2.0
16420000041058,65.0,50,3,1.3
16420000041059,63.0,50,3,1.26
16420000041060,61.0,50,3,1.22
16420000041061,62.0,50,3,1.24
16420000041063,67.0,50,3,1.34
16420000041064,62.0,50,3,1.24
16420000041067,33.0,50,3,0.66
16420000041068,36.23500000000001,50,2,0.725
16420000041290,52.0,50,4,1.04
16420000041292,38.0,30,6,1.267
16420000041302,39.35,50,3,0.787
16420000041858,40.150000000000006,50,6,0.803
16420000041860,33.07,50,6,0.661
16420000041861,35.0,50,3,0.7
16420000041863,33.0,50,6,0.66
16420000041866,26.0,50,6,0.52
16420000042296,28.0,50,2,0.56
16420000042315,57.3,50,2,1.146
16420000042317,64.94,50,2,1.299
16420000042318,65.725,50,2,1.314
16420000042454,48.0,50,4,0.96
16420000042555,44.87999999999999,50,3,0.898
16420000042561,29.0,50,3,0.58
16420000042562,38.0,50,3,0.76
16420000042564,53.0,50,3,1.06
16420000042565,51.039999999999985,50,3,1.021
16420000042566,48.23500000000001,50,3,0.965
16420000042567,47.0,50,3,0.94
16420000042569,21.0,50,3,0.42
16420000042570,34.0,50,3,0.68
16420000042574,33.0,50,3,0.66
16420000042575,37.605000000000004,50,3,0.752
16420000042576,44.0,50,3,0.88
16420000042577,52.0,50,3,1.04
16420000042578,55.0,50,3,1.1
16420000042580,29.0,50,3,0.58
16420000042581,30.325,50,3,0.606
16420000042758,46.0,50,4,0.92
16420000042759,48.255,50,4,0.965
16420000042760,49.0,50,4,0.98
16420000042761,48.18,50,4,0.964
16420000042762,49.010000000000005,50,4,0.98
16420000042763,49.0,50,4,0.98
16420000042764,45.0,50,4,0.9
16420000042765,15.0,50,4,0.3
16420000042767,25.0,50,4,0.5
16420000042769,27.0,50,4,0.54
16420000042770,48.0,50,4,0.96
16420000042773,48.0,30,4,1.6
16420000042774,46.375,30,4,1.546
16420000042775,46.0,50,4,0.92
16420000042776,35.0,50,4,0.7
16420000042777,55.5,50,4,1.11
16420000042778,59.0,50,4,1.18
16420000042779,61.5,50,4,1.23
16420000042780,49.64,50,4,0.993
16420000042781,26.99,50,4,0.54
16420000042782,36.6,50,4,0.732
16420000042783,31.0,50,4,0.62
16420000042784,27.544999999999995,50,4,0.551
16420000042785,30.8,50,4,0.616
16420000042788,29.0,50,4,0.58
16420000042978,50.0,50,3,1.0
16420000043059,56.65499999999999,60,3,0.944
16420000043068,49.0,50,6,0.98
16420000043069,40.04,50,6,0.801
16420000043081,17.0,50,5,0.34
16420000043083,39.095,30,5,1.303
16420000043084,38.0,50,5,0.76
16420000043085,34.185,50,5,0.684
16420000043086,36.0,50,5,0.72
16420000043087,36.65999999999999,50,5,0.733
16420000043088,33.959999999999994,50,5,0.679
16420000043089,33.83999999999999,50,5,0.677
16420000043091,22.0,50,5,0.44
16420000043106,12.0,50,6,0.24
16420000043108,43.0,50,4,0.86
16420000043228,41.0,30,4,1.367
16420000043229,43.0,30,4,1.433
16420000043230,44.1,30,4,1.47
16420000043231,46.0,30,4,1.533
16420000043233,43.0,30,4,1.433
16420000043234,38.0,30,4,1.267
16420000043235,31.0,30,4,1.033
16420000043237,38.9,50,5,0.778
16420000043238,39.0,50,5,0.78
16420000043239,37.0,50,5,0.74
16420000043240,30.0,50,5,0.6
16420000043241,44.0,50,5,0.88
16420000043242,44.0,50,5,0.88
16420000043243,43.375,50,5,0.868
16420000043244,39.0,50,5,0.78
16420000043245,36.0,50,5,0.72
16420000043246,37.2,50,5,0.744
16420000043247,46.364999999999995,50,5,0.927
16420000043249,23.0,18,5,1.278
16420000043257,30.414999999999992,50,6,0.608
16420000043258,35.0,50,6,0.7
16420000043259,65.0,50,3,1.3
16420000043272,20.985,50,6,0.42
16420000043416,34.0,50,5,0.68
16420000043422,39.0,50,2,0.78
16420000043423,34.0,30,6,1.133
16420000043425,64.0,50,4,1.28
16420000043798,35.01,50,6,0.7
16420000043807,59.77,60,3,0.996
16420000043932,26.0,50,5,0.52
16420000043947,59.3,50,3,1.186
16420000043950,55.0,50,2,1.1
16420000044054,22.0,30,6,0.733
16420000044153,51.0,50,4,1.02
16420000044155,52.9,50,2,1.058
16420000044160,55.0,50,4,1.1
16420000044167,50.0,50,2,1.0
16420000044201,46.96,50,4,0.939
16420000044207,36.0,30,6,1.2
16420000044208,38.7,50,6,0.774
16420000044212,58.2,50,4,1.164
16420000044348,15.1,50,6,0.302
16420000044440,55.53,60,4,0.926
16420000044462,45.0,50,5,0.9
16420000044463,53.82,60,2,0.897
16420000044484,15.494999999999994,50,3,0.31
16420000044485,32.21000000000001,50,3,0.644
16420000044486,48.29499999999999,50,3,0.966
16420000044487,49.7,50,3,0.994
16420000044488,49.035000000000004,50,3,0.981
16420000044489,48.349999999999994,20,3,2.417
16420000044490,50.225,50,3,1.004
16420000044491,52.0,50,3,1.04
16420000044492,55.0,50,3,1.1
16420000044493,54.38499999999998,50,3,1.088
16420000044494,54.0,50,3,1.08
16420000044495,52.0,50,3,1.04
16420000044496,48.0,50,3,0.96
16420000044500,32.0,50,3,0.64
16420000044502,28.0,50,3,0.56
16420000044503,32.4,50,3,0.648
16420000044534,43.0,50,2,0.86
16420000044538,55.0,60,2,0.917
16420000044644,51.0,30,4,1.7
16420000044647,27.0,30,6,0.9
16420000044651,42.81999999999998,50,4,0.856
16420000044655,54.73,60,3,0.912
16420000044862,50.0,50,3,1.0
16420000044866,62.0,50,2,1.24
16420000044874,30.355,50,5,0.607
16420000044902,48.4,50,4,0.968
16420000044907,58.0,50,3,1.16
16420000045617,23.759999999999994,30,6,0.792
16420000045618,30.805,30,6,1.027
16420000045619,16.299999999999997,50,6,0.326
16420000045624,35.0,50,6,0.7
16420000045629,40.5,50,5,0.81
16420000045632,44.699999999999996,50,4,0.894
16420000045637,28.0,50,6,0.56
16420000045642,34.9,50,4,0.698
16420000045656,37.2,50,6,0.744
16420000045662,20.0,50,4,0.4
16420000045671,46.7,50,4,0.934
16420000045674,30.0,50,6,0.6
16420000045794,57.0,60,2,0.95
16420000045795,47.0,30,4,1.567
16420000045798,28.0,50,6,0.56
16420000045814,47.0,50,3,0.94
16420000045822,24.099999999999998,50,6,0.482
16420000045834,26.0,30,6,0.867
16420000045838,45.935,50,2,0.919
16420000045839,39.269999999999996,50,6,0.785
16420000045843,30.0,50,6,0.6
16420000045852,25.0,50,3,0.5
16420000045887,30.0,50,6,0.6
16420000045902,47.375,50,4,0.948
16420000045903,42.8,50,4,0.856
16420000046208,49.0,50,3,0.98
16420000046209,51.0,30,3,1.7
16420000046210,54.09,50,4,1.082
16420000046213,70.85999999999999,50,2,1.417
16420000046217,34.349999999999994,30,6,1.145
16420000046218,22.95,50,6,0.459
16420000046221,31.9,50,6,0.638
16420000046238,35.4,50,5,0.708
16420000046240,35.10500000000001,50,6,0.702
16420000046254,30.119999999999994,50,6,0.602
16420000046256,72.0,50,4,1.44
16420000046262,52.0,50,4,1.04
16420000046264,42.0,50,6,0.84
16420000046269,54.85999999999999,60,4,0.914
16420000046278,19.15,50,6,0.383
16420000046280,52.0,50,6,1.04
16420000046291,15.0,50,6,0.3
16420000046302,24.0,30,6,0.8
16420000046304,55.0,50,4,1.1
16420000046305,36.400000000000006,30,6,1.213
16420000046311,25.0,50,6,0.5
16420000046333,46.0,50,4,0.92
16420000046336,25.779999999999998,50,6,0.516
16420000046340,32.8,30,6,1.093
16420000046402,42.0,50,5,0.84
16420000046431,21.0,50,6,0.42
16420000046437,37.0,50,6,0.74
16420000046478,55.150000000000006,50,2,1.103
16420000046482,38.6,50,3,0.772
16420000046485,59.0,50,3,1.18
16420000046509,27.049999999999997,50,6,0.541
16420000046514,45.165,50,5,0.903
16420000046518,24.329999999999995,50,5,0.487
16420000046520,36.129999999999995,50,6,0.723
16420000046524,38.495,50,6,0.77
16420000046525,21.0,30,6,0.7
16420000046542,38.855,50,4,0.777
16420000046545,52.985,50,6,1.06
16420000046560,43.2,50,5,0.864
16420000046674,47.0,50,2,0.94
16420000046675,37.07,50,6,0.741
16420000046677,30.0,30,6,1.0
16420000046685,40.0,50,6,0.8
16420000046867,28.8,50,4,0.576
16420000046876,43.0,50,6,0.86
16420000046878,36.0,30,6,1.2
16420000046977,29.0,50,6,0.58
16420000046991,37.0,30,6,1.233
16420000047030,11.839999999999998,50,6,0.237
16420000047062,25.45,50,6,0.509
16420000047072,25.0,30,6,0.833
16420000047076,28.0,30,6,0.933
16420000047079,32.0,30,4,1.067
16420000047082,59.440000000000005,50,4,1.189
16420000047094,34.12,30,6,1.137
16420000047127,20.0,50,6,0.4
16420000047134,20.6,50,6,0.412
16420000047174,41.0,50,2,0.82
16420000047177,31.0,50,2,0.62
16420000047180,57.0,60,4,0.95
16420000047205,33.02999999999999,50,6,0.661
16420000047644,37.985,50,4,0.76
16420000047681,27.0,50,6,0.54
16420000047883,39.0,50,4,0.78
16420000047886,38.26499999999999,50,6,0.765
16420000047893,67.27999999999999,50,4,1.346
16420000047895,51.0,50,4,1.02
16420000047930,34.0,50,6,0.68
16420000047937,63.785,50,4,1.276
16420000047940,33.0,50,6,0.66
16420000047944,23.82,50,6,0.476
16420000048094,35.0,28,4,1.25
16420000048264,42.0,50,5,0.84
16420000048268,41.0,50,6,0.82
16420000048269,25.73,50,6,0.515
16420000048272,48.0,50,3,0.96
16420000048277,50.0,50,2,1.0
16420000048281,53.0,60,4,0.883
16420000048283,40.0,40,4,1.0
16420000048296,45.0,50,3,0.9
16420000048300,26.02,30,6,0.867
16420000048302,23.85,50,6,0.477
16420000048378,29.549999999999997,50,6,0.591
16420000048380,31.0,50,2,0.62
16420000048392,50.0,60,2,0.833
16420000048396,40.77,21,2,1.941
16420000048404,64.0,50,4,1.28
16420000048405,61.8,50,4,1.236
16420000048413,62.4,60,2,1.04
16420000048414,62.0,50,2,1.24
16420000048415,36.0,50,3,0.72
16420000048418,54.0,50,4,1.08
16420000048421,27.945,50,6,0.559
16420000048422,53.0,50,2,1.06
16420000048427,31.0,50,4,0.62
16420000048432,22.1,30,6,0.737
16420000048450,36.64,50,6,0.733
16420000048452,32.0,50,6,0.64
16420000048456,26.9,30,6,0.897
16420000048465,28.425,30,6,0.948
16420000048519,57.624999999999986,50,4,1.152
16420000048521,56.0,50,4,1.12
16420000048522,55.0,50,4,1.1
16420000048523,30.0,50,3,0.6
16420000048524,22.1,50,3,0.442
16420000048525,42.0,50,3,0.84
16420000048526,56.1,60,2,0.935
16420000048527,43.0,60,2,0.717
16420000048528,56.0,50,2,1.12
16420000048529,52.0,50,2,1.04
16420000048530,38.73500000000001,24,2,1.614
16420000048537,53.485,60,2,0.891
16420000048540,62.39999999999999,50,2,1.248
16420000048541,66.0,50,2,1.32
16420000048545,44.5,50,4,0.89
16420000048548,42.0,50,5,0.84
16420000048549,41.3,50,5,0.826
16420000048550,42.0,50,5,0.84
16420000048551,37.0,50,3,0.74
16420000048552,40.0,50,3,0.8
16420000048553,42.0,50,3,0.84
16420000048554,37.0,50,3,0.74
16420000048560,36.0,50,4,0.72
16420000048563,28.7,50,2,0.574
16420000048564,26.0,50,2,0.52
16420000048567,58.0,30,2,1.933
16420000048569,24.45,50,6,0.489
16420000048570,51.0,50,4,1.02
16420000048572,56.1,30,4,1.87
16420000048573,59.0,30,4,1.967
16420000048583,54.419999999999995,50,3,1.088
16420000048595,22.0,30,6,0.733
16420000048758,30.689999999999998,50,6,0.614
16420000048761,49.32,50,3,0.986
16420000048762,49.0,50,3,0.98
16420000048771,58.0,50,2,1.16
16420000048772,60.7,50,2,1.214
16420000048773,55.0,50,2,1.1
16420000048789,43.65999999999999,50,6,0.873
16420000048791,50.29499999999999,50,3,1.006
16420000048818,26.0,50,6,0.52
16420000048827,16.0,50,6,0.32
16420000048850,19.85,30,6,0.662
16420000048854,71.8,50,4,1.436
16420000048858,56.0,60,4,0.933
16420000048864,60.0,50,4,1.2
16420000048865,17.0,50,6,0.34
16420000048866,36.0,50,4,0.72
16420000048868,44.0,50,6,0.88
16420000048869,68.295,50,4,1.366
16420000048880,30.0,30,6,1.0
16420000048884,56.0,50,2,1.12
16420000048909,25.599999999999998,50,6,0.512
16420000048912,40.0,50,6,0.8
16420000048913,44.0,50,4,0.88
16420000048914,26.0,30,6,0.867
16420000048916,47.0,50,2,0.94
16420000048936,37.0,30,6,1.233
16420000048939,44.74,50,6,0.895
16420000049059,25.34,50,6,0.507
16420000049066,28.0,50,2,0.56
16420000049067,43.2,50,2,0.864
16420000049070,62.58999999999999,50,3,1.252
16420000049174,45.0,50,6,0.9
16420000049193,24.0,30,4,0.8
16420000049202,48.38999999999999,50,4,0.968
16420000049203,45.334999999999994,50,3,0.907
16420000049368,33.0,30,2,1.1
16420000049485,22.94,30,6,0.765
16420000049510,43.0,50,3,0.86
16420000049966,31.0,30,6,1.033
16420000049970,30.0,50,6,0.6
16420000049971,21.12,50,6,0.422
16420000049973,45.0,50,6,0.9
16420000050076,33.2,40,5,0.83
16420000050086,28.25,50,5,0.565
16420000050087,48.1,50,5,0.962
16420000050299,28.875,50,6,0.578
16420000050302,24.799999999999997,30,6,0.827
16420000050304,54.7,50,4,1.094
16420000050512,19.0,30,6,0.633
16420000050515,42.845,50,6,0.857
16420000050532,61.0,50,2,1.22
16420000050537,34.0,50,6,0.68
16420000050543,31.0,50,4,0.62
16420000050605,81.5,90,1,0.906
16420000050685,42.0,50,4,0.84
16420000050698,18.0,50,6,0.36
16420000050704,38.0,50,6,0.76
16420000050935,41.0,50,3,0.82
16420000051326,25.7,30,6,0.857
16420000051333,40.0,50,2,0.8
16420000051335,39.75,50,6,0.795
16420000051492,51.0,50,2,1.02
16420000051499,35.385,30,6,1.18
16420000051644,44.855,30,4,1.495
16420000051645,37.0,50,6,0.74
16420000051646,35.07999999999997,50,5,0.702
16420000051650,48.0,50,4,0.96
16420000051651,45.74,50,5,0.915
16420000051656,43.0,50,3,0.86
16420000051657,72.0,50,4,1.44
16420000051743,44.0,50,5,0.88
16420000051745,31.0,50,6,0.62
16420000051750,55.0,50,4,1.1
16420000051752,23.419999999999995,50,6,0.468
16420000051754,37.685,30,6,1.256
16420000051936,28.0,50,6,0.56
16420000051941,35.7,30,6,1.19
16420000051952,66.0,50,4,1.32
16420000051965,58.29499999999999,50,3,1.166
16420000051967,56.0,50,3,1.12
16420000051968,21.909999999999997,30,6,0.73
16420000051969,57.349999999999994,60,3,0.956
16420000051987,40.0,50,5,0.8
16420000051991,19.735,50,6,0.395
16420000051997,36.9,50,2,0.738
16420000052000,25.0,50,6,0.5
16420000052002,41.0,40,4,1.025
16420000052322,47.64,30,6,1.588
16420000052326,46.0,50,5,0.92
16420000052338,27.0,30,6,0.9
16420000052340,40.0,30,5,1.333
16420000052437,30.0,50,6,0.6
16420000052440,37.0,30,6,1.233
16420000052443,55.0,60,4,0.917
16420000052542,29.769999999999992,50,6,0.595
16420000052544,65.0,50,4,1.3
16420000052552,23.7,50,4,0.474
16420000052554,28.9,50,5,0.578
16420000052562,66.955,50,4,1.339
16420000052563,51.225,60,4,0.854
16420000052604,29.93,50,6,0.599
16420000052707,33.0,50,5,0.66
16420000052822,48.0,60,2,0.8
16420000053223,41.0,50,6,0.82
16420000053225,41.6,50,4,0.832
16420000053238,48.64,50,6,0.973
16420000053242,43.23500000000001,50,2,0.865
16420000053244,43.0,50,6,0.86
16420000053263,43.3,50,4,0.866
16420000053619,58.1,50,2,1.162
16420000053620,25.0,50,6,0.5
16420000053626,32.7,30,6,1.09
16420000053627,22.0,50,6,0.44
16420000053636,31.0,30,6,1.033
16420000053646,60.25,30,6,2.008
16420000053649,43.6,60,2,0.727
16420000053770,28.95,50,4,0.579
16420000053771,69.0,50,4,1.38
16420000053772,31.0,30,6,1.033
16420000053775,30.5,50,6,0.61
16420000053857,41.4,50,6,0.828
16420000053858,39.0,50,4,0.78
16420000053859,21.0,40,4,0.525
16420000053876,28.0,30,6,0.933
16420000053892,41.33,50,4,0.827
16420000053894,32.1,50,6,0.642
16420000053898,36.0,50,6,0.72
16420000053899,58.00999999999999,50,2,1.16
16420000053908,20.55,40,4,0.514
16420000053914,26.674999999999983,50,6,0.533
16420000053916,48.0,50,5,0.96
16420000053921,16.0,50,6,0.32
16420000053944,33.0,50,6,0.66
16420000053947,52.0,50,2,1.04
16420000053951,23.0,30,6,0.767
16420000053953,62.0,50,2,1.24
16420000053960,43.0,50,5,0.86
16420000053971,53.0,50,2,1.06
16420000053984,35.44,50,6,0.709
16420000053986,46.0,50,2,0.92
16420000053990,18.54,50,6,0.371
16420000053991,19.5,50,6,0.39
16420000053993,44.515,40,6,1.113
16420000053998,45.0,50,4,0.9
16420000054000,51.0,50,3,1.02
16420000054001,48.589999999999996,50,5,0.972
16420000054382,41.0,50,2,0.82
16420000054383,33.0,50,6,0.66
16420000055127,38.0,50,5,0.76
16420000055138,24.0,50,6,0.48
16420000055140,34.0,50,6,0.68
16420000055149,33.0,50,6,0.66
16420000055230,35.5,50,6,0.71
16420000055236,53.0,50,4,1.06
16420000055240,31.82,30,6,1.061
16420000055243,59.0,50,3,1.18
16420000055244,22.0,50,5,0.44
16420000055245,20.654999999999994,30,6,0.688
16420000055262,34.2,30,6,1.14
16420000055564,43.0,50,5,0.86
16420000055567,51.0,50,4,1.02
16420000055570,24.0,50,6,0.48
16420000055576,52.3,50,4,1.046
16420000055580,41.0,50,6,0.82
16420000055729,42.25,50,5,0.845
16420000055738,24.0,30,6,0.8
16420000055828,28.25,50,6,0.565
16420000055834,25.0,50,4,0.5
16420000055836,44.0,50,5,0.88
16420000055841,18.565,30,6,0.619
16420000055843,36.0,50,6,0.72
16420000055876,33.0,50,6,0.66
16420000055878,32.0,30,6,1.067
16420000055885,50.79999999999999,50,6,1.016
16420000055886,52.995,50,4,1.06
16420000055887,28.0,50,4,0.56
16420000055888,22.0,30,6,0.733
16420000055896,31.0,50,4,0.62
16420000055901,37.7,50,2,0.754
16420000055902,27.0,30,6,0.9
16420000055915,27.099999999999998,50,6,0.542
16420000055917,44.0,30,5,1.467
16420000055928,46.0,50,5,0.92
16420000056141,38.0,30,6,1.267
16420000056148,59.0,50,4,1.18
16420000056158,44.0,30,3,1.467
16420000056159,27.0,30,6,0.9
16420000056161,32.1,50,6,0.642
16420000056163,40.0,50,6,0.8
16420000056167,45.0,50,6,0.9
16420000056168,55.89499999999999,60,2,0.932
16420000056172,57.0,50,2,1.14
16420000056175,48.0,50,4,0.96
16420000056273,41.699999999999996,30,6,1.39
16420000056275,24.82,30,6,0.827
16420000056283,43.14,50,5,0.863
16420000056288,47.639999999999986,50,6,0.953
16420000056293,58.0,60,2,0.967
16420000056294,41.0,30,2,1.367
16420000056297,49.0,50,5,0.98
16420000056300,47.0,40,4,1.175
16420000056459,66.0,30,6,2.2
16420000056618,30.71999999999999,50,3,0.614
16420000056629,23.0,30,6,0.767
16420000056635,64.67999999999999,50,3,1.294
16420000056637,55.0,50,3,1.1
16420000056912,25.4,30,6,0.847
16420000056913,24.0,30,6,0.8
16420000057059,41.4,50,6,0.828
16420000057063,48.0,50,4,0.96
16420000057067,24.459999999999997,30,6,0.815
16420000057073,44.34499999999999,50,4,0.887
16420000057078,36.745000000000005,50,6,0.735
16420000057083,29.0,50,6,0.58
16420000057092,36.0,50,6,0.72
16420000057098,30.0,50,6,0.6
16420000057363,45.0,30,6,1.5
16420000057399,34.105,50,6,0.682
16420000057401,29.5,30,6,0.983
16420000057507,21.6,50,6,0.432
16420000057533,33.15,50,6,0.663
16420000057535,30.0,50,6,0.6
16420000057536,37.0,50,5,0.74
16420000057539,35.0,50,6,0.7
16420000057545,53.0,50,5,1.06
16420000057547,28.05,30,6,0.935
16420000057875,20.849999999999998,50,6,0.417
16420000057878,47.0,50,3,0.94
16420000057885,27.0,50,6,0.54
16420000057887,19.0,50,6,0.38
16420000057888,50.0,50,6,1.0
16420000058089,26.0,30,6,0.867
16420000058094,35.0,50,6,0.7
16420000058097,28.0,50,6,0.56
16420000058102,31.639999999999997,50,6,0.633
16420000058113,56.015,50,2,1.12
16420000058116,32.0,50,6,0.64
16420000058120,27.0,50,4,0.54
16420000058123,21.6,50,6,0.432
16420000058127,43.0,50,4,0.86
16420000058238,23.8,30,6,0.793
16420000058246,26.0,30,6,0.867
16420000058248,36.0,50,4,0.72
16420000058251,20.0,50,5,0.4
16420000058377,33.0,30,6,1.1
16420000058378,32.0,50,6,0.64
16420000058388,42.6,30,6,1.42
16420000058392,49.0,50,4,0.98
16420000058396,56.0,30,2,1.867
16420000058397,49.58,50,3,0.992
16420000058411,38.0,50,4,0.76
16420000058417,53.0,50,2,1.06
16420000058425,28.0,60,2,0.467
16420000058428,44.0,18,2,2.444
16420000058434,50.0,50,4,1.0
16420000058441,57.0,50,3,1.14
16420000058457,48.73,50,5,0.975
16420000058472,29.0,60,2,0.483
16420000058573,54.0,50,3,1.08
16420000058577,55.7,60,4,0.928
16420000058592,26.0,50,4,0.52
16420000058793,40.0,30,6,1.333
16420000058958,53.0,50,2,1.06
16420000058959,54.0,50,4,1.08
16420000058986,27.0,50,6,0.54
16420000058987,19.0,50,4,0.38
16420000058990,41.0,50,5,0.82
16420000058992,33.0,30,6,1.1
16420000058993,47.0,50,5,0.94
16420000058994,18.905,30,6,0.63
16420000058997,47.0,50,5,0.94
16420000058998,10.27,50,6,0.205
16420000059002,46.73,50,5,0.935
16420000059024,56.0,50,3,1.12
16420000059035,52.0,50,2,1.04
16420000059089,13.8,50,6,0.276
16420000059094,65.0,50,4,1.3
16420000059098,25.5,50,6,0.51
16420000059099,22.0,30,6,0.733
16420000059103,38.0,50,6,0.76
16420000059308,37.660000000000004,50,6,0.753
16420000059309,52.0,60,3,0.867
16420000059311,60.004999999999995,50,2,1.2
16420000059319,50.714999999999996,50,3,1.014
16420000059336,62.5,50,3,1.25
16420000059337,23.819999999999993,30,6,0.794
16420000059341,50.0,30,3,1.667
16420000059545,25.5,50,6,0.51
16420000059546,32.3,50,6,0.646
16420000059548,31.0,50,6,0.62
16420000059552,22.770000000000003,50,6,0.455
16420000059553,30.0,50,6,0.6
16420000059572,45.0,50,4,0.9
16420000059573,43.73500000000001,50,2,0.875
16420000059584,52.135,50,4,1.043
16420000059703,25.0,50,6,0.5
16420000059714,39.0,50,6,0.78
16420000059716,54.1,50,2,1.082
16420000059722,50.3,50,2,1.006
16420000059723,42.0,30,6,1.4
16420000059724,53.0,50,2,1.06
16420000059726,57.0,50,3,1.14
16420000059728,43.0,50,6,0.86
16420000059739,38.0,50,4,0.76
16420000059743,41.0,50,6,0.82
16420000059744,26.0,50,6,0.52
16420000059746,48.445,50,3,0.969
16420000059753,29.55,50,6,0.591
16420000059758,68.0,50,4,1.36
16420000059761,27.099999999999998,50,6,0.542
16420000059762,42.84,50,5,0.857
16420000059858,54.0,50,4,1.08
16420000060120,36.86,50,6,0.737
16420000060122,12.05,50,6,0.241
16420000060141,54.77499999999999,50,4,1.096
16420000060143,41.0,50,6,0.82
16420000060144,50.0,50,4,1.0
16420000060154,49.0,50,2,0.98
16420000060175,50.0,50,5,1.0
16420000060180,23.0,30,5,0.767
16420000060182,45.0,50,4,0.9
16420000060199,30.0,50,6,0.6
16420000060201,47.269999999999996,50,6,0.945
16420000060205,21.0,50,5,0.42
16420000060211,46.0,50,6,0.92
16420000060216,49.16,50,4,0.983
16420000060219,43.0,30,4,1.433
16420000060312,49.61000000000001,50,4,0.992
16420000060314,43.0,50,5,0.86
16420000060316,48.0,50,6,0.96
16420000060320,32.0,50,6,0.64
16420000060326,39.8,50,6,0.796
16420000060331,31.0,50,6,0.62
16420000060332,32.75,30,6,1.092
16420000060335,26.0,30,6,0.867
16420000060338,51.3,40,4,1.282
16420000060355,19.0,30,5,0.633
16420000060356,23.2,30,6,0.773
16420000060525,67.0,50,4,1.34
16420000060530,29.080000000000002,50,6,0.582
16420000060533,21.0,50,6,0.42
16420000060712,54.0,60,4,0.9
16420000060713,46.0,50,4,0.92
16420000060716,28.0,50,6,0.56
16420000060718,36.0,50,6,0.72
16420000060719,38.629999999999974,30,4,1.288
16420000060724,43.425,30,5,1.448
16420000060776,16.7,50,6,0.334
16420000060782,35.0,50,6,0.7
16420000061003,17.950000000000003,50,6,0.359
16420000061017,36.165,30,6,1.206
16420000061187,30.0,30,6,1.0
16420000061196,60.3,50,3,1.206
16420000061202,23.369999999999997,50,4,0.467
16420000061242,25.0,30,6,0.833
16420000061246,48.0,50,4,0.96
16420000061247,48.129999999999995,50,3,0.963
16420000061253,42.93000000000001,50,6,0.859
16420000061317,31.0,50,6,0.62
16420000061342,52.0,50,4,1.04
16420000061367,50.0,50,4,1.0
16420000061370,26.4,30,6,0.88
16420000061371,47.085,50,4,0.942
16420000061372,46.0,50,4,0.92
16420000061373,44.0,50,2,0.88
16420000061374,27.4,50,4,0.548
16420000061377,41.75,37,2,1.128
16420000061422,33.6,50,6,0.672
16420000061427,18.0,30,6,0.6
16420000061433,44.85,50,6,0.897
16420000061446,45.0,40,4,1.125
16420000061452,48.885,50,5,0.978
16420000061641,45.4,50,4,0.908
16420000061646,37.8,50,3,0.756
16420000061648,27.0,50,6,0.54
16420000061649,45.0,50,6,0.9
16420000061656,46.0,50,5,0.92
16420000061660,21.0,30,6,0.7
16420000061667,47.0,50,6,0.94
16420000061857,29.0,30,6,0.967
16420000061871,43.35999999999999,50,6,0.867
16420000061872,37.0,30,6,1.233
16420000061874,26.714999999999996,60,4,0.445
16420000061875,53.0,50,3,1.06
16420000061877,36.0,50,4,0.72
16420000061879,34.0,50,3,0.68
16420000061880,24.169999999999998,50,4,0.483
16420000061881,45.0,50,4,0.9
16420000061883,24.0,19,5,1.263
16420000061884,34.0,50,6,0.68
16420000061887,43.0,50,4,0.86
16420000062063,50.0,50,2,1.0
16420000062242,33.975,50,6,0.68
16420000062247,34.9,50,6,0.698
16420000062252,17.65,30,6,0.588
16420000062261,42.0,50,6,0.84
16420000062270,35.0,50,6,0.7
16420000062271,45.905,50,5,0.918
16420000062273,38.67,30,6,1.289
16420000062275,31.0,50,6,0.62
16420000062335,23.0,50,6,0.46
16420000062337,37.0,50,6,0.74
16420000062342,35.0,50,4,0.7
16420000062343,26.0,50,5,0.52
16420000062347,40.0,50,6,0.8
16420000062428,30.2,50,6,0.604
16420000062430,26.0,50,6,0.52
16420000062431,45.0,50,4,0.9
16420000062432,65.0,40,3,1.625
16420000062434,22.0,30,5,0.733
16420000062527,34.0,50,4,0.68
16420000062533,66.92500000000001,50,4,1.339
16420000062534,29.0,30,6,0.967
16420000062535,42.0,50,6,0.84
16420000062540,30.07,50,6,0.601
16420000062544,29.699999999999996,50,4,0.594
16420000062547,46.0,30,4,1.533
16420000062555,35.0,50,6,0.7
16420000062564,46.925,50,5,0.938
16420000062565,21.244999999999997,50,6,0.425
16420000062566,43.0,50,5,0.86
16420000062568,52.31,50,6,1.046
16420000062585,49.25,60,2,0.821
16420000062588,38.1,30,6,1.27
16420000062689,58.0,50,2,1.16
16420000062690,28.255,50,6,0.565
16420000062691,32.0,50,6,0.64
16420000062697,46.209999999999994,50,3,0.924
16420000062701,47.0,50,3,0.94
16420000062711,34.0,50,3,0.68
16420000062715,24.0,30,6,0.8
16420000062718,31.0,50,4,0.62
16420000062737,46.0,50,5,0.92
16420000062747,46.0,50,4,0.92
16420000062755,33.75,30,6,1.125
16420000062757,29.099999999999998,50,6,0.582
16420000062761,62.0,50,2,1.24
16420000062786,33.519999999999996,30,6,1.117
16420000062904,46.0,50,4,0.92
16420000062909,42.0,50,3,0.84
16420000062914,15.399999999999999,30,6,0.513
16420000062922,24.0,50,6,0.48
16420000062924,36.0,50,4,0.72
16420000062925,38.0,50,4,0.76
16420000063029,36.0,50,6,0.72
16420000063031,23.27,30,6,0.776
16420000063036,20.299999999999997,50,6,0.406
16420000063038,46.64,30,4,1.555
16420000063140,64.0,50,4,1.28
16420000063144,51.0,50,4,1.02
16420000063147,30.0,50,6,0.6
16420000063151,40.05,30,6,1.335
16420000063153,35.95,50,4,0.719
16420000063158,31.0,30,6,1.033
16420000063160,30.909999999999997,30,6,1.03
16420000063268,42.0,50,4,0.84
16420000063287,22.0,30,6,0.733
16420000063301,29.2,30,5,0.973
16420000063309,43.0,50,5,0.86
16420000063422,41.6,30,6,1.387
16420000063429,33.35,50,6,0.667
16420000063430,38.9,50,6,0.778
16420000063440,30.63,50,6,0.613
16420000063456,20.35,30,6,0.678
16420000063463,43.065,50,5,0.861
16420000063473,49.21999999999999,50,2,0.984
16420000063475,44.0,50,5,0.88
16420000063478,27.95499999999999,30,5,0.932
16420000063492,24.25,50,6,0.485
16420000063497,27.0,30,6,0.9
16420000063596,22.175,30,6,0.739
16420000063598,49.0,50,4,0.98
16420000063602,51.085,50,4,1.022
16420000063613,25.0,50,6,0.5
16420000063618,66.0,50,4,1.32
16420000063619,65.51,50,4,1.31
16420000063621,34.0,30,6,1.133
16420000063622,33.0,30,6,1.1
16420000063623,46.0,50,6,0.92
16420000063629,13.135,50,6,0.263
16420000063630,46.339999999999996,50,6,0.927
16420000063879,36.565,50,6,0.731
16420000063890,19.5,30,6,0.65
16420000063912,50.0,50,6,1.0
16420000063926,36.475,30,6,1.216
16420000063994,36.2,30,6,1.207
16420000063997,21.0,50,6,0.42
16420000064003,62.0,50,2,1.24
16420000064005,21.0,30,6,0.7
16420000064010,29.0,50,6,0.58
16420000064093,33.5,50,6,0.67
16420000064094,68.4,50,4,1.368
16420000064098,31.0,50,3,0.62
16420000064102,40.0,50,2,0.8
16420000064111,31.0,50,6,0.62
16420000064118,19.95,50,6,0.399
16420000064122,40.0,30,6,1.333
16420000064203,26.0,50,6,0.52
16420000064207,31.4,30,6,1.047
16420000064209,24.0,30,6,0.8
16420000064265,37.379999999999995,50,4,0.748
16420000064272,35.25,30,6,1.175
16420000064277,61.0,50,3,1.22
16420000064300,54.09,50,4,1.082
16420000064302,55.0,50,2,1.1
16420000064306,36.0,50,3,0.72
16420000064309,31.0,50,6,0.62
16420000064316,53.0,50,4,1.06
16420000064322,32.0,50,6,0.64
16420000064324,39.0,50,6,0.78
16420000064361,56.0,60,3,0.933
16420000064364,55.0,50,2,1.1
16420000064366,34.0,50,6,0.68
16420000064370,23.2,50,4,0.464
16420000064676,34.0,50,6,0.68
16420000064678,62.279999999999994,50,2,1.246
16420000064691,49.4,50,5,0.988
16420000064706,27.299999999999997,50,4,0.546
16420000064713,28.095000000000002,50,6,0.562
16420000064827,45.875,50,6,0.918
16420000064830,41.0,50,6,0.82
16420000064832,47.0,50,5,0.94
16420000064833,43.0,50,6,0.86
16420000064837,34.53,30,6,1.151
16420000064838,40.345,50,6,0.807
16420000064839,31.0,50,6,0.62
16420000064842,27.0,30,6,0.9
16420000064970,43.019999999999996,50,4,0.86
16420000064972,48.0,50,3,0.96
16420000064976,30.979999999999997,50,6,0.62
16420000064983,43.0,50,4,0.86
16420000064989,54.0,50,2,1.08
16420000065170,36.0,50,2,0.72
16420000065220,24.080000000000002,50,6,0.482
16420000065223,31.79,50,3,0.636
16420000065244,22.64,30,6,0.755
16420000065263,43.089999999999996,50,6,0.862
16420000065269,22.189999999999994,50,6,0.444
16420000065272,40.0,50,4,0.8
16420000065274,23.0,30,6,0.767
16420000065276,32.0,50,6,0.64
16420000065298,21.0,50,6,0.42
16420000065301,37.0,50,6,0.74
16420000065379,36.0,30,6,1.2
16420000065383,49.9,50,5,0.998
16420000065389,47.0,50,5,0.94
16420000065397,67.0,50,4,1.34
16420000065400,42.8,50,5,0.856
16420000065403,25.0,30,6,0.833
16420000065405,32.0,30,6,1.067
16420000065410,56.0,60,2,0.933
16420000065415,22.0,30,6,0.733
16420000065418,49.0,60,2,0.817
16420000065499,50.5,50,3,1.01
16420000065500,45.0,50,5,0.9
16420000065509,40.0,50,5,0.8
16420000065514,14.3,50,2,0.286
16420000065579,25.0,50,6,0.5
16420000065584,56.065,60,3,0.934
16420000065692,36.0,50,3,0.72
16420000065696,37.0,50,5,0.74
16420000065704,28.0,50,6,0.56
16420000065706,25.0,30,6,0.833
16420000065714,38.0,50,6,0.76
16420000065729,48.0,50,4,0.96
16420000065826,56.3,60,3,0.938
16420000065832,51.0,50,4,1.02
16420000065839,58.0,60,2,0.967
16420000065994,35.4,50,6,0.708
16420000065998,49.0,50,5,0.98
16420000066002,56.2,60,2,0.937
16420000066007,39.0,50,4,0.78
16420000066012,26.599999999999998,50,6,0.532
16420000066020,23.95,30,6,0.798
16420000066034,50.8,50,4,1.016
16420000066047,31.6,30,6,1.053
16420000066056,32.0,50,6,0.64
16420000066059,27.45,50,6,0.549
16420000066076,30.299999999999997,30,6,1.01
16420000066098,54.8,60,4,0.913
16420000066148,40.69,30,6,1.356
16420000066153,53.480000000000004,50,2,1.07
16420000066155,54.0,60,4,0.9
16420000066288,28.0,50,6,0.56
16420000066295,27.0,50,6,0.54
16420000066305,37.0,50,5,0.74
16420000066463,51.879999999999995,50,4,1.038
16420000066467,38.58,50,6,0.772
16420000066469,50.0,50,3,1.0
16420000066470,30.0,50,6,0.6
16420000066471,48.0,30,6,1.6
16420000066474,53.79499999999997,50,4,1.076
16420000066478,60.0,50,3,1.2
16420000066489,41.0,50,6,0.82
16420000066491,22.0,50,6,0.44
16420000066493,17.849999999999998,30,6,0.595
16420000066494,53.05,50,5,1.061
16420000066504,42.0,50,4,0.84
16420000066509,33.254999999999995,30,6,1.108
16420000066518,23.085,30,6,0.77
16420000066521,36.0,50,6,0.72
16420000066529,47.0,50,3,0.94
16420000066540,36.489999999999995,50,6,0.73
16420000066550,44.0,50,4,0.88
16420000066552,52.0,30,4,1.733
16420000066556,29.129999999999995,30,6,0.971
16420000066559,68.0,50,4,1.36
16420000066561,33.0,50,6,0.66
16420000066741,50.0,50,3,1.0
16420000066750,52.639999999999986,50,3,1.053
16420000066780,35.0,50,5,0.7
16420000066788,26.74,30,6,0.891
16420000066791,25.15,50,6,0.503
16420000066807,37.0,50,5,0.74
16420000066809,25.0,50,6,0.5
16420000066810,39.0,50,6,0.78
16420000066920,61.19,50,2,1.224
16420000066921,52.22,50,4,1.044
16420000066923,24.0,50,6,0.48
16420000066934,42.64,50,5,0.853
16420000066950,27.0,30,6,0.9
16420000066952,29.0,50,6,0.58
16420000066963,46.2,50,4,0.924
16420000066965,64.0,60,3,1.067
16420000067157,47.0,50,6,0.94
16420000067159,43.660000000000004,50,6,0.873
16420000067165,28.25,50,6,0.565
16420000067168,44.0,50,4,0.88
16420000067170,41.0,50,4,0.82
16420000067175,52.05999999999999,50,4,1.041
16420000067220,39.5,50,6,0.79
16420000067228,49.0,50,4,0.98
16420000067284,53.0,50,2,1.06
16420000067289,39.915,50,3,0.798
16420000067294,16.22,50,6,0.324
16420000067295,42.0,50,5,0.84
16420000067299,41.0,40,6,1.025
16420000067313,33.2,50,4,0.664
16420000067316,24.55,30,6,0.818
16420000067327,36.0,50,5,0.72
16420000067334,56.0,30,4,1.867
16420000067337,18.0,50,6,0.36
16420000067343,29.089999999999996,50,6,0.582
16420000067344,31.979999999999997,50,5,0.64
16420000067345,21.0,50,6,0.42
16420000067347,52.0,50,5,1.04
16420000067353,30.3,50,6,0.606
16420000067355,47.0,50,6,0.94
16420000067435,48.650000000000006,50,5,0.973
16420000067441,58.71000000000001,60,2,0.979
16420000067445,41.045,50,6,0.821
16420000067447,29.0,50,6,0.58
16420000067558,30.0,50,6,0.6
16420000067560,42.0,50,4,0.84
16420000067569,21.0,30,6,0.7
16420000067571,28.0,30,6,0.933
16420000067588,46.32999999999999,50,4,0.927
16420000067593,42.0,50,5,0.84
16420000067781,24.95,50,4,0.499
16420000067788,37.1,50,6,0.742
16420000067797,26.0,30,6,0.867
16420000067802,48.0,30,4,1.6
16420000067812,31.0,50,5,0.62
16420000067817,37.26,50,5,0.745
16420000067826,13.149999999999999,50,6,0.263
16420000067827,30.3,50,6,0.606
16420000067834,56.0,50,3,1.12
16420000067835,36.649999999999984,50,6,0.733
16420000067839,25.0,50,4,0.5
16420000067845,40.2,50,6,0.804
16420000067864,46.475,50,5,0.93
16420000067867,43.0,50,6,0.86
16420000067870,43.0,50,6,0.86
16420000067871,44.0,50,6,0.88
16420000067873,30.1,30,6,1.003
16420000067874,53.22,50,5,1.064
16420000067906,51.0,60,4,0.85
16420000067910,32.15,30,3,1.072
16420000067912,47.0,50,4,0.94
16420000067915,48.0,50,4,0.96
16420000067917,38.8,30,6,1.293
16420000067918,22.0,18,2,1.222
16420000067920,33.3,50,4,0.666
16420000067922,22.099999999999998,50,6,0.442
16420000067927,49.0,50,6,0.98
16420000067929,52.0,60,2,0.867
16420000067932,53.0,60,4,0.883
16420000067933,21.485,30,6,0.716
16420000067938,29.25,50,6,0.585
16420000067943,51.0,50,5,1.02
16420000067944,47.0,50,6,0.94
16420000067968,31.0,30,6,1.033
16420000068067,21.0,50,6,0.42
16420000068069,30.439999999999998,50,6,0.609
16420000068073,15.0,50,5,0.3
16420000068258,26.0,30,6,0.867
16420000068269,27.9,50,6,0.558
16420000068287,18.0,50,6,0.36
16420000068289,42.52,38,4,1.119
16420000068292,19.419999999999995,50,3,0.388
16420000068294,32.55000000000001,50,5,0.651
16420000068297,31.665,50,6,0.633
16420000068304,23.444999999999997,50,4,0.469
16420000068412,23.0,50,6,0.46
16420000068418,34.0,50,4,0.68
16420000068420,27.0,30,6,0.9
16420000068425,35.125,50,5,0.702
16420000068426,47.405,50,2,0.948
16420000068575,43.045,50,3,0.861
16420000068583,38.0,50,2,0.76
16420000068589,30.0,30,4,1.0
16420000068592,45.0,60,2,0.75
16420000068608,40.99,30,6,1.366
16420000068618,27.0,30,6,0.9
16420000068619,35.0,50,5,0.7
16420000068626,32.8,50,6,0.656
16420000068629,43.0,50,3,0.86
16420000068631,37.0,60,2,0.617
16420000068643,37.95,50,6,0.759
16420000068803,42.11000000000001,50,2,0.842
16420000068817,37.0,30,6,1.233
16420000068818,39.0,50,6,0.78
16420000068835,29.2,50,6,0.584
16420000068837,27.91,30,6,0.93
16420000068844,31.0,50,6,0.62
16420000068845,35.0,50,6,0.7
16420000068846,37.405,30,6,1.247
16420000068931,30.284999999999997,50,4,0.606
16420000068933,21.0,30,6,0.7
16420000068936,27.549999999999997,50,6,0.551
16420000068937,42.650000000000006,50,3,0.853
16420000068938,54.38999999999999,50,2,1.088
16420000069033,30.8,50,3,0.616
16420000069038,54.0,50,2,1.08
16420000069042,33.0,50,5,0.66
16420000069043,35.75,50,6,0.715
16420000069044,48.0,30,5,1.6
16420000069046,24.0,30,6,0.8
16420000069049,46.0,50,5,0.92
16420000069055,38.0,30,6,1.267
16420000069056,41.52,50,6,0.83
16420000069057,33.2,50,6,0.664
16420000069059,38.2,50,5,0.764
16420000069069,38.0,50,6,0.76
16420000069082,34.07,50,2,0.681
16420000069083,32.4,50,4,0.648
16420000069084,39.935,18,2,2.219
16420000069086,44.8,50,4,0.896
16420000069091,26.740000000000002,24,4,1.114
16420000069095,27.0,50,4,0.54
16420000069097,42.625,50,4,0.852
16420000069112,45.0,50,2,0.9
16420000069113,41.655,60,2,0.694
16420000069118,57.0,50,2,1.14
16420000069120,36.0,50,2,0.72
16420000069121,43.0,40,2,1.075
16420000069126,34.0,30,5,1.133
16420000069146,46.0,50,6,0.92
16420000069431,47.0,50,4,0.94
16420000069432,48.0,50,4,0.96
16420000069436,42.0,50,4,0.84
16420000069444,16.0,50,4,0.32
16420000069447,43.465,30,6,1.449
16420000069457,69.935,50,4,1.399
16420000069472,34.0,50,6,0.68
16420000069473,54.0,50,3,1.08
16420000069556,43.0,50,5,0.86
16420000069559,62.0,50,3,1.24
16420000069561,23.0,50,2,0.46
16420000069674,36.625,50,6,0.732
16420000069676,10.7,50,6,0.214
16420000069683,25.0,50,6,0.5
16420000069701,26.0,30,6,0.867
16420000069807,53.0,50,4,1.06
16420000069814,30.849999999999998,50,6,0.617
16420000069815,30.6,50,6,0.612
16420000069818,23.5,30,6,0.783
16420000069834,48.0,50,4,0.96
16420000069835,29.0,50,6,0.58
16420000069860,42.150000000000006,30,6,1.405
16420000069862,60.0,50,2,1.2
16420000069863,41.98,60,2,0.7
16420000069866,63.985,40,3,1.6
16420000069869,20.139999999999997,50,6,0.403
16420000069879,54.0,50,2,1.08
16420000069881,38.605000000000004,50,4,0.772
16420000069962,23.0,40,4,0.575
16420000070024,28.55,30,6,0.952
16420000070028,52.0,50,4,1.04
16420000070031,50.0,50,4,1.0
16420000070033,56.870000000000005,60,3,0.948
16420000070065,69.0,50,4,1.38
16420000070066,16.0,50,4,0.32
16420000070067,25.0,50,6,0.5
16420000070070,37.0,50,6,0.74
16420000070073,56.0,50,2,1.12
16420000070077,25.2,50,4,0.504
16420000070084,71.0,60,2,1.183
16420000070250,28.0,30,6,0.933
16420000070251,33.0,50,6,0.66
16420000070258,25.0,30,6,0.833
16420000070619,29.0,30,6,0.967
16420000070620,56.0,50,2,1.12
16420000070621,41.0,50,6,0.82
16420000070629,18.4,50,6,0.368
16420000070638,44.0,50,5,0.88
16420000070700,38.794999999999995,50,6,0.776
16420000070704,23.0,30,6,0.767
16420000070710,54.0,50,4,1.08
16420000070712,29.0,50,2,0.58
16420000070801,21.0,30,6,0.7
16420000070889,34.0,50,6,0.68
16420000070891,21.8,30,6,0.727
16420000070892,31.99,30,6,1.066
16420000070906,41.12,50,6,0.822
16420000071006,37.0,30,6,1.233
16420000071012,32.9,50,6,0.658
16420000071015,38.0,50,6,0.76
16420000071017,50.0,50,4,1.0
16420000071019,48.0,50,4,0.96
16420000071026,38.83499999999998,50,3,0.777
16420000071030,51.0,50,4,1.02
16420000071031,22.0,50,4,0.44
16420000071033,48.0,50,4,0.96
16420000071036,38.179999999999986,50,6,0.764
16420000071039,50.255,60,2,0.838
16420000071041,18.0,50,4,0.36
16420000071042,18.175,50,3,0.364
16420000071047,31.0,50,3,0.62
16420000071048,26.459999999999994,50,4,0.529
16420000071062,9.835,50,5,0.197
16420000071063,50.0,50,4,1.0
16420000071066,35.0,50,3,0.7
16420000071070,47.0,50,6,0.94
16420000071082,70.0,50,4,1.4
16420000071094,45.0,30,6,1.5
16420000071096,62.4,50,2,1.248
16420000071250,28.35,50,6,0.567
16420000071251,44.0,50,6,0.88
16420000071253,54.0,60,4,0.9
16420000071259,29.02,50,6,0.58
16420000071367,23.0,30,5,0.767
16420000071377,31.0,50,4,0.62
16420000071387,31.1,50,6,0.622
16420000071392,30.0,50,6,0.6
16420000071395,65.0,50,4,1.3
16420000071396,40.0,50,6,0.8
16420000071475,47.0,60,2,0.783
16420000071477,37.82499999999999,50,5,0.756
16420000071479,55.86,60,2,0.931
16420000071482,41.0,50,3,0.82
16420000071483,47.0,50,4,0.94
16420000071487,49.0,50,4,0.98
16420000071488,58.8,50,4,1.176
16420000071498,32.65,50,6,0.653
16420000071505,28.0,50,6,0.56
16420000071507,36.85,50,6,0.737
16420000071508,31.0,50,6,0.62
16420000071516,24.24,50,6,0.485
16420000071530,48.145,50,5,0.963
16420000071531,17.0,50,3,0.34
16420000071534,45.0,30,4,1.5
16420000071539,68.0,50,3,1.36
16420000071544,35.1,50,6,0.702
16420000071552,42.1,30,6,1.403
16420000071568,33.2,50,6,0.664
16420000071824,34.0,50,5,0.68
16420000071837,35.794999999999995,30,6,1.193
16420000071848,35.0,50,6,0.7
16420000071851,29.599999999999998,30,6,0.987
16420000071852,60.0,50,4,1.2
16420000071854,42.0,50,6,0.84
16420000071858,25.0,50,6,0.5
16420000071860,16.87999999999999,50,5,0.338
16420000071862,57.0,60,2,0.95
16420000071863,31.0,50,6,0.62
16420000071880,59.105,50,2,1.182
16420000071882,39.4,30,6,1.313
16420000071898,27.0,50,6,0.54
16420000071907,62.4,50,2,1.248
16420000071908,42.0,50,3,0.84
16420000071911,42.0,50,6,0.84
16420000071923,48.0,50,3,0.96
16420000071937,24.849999999999998,50,6,0.497
16420000071939,32.199999999999996,50,6,0.644
16420000071942,42.0,50,5,0.84
16420000071943,23.13,50,6,0.463
16420000072105,34.0,50,2,0.68
16420000072133,45.0,40,4,1.125
16420000072134,35.96,50,5,0.719
16420000072219,64.0,50,4,1.28
16420000072220,36.0,50,6,0.72
16420000072305,52.7,50,2,1.054
16420000072307,34.645,50,6,0.693
16420000072310,25.0,50,6,0.5
16420000072311,34.0,50,6,0.68
16420000072318,29.875,18,2,1.66
16420000072337,42.315,30,5,1.41
16420000072339,46.665,50,6,0.933
16420000072341,33.0,50,6,0.66
16420000072345,28.0,50,6,0.56
16420000072351,38.794999999999995,50,4,0.776
16420000072362,50.45,50,6,1.009
16420000072363,43.6,30,6,1.453
16420000072366,55.1,50,3,1.102
16420000072376,50.0,50,4,1.0
16420000072472,21.95,50,6,0.439
16420000072473,36.0,26,2,1.385
16420000072477,26.0,18,2,1.444
16420000072482,36.31,50,4,0.726
16420000072486,24.1,50,4,0.482
16420000072487,27.0,50,6,0.54
16420000072488,48.0,50,4,0.96
16420000072494,45.97,50,6,0.919
16420000072496,48.0,50,5,0.96
16420000072497,53.62,50,2,1.072
16420000072500,48.0,50,4,0.96
16420000072505,30.0,50,6,0.6
16420000072523,41.1,50,3,0.822
16420000072529,55.0,60,2,0.917
16420000072530,30.0,50,6,0.6
16420000072531,30.0,50,5,0.6
16420000072532,42.0,50,2,0.84
16420000072533,46.040000000000006,50,2,0.921
16420000072535,55.3,50,3,1.106
16420000072536,63.0,50,3,1.26
16420000072651,36.0,50,6,0.72
16420000072652,21.875,50,6,0.438
16420000072655,55.690000000000005,50,6,1.114
16420000072746,43.0,50,4,0.86
16420000072748,48.0,50,4,0.96
16420000072751,44.0,50,5,0.88
16420000072755,54.0,50,2,1.08
16420000072762,48.0,30,6,1.6
16420000072779,65.0,50,4,1.3
16420000072780,27.0,50,6,0.54
16420000072794,45.5,50,6,0.91
16420000072806,20.85,30,6,0.695
16420000072819,25.0,50,6,0.5
16420000072916,40.0,50,6,0.8
16420000072924,42.93,50,5,0.859
16420000072929,66.14,50,4,1.323
16420000072931,37.0,50,6,0.74
16420000073018,41.599999999999994,50,5,0.832
16420000073019,23.0,50,6,0.46
16420000073026,36.05,50,6,0.721
16420000073028,59.345,50,4,1.187
16420000073029,16.9,50,6,0.338
16420000073030,60.9,60,2,1.015
16420000073031,32.0,50,6,0.64
16420000073050,41.4,50,5,0.828
16420000073058,28.0,30,6,0.933
16420000073063,27.0,50,6,0.54
16420000073065,40.0,50,6,0.8
16420000073244,31.0,50,4,0.62
16420000073245,25.0,50,6,0.5
16420000073247,30.0,50,4,0.6
16420000073259,25.02,50,4,0.5
16420000073278,33.349999999999994,50,6,0.667
16420000073279,36.0,50,6,0.72
16420000073287,28.0,50,6,0.56
16420000073289,16.0,50,6,0.32
16420000073292,42.790000000000006,50,4,0.856
16420000073298,50.0,50,4,1.0
16420000073304,50.0,50,3,1.0
16420000073316,43.0,50,6,0.86
16420000073317,26.0,30,6,0.867
16420000073320,68.0,50,3,1.36
16420000073322,4.6,50,3,0.092
16420000073327,41.92999999999999,50,4,0.839
16420000073353,32.4,50,6,0.648
16420000073356,44.0,50,6,0.88
16420000073359,43.8,50,3,0.876
16420000073463,38.0,50,5,0.76
16420000073690,19.1,50,6,0.382
16420000073695,29.0,50,5,0.58
16420000073699,28.35,50,6,0.567
16420000073702,28.660000000000004,50,6,0.573
16420000073711,45.0,50,4,0.9
16420000073712,52.785,60,4,0.88
16420000073845,21.0,30,6,0.7
16420000073949,50.30499999999999,50,4,1.006
16420000073951,25.0,30,6,0.833
16420000073957,34.6,30,6,1.153
16420000073971,48.0,50,5,0.96
16420000074049,33.0,30,5,1.1
16420000074053,71.0,50,4,1.42
16420000074055,45.0,50,5,0.9
16420000074058,26.049999999999997,30,6,0.868
16420000074065,31.0,50,6,0.62
16420000074074,44.0,50,6,0.88
16420000074076,34.0,50,6,0.68
16420000074078,46.54,30,4,1.551
16420000074079,33.2,50,5,0.664
16420000074109,33.0,30,6,1.1
16420000074112,38.065,50,4,0.761
16420000074125,20.0,30,6,0.667
16420000074132,45.8,50,5,0.916
16420000074136,52.0,50,2,1.04
16420000074215,22.0,30,6,0.733
16420000074220,43.0,50,3,0.86
16420000074222,43.0,30,6,1.433
16420000074226,26.525,50,6,0.53
16420000074235,50.0,50,6,1.0
16420000074258,41.75,30,6,1.392
16420000074275,28.0,50,6,0.56
16420000074276,39.0,50,5,0.78
16420000074280,30.0,50,3,0.6
16420000074281,28.0,30,6,0.933
16420000074371,50.0,30,3,1.667
16420000074373,31.0,50,3,0.62
16420000074374,55.77,50,2,1.115
16420000074381,20.0,50,4,0.4
16420000074385,73.0,50,3,1.46
16420000074387,53.71000000000001,50,2,1.074
16420000074390,68.0,70,3,0.971
16420000074401,17.299999999999997,50,6,0.346
16420000074402,31.0,30,6,1.033
16420000074406,48.0,60,2,0.8
16420000074409,43.825,50,6,0.876
16420000074410,26.5,30,6,0.883
16420000074427,35.8,30,6,1.193
16420000074430,30.0,50,5,0.6
16420000074529,23.0,50,6,0.46
16420000074532,36.0,30,4,1.2
16420000074541,37.0,50,5,0.74
16420000074545,52.075,60,4,0.868
16420000074546,39.37999999999999,50,4,0.788
16420000074560,67.25,50,3,1.345
16420000074564,70.935,40,2,1.773
16420000074566,18.0,50,6,0.36
16420000074568,44.0,50,4,0.88
16420000074569,53.0,50,5,1.06
16420000074570,34.0,50,6,0.68
16420000074576,36.0,50,6,0.72
16420000074577,29.45,30,6,0.982
16420000074587,41.47,50,6,0.829
16420000074588,25.6,50,6,0.512
16420000074597,51.4,50,2,1.028
16420000074600,52.1,50,4,1.042
16420000074612,32.0,50,5,0.64
16420000074621,43.0,50,2,0.86
16420000074625,28.0,30,4,0.933
16420000074767,52.0,50,5,1.04
16420000074769,52.0,50,4,1.04
16420000074770,53.0,60,2,0.883
16420000074776,57.0,50,3,1.14
16420000074809,36.0,50,6,0.72
16420000074830,44.099999999999994,50,6,0.882
16420000074834,23.0,30,5,0.767
16420000074986,36.3,50,6,0.726
16420000074993,32.0,30,6,1.067
16420000074996,22.0,30,6,0.733
16420000075002,25.0,50,6,0.5
16420000075005,22.0,30,6,0.733
16420000075012,42.0,50,6,0.84
16420000075013,51.0,60,4,0.85
16420000075014,27.615000000000002,30,6,0.921
16420000075138,40.849999999999994,50,6,0.817
16420000075139,54.389999999999986,50,6,1.088
16420000075142,39.0,50,6,0.78
16420000075149,30.599999999999998,50,6,0.612
16420000075152,29.35,50,6,0.587
16420000075426,33.6,50,6,0.672
16420000075429,51.80500000000001,50,2,1.036
16420000075439,32.5,50,4,0.65
16420000075443,30.0,50,4,0.6
16420000075445,51.419999999999995,50,2,1.028
16420000075446,22.0,50,6,0.44
16420000075448,33.45,50,6,0.669
16420000075466,42.0,50,4,0.84
16420000075472,49.0,50,4,0.98
16420000075580,47.0,50,5,0.94
16420000075583,40.03,50,6,0.801
16420000075585,35.115,50,6,0.702
16420000075588,25.6,50,6,0.512
16420000075589,43.31999999999999,50,4,0.866
16420000075591,41.52,50,5,0.83
16420000075602,31.335,50,6,0.627
16420000075603,51.0,50,2,1.02
16420000075776,21.0,30,6,0.7
16420000075779,46.0,30,4,1.533
16420000075784,36.0,50,6,0.72
16420000075786,34.0,30,6,1.133
16420000075789,26.049999999999997,50,6,0.521
16420000075886,41.0,50,6,0.82
16420000075889,25.85,30,6,0.862
16420000075893,43.0,30,6,1.433
16420000075903,22.0,50,3,0.44
16420000075913,41.77,50,5,0.835
16420000075918,56.18000000000001,50,4,1.124
16420000075959,22.0,50,4,0.44
16420000076050,25.0,50,4,0.5
16420000076052,54.0,50,6,1.08
16420000076287,43.0,50,4,0.86
16420000076290,25.549999999999997,50,6,0.511
16420000076293,47.0,50,2,0.94
16420000076296,44.0,50,3,0.88
16420000076356,25.65,30,6,0.855
16420000076359,30.5,50,6,0.61
16420000076363,24.985,50,6,0.5
16420000076390,37.0,50,4,0.74
16420000076392,45.0,50,6,0.9
16420000076399,55.31999999999999,50,4,1.106
16420000076493,37.0,30,2,1.233
16420000076496,40.2,50,6,0.804
16420000076497,42.78,50,4,0.856
16420000076498,43.0,50,4,0.86
16420000076538,21.0,50,6,0.42
16420000076551,45.0,50,6,0.9
16420000076653,30.0,50,4,0.6
16420000076656,18.0,30,6,0.6
16420000076661,43.4,50,3,0.868
16420000076666,45.0,50,2,0.9
16420000076669,49.0,50,4,0.98
16420000076675,35.0,50,6,0.7
16420000076676,30.0,30,6,1.0
16420000076690,64.5,50,2,1.29
16420000076691,36.0,50,6,0.72
16420000076695,47.2,50,4,0.944
16420000076707,38.0,30,6,1.267
16420000076713,54.0,50,4,1.08
16420000076728,40.535,50,4,0.811
16420000076734,27.0,30,6,0.9
16420000076823,73.0,40,2,1.825
16420000076872,51.0,50,4,1.02
16420000076880,38.0,50,3,0.76
16420000076968,31.0,30,6,1.033
16420000076974,54.0,60,2,0.9
16420000076983,29.4,50,4,0.588
16420000076985,40.849999999999994,50,5,0.817
16420000076989,52.0,50,2,1.04
16420000076990,61.0,50,2,1.22
16420000076993,40.0,50,2,0.8
16420000076994,46.0,50,2,0.92
16420000076995,39.62,50,4,0.792
16420000077000,49.0,50,2,0.98
16420000077002,33.0,50,2,0.66
16420000077003,47.1,50,4,0.942
16420000077004,64.255,60,2,1.071
16420000077005,48.0,50,3,0.96
16420000077008,57.0,60,2,0.95
16420000077010,65.0,50,4,1.3
16420000077011,51.0,50,4,1.02
16420000077013,43.0,50,6,0.86
16420000077014,49.824999999999996,30,2,1.661
16420000077017,44.0,30,6,1.467
16420000077022,43.4,30,6,1.447
16420000077025,46.685,50,4,0.934
16420000077028,43.089999999999996,30,6,1.436
16420000077197,54.30000000000001,50,2,1.086
16420000077200,54.529999999999994,60,4,0.909
16420000077201,53.0,60,4,0.883
16420000077203,31.0,50,6,0.62
16420000077204,51.4,50,5,1.028
16420000077236,30.945,30,6,1.032
16420000077240,49.8,50,4,0.996
16420000077291,61.0,50,4,1.22
16420000077300,52.31999999999999,30,5,1.744
16420000077306,48.0,50,4,0.96
16420000077308,43.0,50,2,0.86
16420000077826,29.0,50,3,0.58
16420000077827,50.34,50,4,1.007
16420000077831,23.4,50,6,0.468
16420000077837,39.0,50,6,0.78
16420000077838,53.019999999999996,60,4,0.884
16420000077839,21.0,50,4,0.42
16420000077844,28.0,50,3,0.56
16420000077847,54.3,50,4,1.086
16420000077848,45.0,50,3,0.9
16420000077989,44.665,50,4,0.893
16420000078098,30.314999999999998,50,6,0.606
16420000078103,23.699999999999996,30,6,0.79
16420000078113,21.0,30,6,0.7
16420000078122,48.0,50,4,0.96
16420000078127,28.3,30,6,0.943
16420000078128,36.0,50,6,0.72
16420000078139,54.0,60,2,0.9
16420000078216,29.0,50,5,0.58
16420000078219,59.0,50,3,1.18
16420000078224,68.0,50,4,1.36
16420000078229,33.72,30,6,1.124
16420000078233,14.0,50,6,0.28
16420000078243,59.0,50,2,1.18
16420000078250,49.50500000000001,50,2,0.99
16420000078274,51.0,50,3,1.02
16420000078277,60.0,50,3,1.2
16420000078278,24.0,50,6,0.48
16420000078285,38.0,50,6,0.76
16420000078296,31.87,50,6,0.637
16420000078299,21.6,50,6,0.432
16420000078309,58.0,50,3,1.16
16420000078310,32.0,30,6,1.067
16420000078311,43.419999999999995,50,3,0.868
16420000078318,40.935,50,2,0.819
16420000078320,35.2,50,2,0.704
16420000078321,35.3,30,5,1.177
16420000078343,32.105,50,6,0.642
16420000078347,32.0,50,6,0.64
16420000078371,50.23,50,2,1.005
16420000078382,43.155,50,4,0.863
16420000078390,50.3,50,3,1.006
16420000078393,62.5,50,2,1.25
16420000078397,46.0,50,4,0.92
16420000078406,35.0,60,4,0.583
16420000078410,45.0,50,5,0.9
16420000078413,30.7,50,6,0.614
16420000078415,38.0,50,6,0.76
16420000078427,33.1,50,6,0.662
16420000078433,26.675,30,6,0.889
16420000078436,35.0,50,6,0.7
16420000078447,20.0,30,6,0.667
16420000078460,46.0,30,6,1.533
16420000078466,27.0,50,6,0.54
16420000078565,23.8,30,6,0.793
16420000078590,39.0,50,6,0.78
16420000078591,32.0,50,5,0.64
16420000078592,33.0,50,6,0.66
16420000078596,18.8,30,6,0.627
16420000078598,42.0,50,5,0.84
16420000078599,46.0,50,5,0.92
16420000078600,28.0,50,6,0.56
16420000078608,28.0,50,6,0.56
16420000078716,48.0,30,4,1.6
16420000078718,47.44,50,3,0.949
16420000078724,32.6,30,6,1.087
16420000078726,68.585,50,2,1.372
16420000078731,30.15,30,6,1.005
16420000078732,46.94,50,6,0.939
16420000078734,34.1,30,6,1.137
16420000078744,22.0,50,4,0.44
16420000078760,22.0,30,6,0.733
16420000078773,54.0,50,2,1.08
16420000078775,26.330000000000002,30,5,0.878
16420000078779,51.0,50,2,1.02
16420000078786,7.125,50,5,0.142
16420000078788,41.0,50,4,0.82
16420000078789,30.6,50,4,0.612
16420000078793,55.3,50,4,1.106
16420000078798,48.0,50,4,0.96
16420000078801,48.75,18,2,2.708
16420000078809,36.0,40,4,0.9
16420000078810,50.0,50,4,1.0
16420000078811,55.0,60,2,0.917
16420000078813,42.0,50,6,0.84
16420000078814,43.0,50,2,0.86
16420000078859,46.25,50,2,0.925
16420000079140,47.0,50,5,0.94
16420000079148,64.0,50,4,1.28
16420000079151,55.8,50,2,1.116
16420000079154,34.735,50,5,0.695
16420000079157,20.0,50,6,0.4
16420000079160,50.0,50,4,1.0
16420000079178,50.0,50,2,1.0
16420000079189,37.0,50,4,0.74
16420000079195,23.0,50,6,0.46
16420000079196,35.0,50,6,0.7
16420000079205,40.0,50,4,0.8
16420000079255,20.880000000000003,30,6,0.696
16420000079259,44.0,50,2,0.88
16420000079264,35.9,30,6,1.197
16420000079265,42.0,30,6,1.4
16420000079271,67.0,50,4,1.34
16420000079282,47.019999999999996,50,5,0.94
16420000079635,45.0,30,6,1.5
16420000079643,46.0,30,6,1.533
16420000079655,38.0,30,6,1.267
16420000079726,17.0,50,6,0.34
16420000079757,24.0,30,6,0.8
16420000079765,32.105,50,6,0.642
16420000079766,27.625,50,6,0.552
16420000079768,33.004999999999995,50,4,0.66
16420000080219,44.8,30,5,1.493
16420000080223,48.0,50,2,0.96
16420000080226,37.285,30,6,1.243
16420000080322,62.4,50,3,1.248
16420000080368,32.0,50,3,0.64
16420000080371,39.055,50,4,0.781
16420000080384,51.0,50,6,1.02
16420000080387,25.77,30,6,0.859
16420000080394,43.0,50,3,0.86
16420000080582,39.0,50,6,0.78
16420000080584,26.0,50,6,0.52
16420000080589,31.0,50,6,0.62
16420000080597,40.0,50,4,0.8
16420000080598,38.0,50,6,0.76
16420000080623,40.12,50,3,0.802
16420000080628,15.0,50,6,0.3
16420000080631,35.2,50,6,0.704
16420000080632,38.0,50,6,0.76
16420000080642,40.0,30,6,1.333
16420000080644,45.0,50,6,0.9
16420000080648,48.8,50,5,0.976
16420000080649,39.0,50,5,0.78
16420000080662,63.635000000000005,60,2,1.061
16420000080669,30.0,50,6,0.6
16420000080675,29.0,50,6,0.58
16420000080680,30.16,50,6,0.603
16420000080926,67.0,50,4,1.34
16420000080928,37.0,50,4,0.74
16420000080933,34.0,50,2,0.68
16420000080934,42.0,50,2,0.84
16420000080940,42.0,50,6,0.84
16420000080941,28.0,50,5,0.56
16420000080945,23.919999999999998,50,6,0.478
16420000080949,42.0,50,2,0.84
16420000080950,42.0,50,4,0.84
16420000080955,31.35,50,6,0.627
16420000080956,65.0,50,3,1.3
16420000080957,41.0,50,4,0.82
16420000080959,36.0,30,5,1.2
16420000080966,34.0,50,6,0.68
16420000080982,45.489999999999995,50,6,0.91
16420000080984,60.0,50,4,1.2
16420000081056,20.55,50,4,0.411
16420000081057,47.995,50,4,0.96
16420000081061,33.0,30,6,1.1
16420000081136,26.0,50,2,0.52
16420000081137,41.11000000000001,50,2,0.822
16420000081158,33.0,30,3,1.1
16420000081161,61.4,50,3,1.228
16420000081163,42.0,50,5,0.84
16420000081175,37.0,50,6,0.74
16420000081181,47.665,60,4,0.794
16420000081196,41.0,50,6,0.82
16420000081297,50.0,50,4,1.0
16420000081323,45.0,50,6,0.9
16420000081355,59.0,50,2,1.18
16420000081378,70.07999999999998,50,4,1.402
16420000081393,58.0,30,2,1.933
16420000081402,25.0,30,6,0.833
16420000081407,49.0,50,4,0.98
16420000081443,37.0,50,3,0.74
16420000081516,37.0,50,4,0.74
16420000081546,50.0,50,3,1.0
16420000081558,88.0,50,2,1.76
16420000081562,31.0,50,2,0.62
16420000081564,58.0,60,2,0.967
16420000081643,43.0,50,2,0.86
16420000081644,38.525,50,6,0.77
16420000081648,27.319999999999993,50,6,0.546
16420000081654,22.0,50,4,0.44
16420000081658,35.2,30,6,1.173
16420000081660,19.699999999999996,50,6,0.394
16420000081665,38.0,50,6,0.76
16420000081680,40.0,50,5,0.8
16420000081691,32.720000000000006,50,4,0.654
16420000081692,44.0,60,2,0.733
16420000081694,36.0,50,4,0.72
16420000081696,57.0,60,2,0.95
16420000081703,35.0,60,2,0.583
16420000081707,38.635,50,6,0.773
16420000081712,39.0,50,6,0.78
16420000081713,50.0,50,2,1.0
16420000081719,30.075000000000003,30,6,1.003
16420000081735,70.02999999999999,50,4,1.401
16420000081738,28.0,50,6,0.56
16420000081746,42.995,30,6,1.433
16420000081751,44.0,50,6,0.88
16420000081764,47.0,30,6,1.567
16420000081766,42.0,30,6,1.4
16420000081782,49.0,50,4,0.98
16420000081789,20.0,50,6,0.4
16420000081791,35.86999999999999,50,6,0.717
16420000081792,29.48,30,6,0.983
16420000081799,66.0,50,4,1.32
16420000081800,55.0,50,5,1.1
16420000081897,28.61,30,6,0.954
16420000081908,54.0,50,4,1.08
16420000081922,43.625,50,5,0.872
16420000081928,68.43,50,4,1.369
16420000082117,31.799999999999997,50,6,0.636
16420000082121,42.645,50,4,0.853
16420000082146,41.0,50,4,0.82
16420000082176,24.7,30,6,0.823
16420000082181,51.1,50,4,1.022
16420000082194,48.0,50,4,0.96
16420000082259,51.0,50,4,1.02
16420000082261,44.0,50,4,0.88
16420000082266,41.0,50,4,0.82
16420000082278,40.0,50,6,0.8
16420000082284,27.299999999999983,50,6,0.546
16420000082290,26.0,50,5,0.52
16420000082291,34.489999999999995,50,6,0.69
16420000082295,29.0,50,6,0.58
16420000082298,25.0,50,6,0.5
16420000082306,30.0,30,6,1.0
16420000082316,34.0,50,5,0.68
16420000082403,25.0,50,6,0.5
16420000082424,39.0,30,6,1.3
16420000082425,38.0,50,6,0.76
16420000082432,27.86,50,4,0.557
16420000082474,44.83999999999999,50,2,0.897
16420000082476,50.165,50,2,1.003
16420000082481,57.0,50,4,1.14
16420000082483,56.175000000000004,50,4,1.124
16420000082485,48.474999999999966,50,4,0.969
16420000082488,37.0,50,5,0.74
16420000082489,36.0,29,2,1.241
16420000082491,26.439999999999987,30,6,0.881
16420000082498,43.0,50,4,0.86
16420000082499,42.25499999999999,30,4,1.408
16420000082629,36.64999999999999,50,6,0.733
16420000082648,38.0,30,6,1.267
16420000082653,51.0,50,2,1.02
16420000082661,42.875,30,6,1.429
16420000082692,25.7,30,6,0.857
16420000082698,50.18,30,3,1.673
16420000082808,42.90999999999999,40,4,1.073
16420000083084,60.0,50,2,1.2
16420000083085,60.0,50,2,1.2
16420000083087,63.0,50,2,1.26
16420000083142,23.0,50,6,0.46
16420000083144,47.0,30,6,1.567
16420000083154,39.5,50,4,0.79
16420000083160,42.0,50,2,0.84
16420000083162,32.0,50,4,0.64
16420000083163,21.69999999999999,50,5,0.434
16420000083167,31.0,27,4,1.148
16420000083168,39.0,50,3,0.78
16420000083170,52.42999999999999,50,2,1.049
16420000083171,34.0,50,6,0.68
16420000083174,46.73500000000001,50,2,0.935
16420000083175,42.46,50,4,0.849
16420000083190,30.479999999999993,50,6,0.61
16420000083200,38.0,50,6,0.76
16420000083214,23.0,50,6,0.46
16420000083215,40.73,40,4,1.018
16420000083216,30.0,50,5,0.6
16420000083222,50.245,50,4,1.005
16420000083224,35.0,50,4,0.7
16420000083231,52.0,50,3,1.04
16420000083234,29.599999999999994,50,6,0.592
16420000083235,30.0,50,4,0.6
16420000083237,35.0,50,6,0.7
16420000083284,12.0,50,6,0.24
16420000083297,23.8,50,6,0.476
16420000083299,24.4,40,4,0.61
16420000083304,44.26499999999999,50,5,0.885
16420000083354,48.99499999999999,50,2,0.98
16420000083356,42.2,60,2,0.703
16420000083357,43.535,50,4,0.871
16420000083473,33.765,50,6,0.675
16420000083479,36.0,50,6,0.72
16420000083534,38.0,50,6,0.76
16420000083617,34.7,50,6,0.694
16420000083625,29.0,50,2,0.58
16420000083626,29.0,19,2,1.526
16420000083638,53.75999999999999,50,2,1.075
16420000083639,21.0,30,6,0.7
16420000083642,47.0,30,4,1.567
16420000083686,19.0,50,3,0.38
16420000083687,28.0,50,3,0.56
16420000083689,28.2,50,4,0.564
16420000083690,39.0,50,4,0.78
16420000083693,43.95,30,5,1.465
16420000083694,45.974999999999994,50,5,0.919
16420000083708,49.885,50,2,0.998
16420000083713,70.0,50,2,1.4
16420000083714,27.835,50,6,0.557
16420000083715,45.0,60,2,0.75
16420000083716,49.0,50,4,0.98
16420000083720,18.0,50,4,0.36
16420000083721,32.709999999999994,18,5,1.817
16420000083748,29.0,50,6,0.58
16420000083866,45.0,30,6,1.5
16420000083873,42.145,50,6,0.843
16420000083875,21.99,30,6,0.733
16420000083879,48.625,50,5,0.972
16420000083885,34.0,30,6,1.133
16420000083895,39.72,30,6,1.324
16420000083898,49.49999999999998,50,4,0.99
16420000084014,45.0,50,6,0.9
16420000084024,50.324999999999974,50,2,1.006
16420000084171,74.0,40,2,1.85
16420000084202,26.0,30,6,0.867
16420000084230,29.48499999999999,30,5,0.983
16420000084232,44.0,50,2,0.88
16420000084251,29.0,20,3,1.45
16420000084253,30.0,30,1,1.0
16420000084254,22.0,50,6,0.44
16420000084255,34.04,50,2,0.681
16420000084258,61.135000000000005,60,2,1.019
16420000084263,39.759999999999984,50,2,0.795
16420000084264,21.0,50,3,0.42
16420000084337,44.0,30,4,1.467
16420000084339,42.5,50,6,0.85
16420000084354,28.0,50,6,0.56
16420000084383,39.8,50,6,0.796
16420000084385,22.8,50,6,0.456
16420000084394,49.0,50,3,0.98
16420000084396,65.0,50,4,1.3
16420000084397,33.25,50,6,0.665
16420000084399,30.33,30,6,1.011
16420000084411,15.0,30,6,0.5
16420000084416,40.805,30,5,1.36
16420000084418,34.07,50,6,0.681
16420000084422,41.93,50,4,0.839
16420000084424,26.7,50,6,0.534
16420000084505,31.594999999999985,50,4,0.632
16420000084530,47.04,50,4,0.941
16420000084532,48.0,50,6,0.96
16420000084545,29.299999999999997,50,4,0.586
16420000084553,44.06,50,4,0.881
16420000084554,33.0,50,5,0.66
16420000084557,37.0,50,5,0.74
16420000084565,30.5,50,6,0.61
16420000084568,41.0,50,5,0.82
16420000084582,29.0,50,6,0.58
16420000084592,21.0,30,6,0.7
16420000084601,46.0,50,4,0.92
16420000084603,43.0,50,4,0.86
16420000084605,56.0,30,2,1.867
16420000084612,51.0,30,6,1.7
16420000084622,53.2,50,2,1.064
16420000084627,66.1,50,2,1.322
16420000084628,29.0,50,2,0.58
16420000084631,28.0,50,4,0.56
16420000084636,38.0,50,4,0.76
16420000084646,32.0,50,4,0.64
16420000084647,44.6,50,2,0.892
16420000084648,47.8,50,2,0.956
16420000084651,50.864999999999995,50,4,1.017
16420000084660,23.639999999999997,50,4,0.473
16420000084665,53.6,60,4,0.893
16420000084697,51.0,50,3,1.02
16420000084699,42.0,50,5,0.84
16420000084700,57.2,50,2,1.144
16420000084701,45.0,50,6,0.9
16420000084716,40.0,30,6,1.333
16420000084725,50.0,60,2,0.833
16420000084726,29.199999999999996,30,6,0.973
16420000084731,48.9,50,4,0.978
16420000084736,47.7,50,4,0.954
16420000084742,39.03,50,4,0.781
16420000084746,24.8,50,6,0.496
16420000084750,25.0,50,4,0.5
16420000084751,39.0,35,4,1.114
16420000084752,54.0,50,3,1.08
16420000084753,30.0,50,4,0.6
16420000084754,34.0,22,2,1.545
16420000084757,30.4,50,4,0.608
16420000084758,39.0,32,2,1.219
16420000084762,49.934999999999995,50,4,0.999
16420000084775,31.0,60,2,0.517
16420000084779,22.0,50,4,0.44
16420000084783,43.0,60,2,0.717
16420000084784,37.0,50,4,0.74
16420000084790,26.599999999999998,30,6,0.887
16420000084792,43.849999999999994,30,6,1.462
16420000084798,39.2,30,6,1.307
16420000084806,56.0,50,3,1.12
16420000084808,45.0,60,4,0.75
16420000084819,62.88,50,4,1.258
16420000084820,51.169999999999995,50,4,1.023
16420000084827,53.0,60,4,0.883
16420000084830,42.0,50,4,0.84
16420000084843,33.5,50,6,0.67
16420000084846,35.0,50,6,0.7
16420000084847,53.0,50,2,1.06
16420000084848,21.7,50,6,0.434
16420000084870,30.304999999999996,50,4,0.606
16420000084876,47.6,50,3,0.952
16420000084877,48.2,50,3,0.964
16420000084883,30.435,30,6,1.014
16420000084886,69.49,50,2,1.39
16420000084912,59.0,50,3,1.18
16420000084915,29.0,50,2,0.58
16420000084920,27.905,24,4,1.163
16420000084922,48.669999999999995,50,2,0.973
16420000084923,60.0,50,2,1.2
16420000084925,48.0,50,5,0.96
16420000084932,39.0,50,5,0.78
16420000084933,53.3,50,5,1.066
16420000084934,22.7,50,6,0.454
16420000084939,29.0,30,6,0.967
16420000084943,43.349999999999994,50,6,0.867
16420000084944,45.91,50,4,0.918
16420000084945,53.839999999999996,50,6,1.077
16420000084946,31.0,30,6,1.033
16420000085071,22.0,50,6,0.44
16420000085095,51.55000000000001,50,6,1.031
16420000085101,38.0,50,4,0.76
16420000085265,45.0,30,4,1.5
16420000085269,63.30499999999999,50,4,1.266
16420000085286,49.0,50,3,0.98
16420000085288,31.0,20,4,1.55
16420000085293,30.0,50,5,0.6
16420000085296,27.8,50,6,0.556
16420000085551,29.0,50,5,0.58
16420000085562,51.0,60,4,0.85
16420000085564,49.0,50,6,0.98
16420000085571,48.0,50,4,0.96
16420000085577,26.0,50,2,0.52
16420000085580,28.5,50,6,0.57
16420000085582,35.0,19,2,1.842
16420000085588,31.0,18,2,1.722
16420000085589,39.0,50,4,0.78
16420000085593,21.04,50,4,0.421
16420000085595,34.0,50,5,0.68
16420000085637,13.0,50,6,0.26
16420000085647,39.2,50,6,0.784
16420000085650,42.459999999999994,30,6,1.415
16420000085655,31.0,50,6,0.62
16420000085656,32.0,50,6,0.64
16420000085666,57.044999999999995,50,4,1.141
16420000085667,33.92,50,4,0.678
16420000085668,44.0,30,4,1.467
16420000085672,6.5,50,6,0.13
16420000085673,40.0,50,2,0.8
16420000085674,53.0,60,2,0.883
16420000085678,29.914999999999996,50,3,0.598
16420000085684,28.0,50,6,0.56
16420000085686,33.91,50,5,0.678
16420000085687,57.0,50,2,1.14
16420000085689,40.33,30,4,1.344
16420000085690,90.0,50,2,1.8
16420000085695,56.4,50,2,1.128
16420000085698,47.0,50,3,0.94
16420000085700,37.0,50,3,0.74
16420000085701,44.0,50,4,0.88
16420000085702,47.0,50,4,0.94
16420000085703,44.0,50,5,0.88
16420000085704,53.0,50,2,1.06
16420000085706,36.0,24,2,1.5
16420000085820,57.0,50,4,1.14
16420000085821,37.0,50,3,0.74
16420000085825,38.0,50,4,0.76
16420000085830,41.4,50,6,0.828
16420000085840,46.0,50,6,0.92
16420000085939,36.2,50,3,0.724
16420000085942,25.244999999999997,50,6,0.505
16420000085980,17.0,30,6,0.567
16420000085981,52.0,50,2,1.04
16420000085985,58.75,50,3,1.175
16420000085987,56.724999999999966,50,3,1.134
16420000085988,29.0,50,3,0.58
16420000085991,37.64,50,4,0.753
16420000085992,47.3,50,4,0.946
16420000085993,46.0,50,5,0.92
16420000085996,25.0,50,6,0.5
16420000086004,37.0,50,6,0.74
16420000086006,38.0,50,6,0.76
16420000086020,21.0,50,5,0.42
16420000086021,26.0,50,5,0.52
16420000086120,39.0,50,2,0.78
16420000086122,43.0,50,4,0.86
16420000086126,33.0,50,6,0.66
16420000086129,24.0,50,5,0.48
16420000086130,58.85999999999999,30,2,1.962
16420000086131,31.0,50,5,0.62
16420000086132,25.0,50,5,0.5
16420000086134,30.0,28,4,1.071
16420000086135,26.0,30,5,0.867
16420000086136,14.0,50,6,0.28
16420000086137,34.0,50,3,0.68
16420000086683,29.0,30,6,0.967
16420000086685,50.0,50,6,1.0
16420000086693,44.04,50,5,0.881
16420000086701,28.87,30,6,0.962
16420000086824,28.0,50,4,0.56
16420000086975,40.4,50,6,0.808
16420000086978,31.299999999999997,30,6,1.043
16420000086988,24.76,30,6,0.825
16420000086994,44.0,50,6,0.88
16420000086999,34.0,50,6,0.68
16420000087002,37.0,40,6,0.925
16420000087010,36.6,50,6,0.732
16420000087025,42.0,30,6,1.4
16420000087029,30.0,50,6,0.6
16420000087037,38.980000000000004,50,6,0.78
16420000087038,39.285,50,5,0.786
16420000087040,39.210000000000015,50,2,0.784
16420000087046,39.1,50,4,0.782
16420000087053,27.0,50,4,0.54
16420000087055,39.38,50,6,0.788
16420000087059,42.0,50,6,0.84
16420000087089,57.0,30,2,1.9
16420000087093,47.615,50,4,0.952
16420000087106,51.0,60,2,0.85
16420000087117,38.0,50,4,0.76
16420000087130,28.0,30,6,0.933
16420000087132,52.79499999999999,50,3,1.056
16420000087138,36.0,30,6,1.2
16420000087148,31.5,50,2,0.63
16420000087149,14.0,50,6,0.28
16420000087150,25.0,30,6,0.833
16420000087152,38.0,50,3,0.76
16420000087156,53.4,50,2,1.068
16420000087160,48.0,60,2,0.8
16420000087163,46.0,50,2,0.92
16420000087164,52.0,50,2,1.04
16420000087165,52.044999999999995,50,3,1.041
16420000087177,66.825,50,4,1.336
16420000087182,30.0,50,6,0.6
16420000087186,35.0,30,6,1.167
16420000087201,38.1,30,4,1.27
16420000087225,34.0,50,4,0.68
16420000087246,64.0,50,3,1.28
16420000087254,54.0,50,4,1.08
16420000087255,33.379999999999995,50,6,0.668
16420000087256,62.0,50,2,1.24
16420000087257,32.904999999999994,50,6,0.658
16420000087261,25.869999999999997,50,6,0.517
16420000087281,48.0,50,4,0.96
16420000087287,26.0,30,6,0.867
16420000087290,21.0,50,4,0.42
16420000087295,47.015,50,4,0.94
16420000087296,35.0,50,6,0.7
16420000087300,32.0,50,6,0.64
16420000087301,38.155,50,5,0.763
16420000087306,44.26999999999999,30,2,1.476
16420000087309,33.0,50,6,0.66
16420000087318,33.0,30,6,1.1
16420000087343,24.0,50,6,0.48
16420000087346,17.7,50,2,0.354
16420000087347,32.0,50,2,0.64
16420000087357,40.0,50,5,0.8
16420000087359,45.0,30,2,1.5
16420000087362,33.145,50,6,0.663
16420000087369,22.0,30,6,0.733
16420000087373,36.0,50,6,0.72
16420000087375,66.11999999999999,50,4,1.322
16420000087394,39.73,50,3,0.795
16420000087396,34.0,50,2,0.68
16420000087399,38.0,50,4,0.76
16420000087401,46.0,50,4,0.92
16420000087402,55.0,50,4,1.1
16420000087404,53.0,50,2,1.06
16420000087405,43.0,60,2,0.717
16420000087408,52.0,60,2,0.867
16420000087430,21.2,50,6,0.424
16420000087433,42.0,30,6,1.4
16420000087437,37.0,50,5,0.74
16420000087441,44.0,50,5,0.88
16420000087446,42.0,50,6,0.84
16420000087448,29.240000000000002,30,5,0.975
16420000087449,45.49,50,6,0.91
16420000087456,67.85000000000001,50,3,1.357
16420000087459,51.089999999999996,50,6,1.022
16420000087462,35.5,50,2,0.71
16420000087465,43.0,50,5,0.86
16420000087506,29.25,50,6,0.585
16420000087625,49.599999999999994,50,6,0.992
16420000087635,56.8,60,2,0.947
16420000087641,40.915,50,5,0.818
16420000087643,55.015,50,3,1.1
16420000087645,34.4,30,6,1.147
16420000087660,43.0,50,2,0.86
16420000087662,57.0,50,3,1.14
16420000087670,32.0,50,4,0.64
16420000087672,38.0,50,4,0.76
16420000087678,54.30500000000001,50,2,1.086
16420000087679,46.0,50,2,0.92
16420000087683,46.83999999999999,50,3,0.937
16420000087686,28.0,30,6,0.933
16420000087687,31.95,30,6,1.065
16420000087695,59.0,50,4,1.18
16420000087698,31.0,30,6,1.033
16420000087797,37.0,40,6,0.925
16420000087800,27.519999999999992,50,6,0.55
16420000087805,27.0,30,6,0.9
16420000087808,23.0,50,6,0.46
16420000087813,49.0,50,2,0.98
16420000087816,45.0,50,4,0.9
16420000087817,25.75,50,6,0.515
16420000087818,51.0,50,2,1.02
16420000087825,57.0,50,2,1.14
16420000087828,26.4,50,5,0.528
16420000087829,36.0,50,3,0.72
16420000087833,51.62,50,4,1.032
16420000087836,25.049999999999983,50,6,0.501
16420000087837,32.7,60,4,0.545
16420000087839,31.0,50,6,0.62
16420000087841,60.0,50,3,1.2
16420000087843,37.43,50,5,0.749
16420000087850,52.0,50,2,1.04
16420000087854,27.4,50,6,0.548
16420000087856,56.835,60,2,0.947
16420000087858,48.0,50,4,0.96
16420000087865,33.0,50,6,0.66
16420000087869,40.32999999999999,50,6,0.807
16420000087870,49.0,50,4,0.98
16420000087871,71.435,40,2,1.786
16420000087983,34.45,50,6,0.689
16420000087990,23.0,50,6,0.46
16420000088001,54.6,50,2,1.092
16420000088240,33.91,50,3,0.678
16420000088341,37.0,26,2,1.423
16420000088344,38.1,50,2,0.762
16420000088345,53.855,50,2,1.077
16420000088348,32.3,18,2,1.794
16420000088363,39.0,50,3,0.78
16420000088364,54.5,50,2,1.09
16420000088365,32.0,50,2,0.64
16420000088374,48.16,50,5,0.963
16420000088378,45.0,50,6,0.9
16420000088379,67.12,50,4,1.342
16420000088381,47.5,50,3,0.95
16420000088386,23.0,30,4,0.767
16420000088387,18.0,50,6,0.36
16420000088391,35.0,30,6,1.167
16420000088412,41.79999999999999,30,6,1.393
16420000088415,41.0,50,5,0.82
16420000088457,53.69499999999999,50,3,1.074
16420000088460,44.55,50,6,0.891
16420000088486,45.0,30,4,1.5
16420000088488,36.0,50,5,0.72
16420000088507,34.04,50,6,0.681
16420000088580,45.0,60,2,0.75
16420000088594,40.0,50,5,0.8
16420000088639,22.4,50,6,0.448
16420000088640,58.0,50,3,1.16
16420000088643,38.565,30,6,1.285
16420000088648,41.0,50,6,0.82
16420000088649,58.0,50,4,1.16
16420000088651,27.0,30,5,0.9
16420000088653,10.0,50,6,0.2
16420000088657,58.0,50,2,1.16
16420000088659,65.0,50,2,1.3
16420000088661,45.0,40,2,1.125
16420000088663,54.0,60,4,0.9
16420000088664,46.0,50,4,0.92
16420000088665,47.72,50,6,0.954
16420000088667,25.5,50,3,0.51
16420000088669,34.12,30,4,1.137
16420000088675,52.0,50,2,1.04
16420000088678,41.0,50,6,0.82
16420000088695,26.0,60,2,0.433
16420000088696,46.0,60,2,0.767
16420000088697,34.575,50,6,0.692
16420000088701,36.129999999999995,50,4,0.723
16420000088703,44.0,50,4,0.88
16420000088710,34.0,70,1,0.486
16420000088727,25.0,50,6,0.5
16420000088728,44.4,50,5,0.888
16420000088730,24.16,30,6,0.805
16420000088731,16.0,60,2,0.267
16420000088773,43.599999999999994,50,6,0.872
16420000088822,24.59,30,6,0.82
16420000088836,59.1,50,4,1.182
16420000088884,39.0,60,2,0.65
16420000088903,25.25,50,6,0.505
16420000088931,30.0,50,4,0.6
16420000088937,36.11999999999999,50,6,0.722
16420000088939,29.0,50,6,0.58
16420000088946,39.24,50,5,0.785
16420000088959,26.0,30,6,0.867
16420000088964,36.275000000000006,50,6,0.726
16420000088965,41.0,50,6,0.82
16420000088968,53.3,50,5,1.066
16420000088991,45.0,50,4,0.9
16420000088992,28.0,50,4,0.56
16420000088997,16.0,50,6,0.32
16420000089031,40.4,50,6,0.808
16420000089037,43.3,50,3,0.866
16420000089038,31.75,50,6,0.635
16420000089039,33.36,50,6,0.667
16420000089048,26.0,50,5,0.52
16420000089049,13.0,50,4,0.26
16420000089083,43.0,50,2,0.86
16420000089084,55.0,50,3,1.1
16420000089088,46.0,50,4,0.92
16420000089091,49.150000000000006,50,4,0.983
16420000089093,45.0,30,5,1.5
16420000089118,30.0,30,6,1.0
16420000089119,36.0,50,4,0.72
16420000089122,37.5,30,6,1.25
16420000089123,58.0,60,2,0.967
16420000089129,29.95,30,6,0.998
16420000089130,31.7,30,6,1.057
16420000089137,26.0,18,2,1.444
16420000089142,42.4,50,2,0.848
16420000089167,53.6,30,2,1.787
16420000089168,50.0,50,4,1.0
16420000089170,31.05,50,6,0.621
16420000089172,60.0,60,2,1.0
16420000089175,37.4,30,6,1.247
16420000089181,48.0,50,6,0.96
16420000089184,25.0,30,4,0.833
16420000089194,55.3,60,4,0.922
16420000089203,60.669999999999995,50,4,1.213
16420000089236,60.6,50,2,1.212
16420000089238,54.0,50,4,1.08
16420000089301,63.0,50,4,1.26
16420000089308,52.0,50,3,1.04
16420000089314,45.0,50,6,0.9
16420000089315,31.57999999999999,50,6,0.632
16420000089316,39.0,30,6,1.3
16420000089318,35.0,50,5,0.7
16420000089319,35.68,30,6,1.189
16420000089324,36.0,50,5,0.72
16420000089329,41.26,50,6,0.825
16420000089337,28.299999999999994,30,6,0.943
16420000089373,24.0,50,2,0.48
16420000089374,39.0,30,4,1.3
16420000089375,50.0,50,4,1.0
16420000089376,53.03000000000001,50,3,1.061
16420000089398,31.0,50,6,0.62
16420000089399,41.54,50,4,0.831
16420000089403,28.0,50,6,0.56
16420000089443,38.0,30,6,1.267
16420000089444,37.575,50,4,0.752
16420000089486,48.0,30,4,1.6
16420000089487,41.779999999999994,50,6,0.836
16420000089492,54.0,50,5,1.08
16420000089500,45.17,50,5,0.903
16420000089501,27.240000000000002,30,6,0.908
16420000089564,29.0,18,2,1.611
16420000089568,35.0,60,3,0.583
16420000089572,47.0,50,2,0.94
16420000089578,55.0,50,4,1.1
16420000089579,57.0,50,4,1.14
16420000089582,33.179999999999986,50,6,0.664
16420000089589,57.0,50,2,1.14
16420000089590,37.0,50,4,0.74
16420000089591,70.67,40,2,1.767
16420000089594,30.0,50,6,0.6
16420000089595,31.05,50,3,0.621
16420000089596,33.0,30,6,1.1
16420000089598,45.9,50,3,0.918
16420000089605,35.0,50,4,0.7
16420000089607,45.0,50,5,0.9
16420000089636,50.915,60,2,0.849
16420000089637,52.0,50,2,1.04
16420000089638,67.0,50,3,1.34
16420000089643,24.0,50,3,0.48
16420000089644,47.31,50,2,0.946
16420000089691,47.0,30,6,1.567
16420000089694,44.0,50,6,0.88
16420000089695,22.1,50,6,0.442
16420000089698,27.0,30,6,0.9
16420000089716,57.0,50,2,1.14
16420000089717,30.0,30,6,1.0
16420000089724,45.0,50,4,0.9
16420000089729,36.8,50,6,0.736
16420000089730,51.0,50,2,1.02
16420000089731,28.5,50,6,0.57
16420000089732,50.57000000000001,50,3,1.011
16420000089734,63.0,60,2,1.05
16420000089735,63.0,60,2,1.05
16420000089739,51.0,50,4,1.02
16420000089740,54.86499999999999,60,2,0.914
16420000089742,41.0,50,4,0.82
16420000089745,51.6,60,2,0.86
16420000089751,39.85999999999999,50,5,0.797
16420000089752,33.0,50,6,0.66
16420000089756,18.004999999999995,50,4,0.36
16420000089757,40.0,50,6,0.8
16420000089761,33.0,50,6,0.66
16420000089781,51.035,50,5,1.021
16420000089782,62.4,60,2,1.04
16420000089784,29.4,50,6,0.588
16420000089787,22.0,50,6,0.44
16420000089792,48.7,50,4,0.974
16420000089807,31.0,50,6,0.62
16420000089816,41.83,30,6,1.394
16420000089817,39.0,50,4,0.78
16420000089819,47.6,50,5,0.952
16420000089821,31.0,50,6,0.62
16420000089824,58.96,50,3,1.179
16420000089827,27.8,30,6,0.927
16420000089828,22.0,50,6,0.44
16420000089834,37.0,50,6,0.74
16420000089839,48.0,50,5,0.96
16420000089840,55.0,50,5,1.1
16420000089844,19.0,50,6,0.38
16420000089846,49.0,50,5,0.98
16420000089851,36.0,50,6,0.72
16420000089857,37.0,50,6,0.74
16420000089865,31.0,30,6,1.033
16420000089866,40.75,50,6,0.815
16420000089867,21.0,50,6,0.42
16420000089869,44.0,30,6,1.467
16420000089922,30.475,50,6,0.61
16420000089928,47.68,50,2,0.954
16420000089931,26.0,50,2,0.52
16420000089935,40.07999999999999,50,6,0.802
16420000089938,32.559999999999995,50,3,0.651
16420000089939,43.849999999999994,50,6,0.877
16420000089940,30.53999999999999,50,2,0.611
16420000089944,53.0,50,2,1.06
16420000089952,63.0,50,2,1.26
16420000089965,38.739999999999995,30,6,1.291
16420000089967,38.0,30,6,1.267
16420000089972,30.0,30,5,1.0
16420000089982,25.0,30,5,0.833
16420000089989,66.0,50,2,1.32
16420000090025,64.0,50,4,1.28
16420000090041,37.97,50,6,0.759
16420000090083,36.25,50,2,0.725
16420000090085,54.0,50,3,1.08
16420000090087,68.0,50,2,1.36
16420000090088,48.5,50,3,0.97
16420000090089,55.0,50,2,1.1
16420000090090,28.0,50,4,0.56
16420000090093,23.4,50,6,0.468
16420000090094,46.0,50,5,0.92
16420000090178,14.0,50,6,0.28
16420000090185,50.0,50,3,1.0
16420000090195,39.0,30,6,1.3
16420000090223,27.0,50,5,0.54
16420000090224,36.0,50,6,0.72
16420000090225,38.0,50,4,0.76
16420000090257,58.025,30,4,1.934
16420000090258,58.0,50,4,1.16
16420000090261,49.5,60,2,0.825
16420000090262,57.85,60,2,0.964
16420000090265,46.0,50,2,0.92
16420000090266,50.0,60,2,0.833
16420000090267,57.0,50,2,1.14
16420000090269,67.0,50,3,1.34
16420000090270,33.0,40,4,0.825
16420000090385,49.0,50,4,0.98
16420000090390,58.0,60,2,0.967
16420000090393,39.235,50,4,0.785
16420000090409,46.7,50,5,0.934
16420000090413,47.0,50,6,0.94
16420000090429,46.075,50,2,0.922
16420000090430,45.0,50,4,0.9
16420000090431,60.34500000000001,50,2,1.207
16420000090434,47.85999999999999,50,3,0.957
16420000090464,46.0,50,5,0.92
16420000090466,40.6,50,6,0.812
16420000090469,49.3,50,4,0.986
16420000090471,37.0,50,4,0.74
16420000090475,19.0,50,6,0.38
16420000090486,36.47,50,6,0.729
16420000090490,51.510000000000005,50,4,1.03
16420000090492,47.0,50,2,0.94
16420000090493,35.55,50,6,0.711
16420000090496,35.0,30,6,1.167
16420000090502,50.6,60,2,0.843
16420000090503,46.0,50,4,0.92
16420000090506,27.0,50,4,0.54
16420000090509,65.74,50,4,1.315
16420000090510,42.5,50,4,0.85
16420000090511,59.5,50,3,1.19
16420000090518,41.0,30,6,1.367
16420000090521,46.0,50,6,0.92
16420000090526,63.0,50,3,1.26
16420000090527,52.935,50,2,1.059
16420000090536,45.0,50,6,0.9
16420000090538,35.0,50,6,0.7
16420000090540,24.0,50,6,0.48
16420000090546,47.0,50,5,0.94
16420000090551,47.0,50,5,0.94
16420000090586,57.849999999999994,50,4,1.157
16420000090587,53.975,50,4,1.08
16420000090589,79.17,50,2,1.583
16420000090592,67.0,50,2,1.34
16420000090594,47.0,60,2,0.783
16420000090595,59.0,50,2,1.18
16420000090597,29.0,60,4,0.483
16420000090598,41.0,50,4,0.82
16420000090599,26.610000000000003,50,4,0.532
16420000090602,47.0,50,3,0.94
16420000090680,44.0,50,3,0.88
16420000090685,24.0,50,3,0.48
16420000090686,59.0,50,2,1.18
16420000090687,43.0,50,4,0.86
16420000090689,25.0,50,6,0.5
16420000090690,43.910000000000004,60,2,0.732
16420000090692,39.0,21,2,1.857
16420000090693,39.0,50,2,0.78
16420000090695,43.0,50,4,0.86
16420000090697,37.925,50,2,0.758
16420000090741,43.0,50,5,0.86
16420000090745,22.9,50,6,0.458
16420000090746,40.0,50,6,0.8
16420000090747,54.085,60,4,0.901
16420000090803,32.2,30,6,1.073
16420000090809,42.84,50,6,0.857
16420000090811,43.0,30,6,1.433
16420000090819,38.89,50,6,0.778
16420000090827,50.49499999999999,50,4,1.01
16420000090829,29.05,50,2,0.581
16420000090834,51.8,50,3,1.036
16420000090835,29.0,50,2,0.58
16420000090837,34.30000000000001,50,6,0.686
16420000090838,37.055,50,2,0.741
16420000090891,64.125,50,4,1.282
16420000090894,24.049999999999997,30,6,0.802
16420000090897,52.0,30,4,1.733
16420000090914,23.089999999999996,18,5,1.283
16420000090948,27.0,60,2,0.45
16420000090950,52.0,60,4,0.867
16420000090988,29.0,30,6,0.967
16420000090995,24.0,50,6,0.48
16420000091006,39.0,50,4,0.78
16420000091007,50.039999999999985,50,2,1.001
16420000091009,54.9,50,4,1.098
16420000091011,49.579999999999984,50,2,0.992
16420000091012,46.0,50,2,0.92
16420000091014,54.0,50,2,1.08
16420000091015,29.0,30,5,0.967
16420000091016,51.0,50,2,1.02
16420000091017,61.0,50,2,1.22
16420000091025,33.605,50,2,0.672
16420000091026,39.0,50,2,0.78
16420000091028,22.35,50,6,0.447
16420000091029,28.739999999999988,50,5,0.575
16420000091030,48.0,50,2,0.96
16420000091034,60.635000000000005,50,2,1.213
16420000091035,31.0,50,4,0.62
16420000091037,16.0,50,6,0.32
16420000091039,18.549999999999997,50,6,0.371
16420000091042,34.4,50,5,0.688
16420000091044,47.349999999999994,50,5,0.947
16420000091068,40.2,30,6,1.34
16420000091071,53.0,50,3,1.06
16420000091076,31.0,50,5,0.62
16420000091077,31.1,50,3,0.622
16420000091079,14.0,50,6,0.28
16420000091099,43.4,50,5,0.868
16420000091100,52.0,50,4,1.04
16420000091102,48.0,50,2,0.96
16420000091103,30.0,30,6,1.0
16420000091106,35.0,30,6,1.167
16420000091108,60.0,50,2,1.2
16420000091138,33.0,50,4,0.66
16420000091140,28.0,50,6,0.56
16420000091146,53.6,30,3,1.787
16420000091148,51.7,50,5,1.034
16420000091151,46.0,50,6,0.92
16420000091154,32.0,50,6,0.64
16420000091155,36.0,50,4,0.72
16420000091188,24.0,18,2,1.333
16420000091191,46.335,60,2,0.772
16420000091197,41.8,50,6,0.836
16420000091198,51.0,30,4,1.7
16420000091217,49.02999999999999,30,6,1.634
16420000091221,27.0,30,6,0.9
16420000091231,16.0,30,6,0.533
16420000091232,48.0,30,4,1.6
16420000091248,43.0,50,5,0.86
16420000091254,34.87,50,6,0.697
16420000091256,41.3,50,4,0.826
16420000091258,48.5,50,3,0.97
16420000091259,52.0,50,3,1.04
16420000091260,23.0,50,6,0.46
16420000091261,66.075,50,4,1.322
16420000091280,53.0,30,4,1.767
16420000091283,31.0,30,4,1.033
16420000091287,47.0,50,2,0.94
16420000091296,52.0,30,4,1.733
16420000091299,42.0,50,4,0.84
16420000091315,25.475,50,6,0.51
16420000091330,49.2,50,4,0.984
16420000091334,69.0,50,2,1.38
16420000091335,43.0,60,2,0.717
16420000091337,57.0,60,3,0.95
16420000091339,65.0,50,4,1.3
16420000091342,57.0,50,2,1.14
16420000091344,54.0,60,2,0.9
16420000091346,46.0,50,2,0.92
16420000091347,61.0,60,2,1.017
16420000091382,27.0,50,6,0.54
16420000091398,33.0,50,6,0.66
16420000091399,44.5,50,6,0.89
16420000091400,48.0,50,3,0.96
16420000091413,48.0,50,2,0.96
16420000091416,38.28999999999999,30,6,1.276
16420000091417,54.0,50,4,1.08
16420000091418,52.0,50,4,1.04
16420000091431,66.6,50,4,1.332
16420000091435,48.0,50,5,0.96
16420000091450,27.0,30,6,0.9
16420000091483,29.0,30,4,0.967
16420000091484,37.0,50,4,0.74
16420000091495,42.0,60,2,0.7
16420000091496,62.0,50,2,1.24
16420000091501,23.19,60,6,0.386
16420000091503,41.0,50,6,0.82
16420000091504,32.0,50,5,0.64
16420000091547,40.5,50,5,0.81
16420000091564,63.0,50,2,1.26
16420000091656,42.0,50,3,0.84
16420000091660,37.2,30,6,1.24
16420000091665,60.0,50,2,1.2
16420000091668,43.169999999999995,30,6,1.439
16420000091671,26.8,50,4,0.536
16420000091685,33.0,50,6,0.66
16420000091689,55.0,50,3,1.1
16420000091690,34.0,60,4,0.567
16420000091691,54.0,50,3,1.08
16420000091692,58.0,60,2,0.967
16420000091694,72.9,60,2,1.215
16420000091695,32.67999999999999,50,5,0.654
16420000091696,48.0,50,5,0.96
16420000091704,48.0,50,2,0.96
16420000091710,51.18000000000001,50,3,1.024
16420000091712,8.204999999999998,50,3,0.164
16420000091713,38.0,50,2,0.76
16420000091715,27.0,50,6,0.54
16420000091716,55.8,30,5,1.86
16420000091717,35.0,50,4,0.7
16420000091720,21.0,50,6,0.42
16420000091729,40.0,50,6,0.8
16420000091731,37.0,50,4,0.74
16420000091732,42.0,50,4,0.84
16420000091782,37.0,50,6,0.74
16420000091786,13.0,50,6,0.26
16420000091790,24.284999999999982,30,6,0.809
16420000091810,58.0,50,3,1.16
16420000091811,27.0,50,2,0.54
16420000091812,34.2,50,4,0.684
16420000091813,37.0,50,4,0.74
16420000091815,24.0,50,5,0.48
16420000091822,63.0,50,4,1.26
16420000091823,30.0,50,6,0.6
16420000091837,40.0,40,4,1.0
16420000091839,27.0,50,6,0.54
16420000091841,36.875,30,4,1.229
16420000091880,36.0,50,2,0.72
16420000091884,38.0,50,6,0.76
16420000091889,29.0,50,5,0.58
16420000091912,36.14,50,6,0.723
16420000091915,35.82,30,6,1.194
16420000091918,43.02,50,6,0.86
16420000091922,49.0,50,6,0.98
16420000091941,13.0,30,6,0.433
16420000091946,40.0,30,5,1.333
16420000091948,49.0,50,4,0.98
16420000091953,51.75,50,2,1.035
16420000091959,37.279999999999994,40,4,0.932
16420000091966,46.0,50,4,0.92
16420000091972,24.1,50,6,0.482
16420000091976,36.55,50,6,0.731
16420000091978,48.0,60,2,0.8
16420000091979,59.58999999999998,50,3,1.192
16420000091980,43.0,50,5,0.86
16420000091981,24.320000000000004,50,5,0.486
16420000091983,35.0,50,5,0.7
16420000091998,45.0,40,4,1.125
16420000092001,28.0,50,4,0.56
16420000092003,46.57000000000001,50,2,0.931
16420000092019,50.0,60,2,0.833
16420000092029,46.58999999999999,50,2,0.932
16420000092032,48.42999999999999,30,4,1.614
16420000092038,53.015,50,2,1.06
16420000092040,62.0,50,2,1.24
16420000092045,29.0,50,5,0.58
16420000092050,31.0,50,3,0.62
16420000092051,49.0,50,4,0.98
16420000092056,55.0,60,2,0.917
16420000092057,55.0,60,2,0.917
16420000092068,20.349999999999998,50,6,0.407
16420000092072,31.2,50,6,0.624
16420000092075,32.5,30,6,1.083
16420000092077,41.0,50,6,0.82
16420000092094,46.0,50,5,0.92
16420000092104,21.0,50,5,0.42
16420000092113,43.0,30,6,1.433
16420000092116,26.099999999999994,30,6,0.87
16420000092121,42.0,50,4,0.84
16420000092122,45.0,50,6,0.9
16420000092127,48.0,50,3,0.96
16420000092146,23.23,30,6,0.774
16420000092149,50.425,50,4,1.008
16420000092153,27.5,50,6,0.55
16420000092180,24.0,50,5,0.48
16420000092191,57.8,50,2,1.156
16420000092193,30.335,30,1,1.011
16420000092195,48.5,60,2,0.808
16420000092204,60.0,50,3,1.2
16420000092208,39.599999999999994,50,6,0.792
16420000092209,44.19,30,6,1.473
16420000092210,26.299999999999997,50,6,0.526
16420000092218,46.0,50,5,0.92
16420000092248,35.0,50,3,0.7
16420000092249,45.5,50,2,0.91
16420000092250,62.75,50,4,1.255
16420000092253,31.0,30,5,1.033
16420000092264,54.54,50,2,1.091
16420000092267,32.0,50,6,0.64
16420000092268,51.955,50,4,1.039
16420000092283,24.0,30,6,0.8
16420000092293,56.5,50,3,1.13
16420000092297,38.0,50,4,0.76
16420000092299,55.0,60,2,0.917
16420000092406,35.0,50,4,0.7
16420000092438,56.0,60,2,0.933
16420000092449,25.0,50,4,0.5
16420000092451,60.26,50,4,1.205
16420000092454,48.0,50,4,0.96
16420000092494,59.0,50,3,1.18
16420000092495,76.0,50,2,1.52
16420000092505,33.6,27,4,1.244
16420000092509,52.0,60,2,0.867
16420000092510,53.9,60,2,0.898
16420000092511,53.7,50,2,1.074
16420000092512,47.0,50,3,0.94
16420000092514,57.0,30,2,1.9
16420000092530,30.0,30,6,1.0
16420000092535,57.0,50,3,1.14
16420000092539,56.9,50,2,1.138
16420000092543,38.0,50,4,0.76
16420000092546,48.0,50,4,0.96
16420000092555,30.0,50,6,0.6
16420000092556,46.93999999999998,40,4,1.173
16420000092557,22.0,50,6,0.44
16420000092572,31.0,50,6,0.62
16420000092575,58.0,60,2,0.967
16420000092577,29.0,50,5,0.58
16420000092578,89.0,50,2,1.78
16420000092582,79.0,50,2,1.58
16420000092583,52.525,60,2,0.875
16420000092586,54.8,50,4,1.096
16420000092587,55.0,60,2,0.917
16420000092589,61.0,50,2,1.22
16420000092590,57.0,60,2,0.95
16420000092594,55.0,50,2,1.1
16420000092595,56.2,60,2,0.937
16420000092597,55.0,50,3,1.1
16420000092598,55.0,50,4,1.1
16420000092619,62.0,30,2,2.067
16420000092622,18.439999999999998,50,6,0.369
16420000092623,46.0,50,4,0.92
16420000092624,44.0,60,2,0.733
16420000092689,76.0,40,2,1.9
16420000092714,75.0,50,2,1.5
16420000092718,42.969999999999956,50,3,0.859
16420000092723,22.0,50,4,0.44
16420000092748,41.87,40,4,1.047
16420000092776,38.925,30,6,1.297
16420000092823,27.0,50,2,0.54
16420000092826,33.0,50,6,0.66
16420000092828,60.0,50,2,1.2
16420000092829,33.0,50,6,0.66
16420000092834,31.0,25,2,1.24
16420000092837,33.349999999999994,50,2,0.667
16420000092839,21.0,50,6,0.42
16420000092840,32.0,60,3,0.533
16420000092842,56.0,50,2,1.12
16420000092845,53.0,30,3,1.767
16420000092849,47.0,50,5,0.94
16420000092850,61.7,50,2,1.234
16420000092853,25.0,50,5,0.5
16420000092854,54.5,50,4,1.09
16420000092857,44.0,50,5,0.88
16420000092860,56.0,50,2,1.12
16420000092866,23.0,30,6,0.767
16420000092868,65.895,50,4,1.318
16420000092870,30.0,50,6,0.6
16420000092871,59.055,50,2,1.181
16420000092873,34.38999999999999,50,2,0.688
16420000092877,22.0,50,3,0.44
16420000092880,89.0,50,2,1.78
16420000092908,40.0,50,6,0.8
16420000092911,32.45,50,2,0.649
16420000092914,37.0,50,6,0.74
16420000092916,32.47,50,6,0.649
16420000092924,56.2,30,2,1.873
16420000092947,34.88,30,6,1.163
16420000092949,35.015,30,6,1.167
16420000092958,34.0,30,6,1.133
16420000093066,35.0,60,2,0.583
16420000093069,48.495,50,2,0.97
16420000093075,51.0,50,2,1.02
16420000093076,61.349999999999994,50,2,1.227
16420000093079,41.724999999999994,50,5,0.834
16420000093082,52.0,50,4,1.04
16420000093125,24.0,30,6,0.8
16420000093131,36.26499999999999,50,4,0.725
16420000093135,63.09499999999999,50,2,1.262
16420000093136,53.1,60,4,0.885
16420000093140,52.0,50,5,1.04
16420000093143,19.880000000000003,50,6,0.398
16420000093164,42.0,50,5,0.84
16420000093165,40.01,50,6,0.8
16420000093166,30.869999999999997,50,4,0.617
16420000093169,30.0,50,6,0.6
16420000093171,28.0,50,5,0.56
16420000093174,29.369999999999997,30,6,0.979
16420000093175,46.94499999999999,50,4,0.939
16420000093176,41.0,60,2,0.683
16420000093200,23.0,50,6,0.46
16420000093205,43.0,50,2,0.86
16420000093217,25.38,50,3,0.508
16420000093227,43.7,50,6,0.874
16420000093230,43.09,30,6,1.436
16420000093231,33.0,50,3,0.66
16420000093233,27.6,24,4,1.15
16420000093251,31.560000000000002,50,4,0.631
16420000093266,46.25,50,2,0.925
16420000093294,42.24,50,6,0.845
16420000093382,38.8,50,6,0.776
16420000093387,34.15,30,5,1.138
16420000093390,39.26,50,6,0.785
16420000093395,48.515,30,6,1.617
16420000093402,58.0,60,2,0.967
16420000093463,28.2,50,6,0.564
16420000093467,22.0,50,6,0.44
16420000093470,32.0,50,4,0.64
16420000093474,47.0,50,6,0.94
16420000093475,54.0,50,4,1.08
16420000093477,57.5,50,2,1.15
16420000093481,44.794999999999995,60,2,0.747
16420000093487,57.650000000000006,50,3,1.153
16420000093492,40.0,50,4,0.8
16420000093494,31.0,50,5,0.62
16420000093496,46.0,50,2,0.92
16420000093499,23.964999999999993,30,4,0.799
16420000093502,30.0,40,4,0.75
16420000093506,23.694999999999997,50,4,0.474
16420000093508,43.06999999999998,50,4,0.861
16420000093515,58.235,60,4,0.971
16420000093520,28.0,30,6,0.933
16420000093576,47.0,50,3,0.94
16420000093577,27.0,50,6,0.54
16420000093578,41.0,50,6,0.82
16420000093579,23.0,30,6,0.767
16420000093583,56.0,50,3,1.12
16420000093585,67.0,50,3,1.34
16420000093586,52.0,50,3,1.04
16420000093587,34.0,50,4,0.68
16420000093588,72.0,40,2,1.8
16420000093590,51.95499999999999,50,5,1.039
16420000093591,72.0,60,2,1.2
16420000093607,61.709999999999994,50,4,1.234
16420000093614,51.0,50,4,1.02
16420000093621,42.425,50,6,0.848
16420000093655,34.0,50,6,0.68
16420000093683,41.9,50,4,0.838
16420000093689,52.300000000000004,90,4,0.581
16420000093691,59.0,50,2,1.18
16420000093692,28.209999999999997,30,6,0.94
16420000093698,35.864999999999995,50,6,0.717
16420000093720,33.0,50,6,0.66
16420000093750,55.95499999999999,50,6,1.119
16420000093755,57.0,60,2,0.95
16420000093763,50.5,50,4,1.01
16420000093774,58.0,30,4,1.933
16420000093789,41.8,30,5,1.393
16420000093827,24.35,50,6,0.487
16420000093857,49.0,50,2,0.98
16420000093908,43.53,50,4,0.871
16420000093977,33.05,27,4,1.224
16420000094008,34.0,50,2,0.68
16420000094039,44.934999999999995,50,6,0.899
16420000094041,45.0,50,5,0.9
16420000094053,43.0,50,6,0.86
16420000094055,58.0,50,3,1.16
16420000094056,30.0,50,6,0.6
16420000094058,27.6,50,6,0.552
16420000094062,63.0,50,3,1.26
16420000094067,19.075,50,6,0.382
16420000094068,25.0,60,2,0.417
16420000094072,33.0,50,2,0.66
16420000094073,54.0,50,2,1.08
16420000094089,33.44,30,6,1.115
16420000094102,54.0,50,4,1.08
16420000094112,46.0,50,5,0.92
16420000094114,39.0,50,4,0.78
16420000094216,41.434999999999995,50,4,0.829
16420000094218,11.55,50,6,0.231
16420000094219,44.96,50,4,0.899
16420000094225,57.0,30,2,1.9
16420000094226,55.4,50,2,1.108
16420000094227,16.0,60,2,0.267
16420000094228,44.0,50,2,0.88
16420000094229,55.0,60,2,0.917
16420000094231,38.0,50,2,0.76
16420000094232,51.0,50,2,1.02
16420000094233,48.0,50,3,0.96
16420000094234,51.0,60,2,0.85
16420000094261,22.285,30,6,0.743
16420000094262,38.6,50,6,0.772
16420000094265,27.0,50,4,0.54
16420000094267,50.72999999999999,30,4,1.691
16420000094270,32.0,50,6,0.64
16420000094273,35.0,50,6,0.7
16420000094274,26.75,30,6,0.892
16420000094282,42.5,50,5,0.85
16420000094285,31.3,50,4,0.626
16420000094288,27.0,50,6,0.54
16420000094290,53.6,30,3,1.787
16420000094295,40.0,50,5,0.8
16420000094296,64.0,50,3,1.28
16420000094299,31.8,50,6,0.636
16420000094311,41.97,50,6,0.839
16420000094312,39.87999999999999,60,4,0.665
16420000094313,43.515,50,4,0.87
16420000094314,31.51,50,3,0.63
16420000094321,25.1,50,6,0.502
16420000094330,60.0,50,3,1.2
16420000094333,36.245,50,4,0.725
16420000094334,43.0,50,4,0.86
16420000094340,41.0,50,6,0.82
16420000094341,25.0,50,5,0.5
16420000094359,49.419999999999995,50,4,0.988
16420000094361,21.0,50,6,0.42
16420000094362,26.0,50,4,0.52
16420000094367,47.0,50,2,0.94
16420000094368,39.809999999999995,50,6,0.796
16420000094389,56.0,50,2,1.12
16420000094396,33.65999999999999,50,4,0.673
16420000094397,47.964999999999996,50,2,0.959
16420000094399,40.150000000000006,36,2,1.115
16420000094402,51.0,50,3,1.02
16420000094403,56.0,50,3,1.12
16420000094404,38.89999999999998,50,2,0.778
16420000094432,14.994999999999994,50,3,0.3
16420000094436,32.0,50,4,0.64
16420000094458,31.0,50,3,0.62
16420000094548,13.5,30,6,0.45
16420000094555,38.0,50,6,0.76
16420000094559,35.59,30,6,1.186
16420000094564,56.19,50,5,1.124
16420000094600,38.0,50,2,0.76
16420000094602,54.0,60,2,0.9
16420000094603,57.53499999999998,50,2,1.151
16420000094604,41.0,50,4,0.82
16420000094605,43.0,50,4,0.86
16420000094606,51.0,50,3,1.02
16420000094607,50.205000000000005,50,2,1.004
16420000094608,54.78999999999999,60,2,0.913
16420000094609,57.0,50,2,1.14
16420000094610,58.0,50,2,1.16
16420000094613,49.2,60,2,0.82
16420000094630,34.404999999999994,50,3,0.688
16420000094632,53.0,50,3,1.06
16420000094637,32.0,50,3,0.64
16420000094644,40.0,60,2,0.667
16420000094650,29.9,30,2,0.997
16420000094653,35.86999999999999,50,3,0.717
16420000094654,50.0,50,2,1.0
16420000094710,23.0,50,4,0.46
16420000094711,57.0,50,2,1.14
16420000094714,21.93,30,6,0.731
16420000094715,49.0,50,4,0.98
16420000094716,57.0,50,4,1.14
16420000094759,66.0,50,3,1.32
16420000094760,39.0,50,6,0.78
16420000094777,48.28,50,4,0.966
16420000094784,36.55,50,6,0.731
16420000094825,35.0,50,6,0.7
16420000094826,56.6,50,3,1.132
16420000094848,55.915,50,2,1.118
16420000094851,69.0,50,2,1.38
16420000094855,15.0,50,5,0.3
16420000094857,25.285,50,6,0.506
16420000094873,41.4,50,2,0.828
16420000094886,33.6,30,2,1.12
16420000094910,89.0,50,2,1.78
16420000094914,26.0,50,2,0.52
16420000094919,39.27,20,2,1.964
16420000095013,46.0,50,5,0.92
16420000095017,44.885,30,4,1.496
16420000095025,45.06,50,6,0.901
16420000095028,20.0,50,2,0.4
16420000095038,33.0,30,6,1.1
16420000095041,33.099999999999994,50,6,0.662
16420000095048,42.675,50,5,0.853
16420000095053,42.839999999999996,50,6,0.857
16420000095061,55.0,50,3,1.1
16420000095062,51.0,50,4,1.02
16420000095079,49.0,30,4,1.633
16420000095081,47.0,50,5,0.94
16420000095082,62.2,50,2,1.244
16420000095084,46.0,30,4,1.533
16420000095087,46.015,50,4,0.92
16420000095094,51.0,30,4,1.7
16420000095095,31.725,50,6,0.635
16420000095096,29.0,30,6,0.967
16420000095099,37.699999999999996,30,5,1.257
16420000095100,40.449999999999996,50,5,0.809
16420000095102,58.0,50,4,1.16
16420000095108,56.0,60,2,0.933
16420000095113,26.0,50,6,0.52
16420000095140,63.205000000000005,50,2,1.264
16420000095193,38.0,50,6,0.76
16420000095200,44.87999999999999,30,6,1.496
16420000095215,56.2,50,2,1.124
16420000095217,36.0,50,6,0.72
16420000095220,38.88999999999999,50,5,0.778
16420000095255,51.0,50,4,1.02
16420000095277,34.8,50,6,0.696
16420000095298,43.639999999999986,50,2,0.873
16420000095313,44.0,50,6,0.88
16420000095316,50.0,50,5,1.0
16420000095382,37.0,30,6,1.233
16420000095393,56.0,50,2,1.12
16420000095396,53.0,50,3,1.06
16420000095404,43.0,50,2,0.86
16420000095408,48.0,50,4,0.96
16420000095409,49.0,50,2,0.98
16420000095410,52.0,50,3,1.04
16420000095421,56.0,50,2,1.12
16420000095423,38.0,50,4,0.76
16420000095424,60.0,50,4,1.2
16420000095428,44.0,50,4,0.88
16420000095429,56.0,50,4,1.12
16420000095430,37.0,50,4,0.74
16420000095516,43.0,30,6,1.433
16420000095517,33.0,50,6,0.66
16420000095524,44.0,30,6,1.467
16420000095529,40.0,50,4,0.8
16420000095530,32.0,30,4,1.067
16420000095531,46.0,50,5,0.92
16420000095548,29.98,50,6,0.6
16420000095549,29.0,50,2,0.58
16420000095553,30.0,50,2,0.6
16420000095554,31.025,50,4,0.62
16420000095558,57.0,50,4,1.14
16420000095568,18.0,18,6,1.0
16420000095573,37.0,30,2,1.233
16420000095586,49.2,50,4,0.984
16420000095587,22.65,50,6,0.453
16420000095593,35.0,30,6,1.167
16420000095596,53.370000000000005,50,2,1.067
16420000095601,16.7,50,6,0.334
16420000095602,33.0,50,6,0.66
16420000095633,90.0,70,1,1.286
16420000095648,25.0,50,4,0.5
16420000095652,18.0,50,6,0.36
16420000095663,63.0,50,2,1.26
16420000095664,38.0,50,6,0.76
16420000095665,49.0,50,3,0.98
16420000095673,45.0,50,3,0.9
16420000095718,60.8,50,2,1.216
16420000095723,46.445,30,4,1.548
16420000095750,18.869999999999994,50,5,0.377
16420000095751,41.0,50,4,0.82
16420000095779,58.30000000000001,50,3,1.166
16420000095784,32.0,50,5,0.64
16420000095786,44.0,50,4,0.88
16420000095788,34.0,50,2,0.68
16420000095792,47.25,50,2,0.945
16420000095793,26.060000000000002,50,2,0.521
16420000095794,35.4,19,5,1.863
16420000095796,41.0,50,4,0.82
16420000095799,22.0,50,6,0.44
16420000095800,67.02999999999999,50,2,1.341
16420000095814,32.5,50,5,0.65
16420000095820,24.85,30,6,0.828
16420000095823,48.6,60,2,0.81
16420000095825,43.9,50,5,0.878
16420000095826,36.905,50,5,0.738
16420000095827,36.0,50,4,0.72
16420000095828,13.399999999999999,50,3,0.268
16420000095843,41.925,50,6,0.838
16420000095848,22.765,30,6,0.759
16420000095849,42.809999999999995,50,4,0.856
16420000095853,31.0,30,4,1.033
16420000095859,26.5,50,2,0.53
16420000095861,53.0,60,4,0.883
16420000095862,55.26999999999999,60,4,0.921
16420000095876,42.3,50,6,0.846
16420000095880,22.0,50,6,0.44
16420000095895,51.1,30,2,1.703
16420000095897,48.0,50,2,0.96
16420000095899,60.03,50,4,1.201
16420000095900,48.415,50,4,0.968
16420000095901,44.0,50,5,0.88
16420000095912,46.315,50,5,0.926
16420000095943,35.4,50,4,0.708
16420000095976,42.0,50,5,0.84
16420000095979,20.599999999999998,50,6,0.412
16420000095980,28.5,50,6,0.57
16420000095981,37.0,50,6,0.74
16420000095985,57.0,60,2,0.95
16420000095995,31.055,50,6,0.621
16420000096004,24.1,30,6,0.803
16420000096014,46.0,50,4,0.92
16420000096017,45.61,30,6,1.52
16420000096070,17.085,30,6,0.57
16420000096073,45.0,50,4,0.9
16420000096075,34.0,50,6,0.68
16420000096081,63.0,50,2,1.26
16420000096118,53.0,50,4,1.06
16420000096121,39.95,30,4,1.332
16420000096126,38.0,50,2,0.76
16420000096127,44.0,60,2,0.733
16420000096128,52.0,60,2,0.867
16420000096137,61.05,30,2,2.035
16420000096138,39.0,50,2,0.78
16420000096139,40.7,50,4,0.814
16420000096140,55.0,50,2,1.1
16420000096141,57.0,50,4,1.14
16420000096142,34.0,50,4,0.68
16420000096143,37.25999999999999,50,4,0.745
16420000096144,56.3,50,2,1.126
16420000096145,55.0,60,2,0.917
16420000096149,50.0,60,2,0.833
16420000096150,60.0,50,2,1.2
16420000096152,62.08,50,2,1.242
16420000096153,39.0,50,2,0.78
16420000096170,46.0,50,5,0.92
16420000096174,46.67999999999999,50,4,0.934
16420000096176,37.0,50,3,0.74
16420000096204,61.0,50,2,1.22
16420000096217,41.8,50,4,0.836
16420000096277,46.58,50,4,0.932
16420000096301,46.1,50,4,0.922
16420000096306,43.0,50,4,0.86
16420000096308,42.0,60,4,0.7
16420000096309,35.0,50,2,0.7
16420000096310,26.18,30,4,0.873
16420000096313,45.6,50,5,0.912
16420000096314,40.370000000000005,34,2,1.187
16420000096319,19.0,50,3,0.38
16420000096320,36.0,30,6,1.2
16420000096323,47.0,50,4,0.94
16420000096324,40.0,30,6,1.333
16420000096325,54.0,50,3,1.08
16420000096345,35.0,50,2,0.7
16420000096352,56.0,60,2,0.933
16420000096355,42.870000000000005,50,2,0.857
16420000096359,41.0,50,3,0.82
16420000096375,46.0,50,4,0.92
16420000096385,29.904999999999998,30,6,0.997
16420000096417,36.0,50,6,0.72
16420000096418,41.0,50,4,0.82
16420000096423,38.0,30,6,1.267
16420000096430,42.0,50,2,0.84
16420000096434,62.0,50,2,1.24
16420000096436,57.0,50,2,1.14
16420000096439,33.76999999999999,50,3,0.675
16420000096440,38.525,50,3,0.77
16420000096442,41.56999999999999,50,4,0.831
16420000096444,43.0,50,4,0.86
16420000096446,66.0,50,2,1.32
16420000096448,24.015,30,6,0.8
16420000096452,59.0,50,3,1.18
16420000096453,37.0,50,4,0.74
16420000096457,46.160000000000004,50,4,0.923
16420000096520,31.0,50,4,0.62
16420000096521,41.0,50,3,0.82
16420000096522,46.68,50,4,0.934
16420000096523,49.11999999999999,60,2,0.819
16420000096524,54.0,60,2,0.9
16420000096526,42.3,30,5,1.41
16420000096534,42.495,30,3,1.416
16420000096541,61.4,50,2,1.228
16420000096544,42.4,50,4,0.848
16420000096545,23.9,50,6,0.478
16420000096547,30.494999999999997,50,6,0.61
16420000096550,44.0,50,4,0.88
16420000096552,54.0,50,3,1.08
16420000096555,45.94,50,3,0.919
16420000096558,56.0,50,2,1.12
16420000096564,38.0,30,6,1.267
16420000096565,46.0,50,6,0.92
16420000096581,49.0,50,5,0.98
16420000096632,44.0,50,4,0.88
16420000096633,26.4,50,4,0.528
16420000096634,64.755,50,3,1.295
16420000096635,68.0,50,3,1.36
16420000096636,46.19,50,4,0.924
16420000096637,44.0,50,4,0.88
16420000096639,45.0,50,4,0.9
16420000096640,37.66,50,4,0.753
16420000096641,62.0,50,3,1.24
16420000096652,54.0,50,2,1.08
16420000096658,41.0,50,5,0.82
16420000096693,34.0,30,6,1.133
16420000096696,31.94999999999999,60,2,0.532
16420000096699,61.0,50,2,1.22
16420000096700,18.559999999999988,30,6,0.619
16420000096703,45.0,50,6,0.9
16420000096711,58.23500000000001,60,2,0.971
16420000096713,33.0,50,4,0.66
16420000096759,27.4,60,3,0.457
16420000096770,27.0,50,6,0.54
16420000096774,68.0,50,6,1.36
16420000096796,47.0,60,2,0.783
16420000096799,50.0,50,6,1.0
16420000096800,31.0,50,4,0.62
16420000096804,56.89499999999999,50,2,1.138
16420000096812,56.0,50,4,1.12
16420000096854,69.0,50,2,1.38
16420000096856,25.0,50,6,0.5
16420000096861,43.0,50,4,0.86
16420000096866,57.0,30,2,1.9
16420000096873,38.0,50,4,0.76
16420000096874,50.0,50,4,1.0
16420000096877,57.4,60,4,0.957
16420000096878,42.0,50,4,0.84
16420000096885,10.12,50,6,0.202
16420000096886,53.84000000000001,50,3,1.077
16420000096898,29.0,30,4,0.967
16420000096899,25.0,50,3,0.5
16420000096904,30.0,50,5,0.6
16420000096913,12.4,50,3,0.248
16420000096915,54.0,50,4,1.08
16420000096916,21.0,50,5,0.42
16420000096930,41.0,50,4,0.82
16420000097005,49.580000000000005,50,4,0.992
16420000097006,42.0,50,4,0.84
16420000097008,51.0,50,3,1.02
16420000097019,52.080000000000005,50,4,1.042
16420000097032,37.48,30,6,1.249
16420000097036,34.0,50,6,0.68
16420000097040,43.0,30,6,1.433
16420000097046,29.0,30,6,0.967
16420000097052,26.0,30,6,0.867
16420000097062,22.0,30,6,0.733
16420000097082,13.299999999999999,50,6,0.266
16420000097094,63.425,60,2,1.057
16420000097097,50.975,60,4,0.85
16420000097116,63.0,50,3,1.26
16420000097147,29.0,50,4,0.58
16420000097154,19.65,30,6,0.655
16420000097156,51.0,40,6,1.275
16420000097157,33.0,50,5,0.66
16420000097165,22.285,50,6,0.446
16420000097186,43.0,50,6,0.86
16420000097187,45.0,50,4,0.9
16420000097193,24.0,50,6,0.48
16420000097201,42.41,50,6,0.848
16420000097228,48.129999999999995,50,2,0.963
16420000097229,59.0,60,2,0.983
16420000097230,54.1,50,3,1.082
16420000097232,54.0,50,2,1.08
16420000097233,46.0,50,4,0.92
16420000097235,25.0,50,4,0.5
16420000097236,44.0,60,2,0.733
16420000097237,67.0,40,2,1.675
16420000097245,43.3,50,3,0.866
16420000097248,30.5,30,6,1.017
16420000097261,41.535,50,6,0.831
16420000097262,42.0,50,6,0.84
16420000097264,44.3,50,3,0.886
16420000097266,31.3,50,2,0.626
16420000097282,24.0,30,5,0.8
16420000097283,25.0,30,6,0.833
16420000097290,45.0,50,6,0.9
16420000097295,33.0,50,6,0.66
16420000097368,55.0,50,2,1.1
16420000097369,52.18,50,2,1.044
16420000097371,21.879999999999995,30,5,0.729
16420000097375,40.0,50,5,0.8
16420000097381,26.0,50,2,0.52
16420000097382,57.0,50,4,1.14
16420000097385,43.410000000000004,50,5,0.868
16420000097389,35.0,30,6,1.167
16420000097392,21.13,30,4,0.704
16420000097400,37.14,30,5,1.238
16420000097405,18.705,50,6,0.374
16420000097407,52.035000000000004,50,2,1.041
16420000097416,46.0,50,5,0.92
16420000097432,45.0,50,4,0.9
16420000097480,29.0,30,6,0.967
16420000097516,20.939999999999998,50,4,0.419
16420000097550,49.42,50,4,0.988
16420000097552,41.0,50,6,0.82
16420000097555,41.0,30,4,1.367
16420000097556,33.0,30,5,1.1
16420000097557,35.0,50,2,0.7
16420000097560,29.0,50,2,0.58
16420000097624,8.4,50,4,0.168
16420000097703,54.0,60,2,0.9
16420000097707,58.035000000000004,60,2,0.967
16420000097709,35.0,50,3,0.7
16420000097710,44.0,50,5,0.88
16420000097711,24.0,50,6,0.48
16420000097721,54.0,50,3,1.08
16420000097735,47.0,50,4,0.94
16420000097740,42.0,50,4,0.84
16420000097742,29.4,50,2,0.588
16420000097743,36.85999999999999,50,4,0.737
16420000097746,41.150000000000006,50,6,0.823
16420000097748,39.0,50,2,0.78
16420000097750,27.0,50,4,0.54
16420000097756,38.0,50,3,0.76
16420000097757,52.56999999999999,30,6,1.752
16420000097765,52.4,50,2,1.048
16420000097770,44.2,50,2,0.884
16420000097771,63.0,50,2,1.26
16420000097772,56.0,50,2,1.12
16420000097775,36.0,50,4,0.72
16420000097776,45.935,50,2,0.919
16420000097786,57.0,50,3,1.14
16420000097789,53.46,50,3,1.069
16420000097792,37.0,50,5,0.74
16420000097801,58.5,30,4,1.95
16420000097803,43.5,50,4,0.87
16420000097817,28.0,50,6,0.56
16420000097821,41.0,50,4,0.82
16420000097827,52.04,30,2,1.735
16420000097828,64.0,50,2,1.28
16420000097829,51.48,50,2,1.03
16420000097830,25.0,50,6,0.5
16420000097832,49.0,60,2,0.817
16420000097834,40.0,60,2,0.667
16420000097835,53.0,30,5,1.767
16420000097857,37.0,30,6,1.233
16420000097867,53.839999999999996,50,3,1.077
16420000097875,51.0,50,3,1.02
16420000097881,36.260000000000005,50,4,0.725
16420000097887,54.0,50,5,1.08
16420000097891,59.055,50,2,1.181
16420000097893,38.10999999999999,30,4,1.27
16420000097906,57.1,50,3,1.142
16420000097911,46.605000000000004,50,2,0.932
16420000097913,54.0,50,5,1.08
16420000097914,39.13,30,5,1.304
16420000097923,24.690000000000005,30,6,0.823
16420000097940,32.489999999999995,50,6,0.65
16420000097941,40.68999999999999,50,2,0.814
16420000097946,29.9,50,6,0.598
16420000097947,26.0,50,4,0.52
16420000097948,59.935,50,2,1.199
16420000097954,34.0,50,2,0.68
16420000097958,49.0,50,2,0.98
16420000098009,28.0,50,4,0.56
16420000098023,41.0,50,4,0.82
16420000098044,26.764999999999993,30,4,0.892
16420000098590,28.0,50,6,0.56
16420000098595,10.0,50,6,0.2
16420000098942,60.3,60,2,1.005
16420000098945,54.18999999999999,50,3,1.084
16420000098952,34.0,50,6,0.68
16420000098956,34.8,30,5,1.16
16420000098959,42.0,50,6,0.84
16420000099452,43.0,50,2,0.86
16420000099455,38.165,50,2,0.763
16420000099594,60.0,50,2,1.2
16420000099607,47.0,50,6,0.94
16420000099648,50.0,50,2,1.0
16420000099651,45.6,50,6,0.912
16420000099655,53.18,50,4,1.064
16420000099985,26.0,30,6,0.867
16420000099988,73.6,30,3,2.453
16420000099992,36.045,50,5,0.721
16420000099995,54.2,60,2,0.903
16420000099997,48.44499999999999,50,2,0.969
16420000099998,45.1,60,2,0.752
16420000100001,89.0,70,2,1.271
16420000100086,35.224999999999994,50,6,0.704
16420000100088,49.0,50,4,0.98
16420000100096,58.23500000000001,60,2,0.971
16420000100099,32.989999999999995,50,6,0.66
16420000100100,56.0,50,2,1.12
16420000100111,42.0,60,2,0.7
16420000100114,31.8,50,2,0.636
16420000100118,39.0,50,6,0.78
16420000100120,47.6,50,5,0.952
16420000100122,30.14999999999999,30,6,1.005
16420000100125,44.0,60,2,0.733
16420000100128,43.0,50,4,0.86
16420000100129,37.2,50,3,0.744
16420000100207,33.0,50,2,0.66
16420000100215,48.0,30,4,1.6
16420000100219,53.0,50,2,1.06
16420000100224,41.35999999999999,50,3,0.827
16420000100243,23.0,30,6,0.767
16420000100251,50.0,50,2,1.0
16420000100254,39.0,50,5,0.78
16420000100265,83.1,50,2,1.662
16420000100270,29.14999999999999,50,6,0.583
16420000100276,32.0,30,2,1.067
16420000100291,25.0,30,6,0.833
16420000100293,47.0,50,4,0.94
16420000100301,50.0,50,2,1.0
16420000100302,22.03,50,6,0.441
16420000100303,54.0,60,4,0.9
16420000100304,35.0,50,6,0.7
16420000100305,22.0,50,6,0.44
16420000100317,59.0,50,2,1.18
16420000100320,34.0,50,6,0.68
16420000100321,39.385,50,4,0.788
16420000100323,56.0,50,2,1.12
16420000100324,47.0,50,5,0.94
16420000100326,52.0,50,5,1.04
16420000100327,42.0,50,6,0.84
16420000100328,28.0,30,5,0.933
16420000100329,34.98,50,4,0.7
16420000100333,56.0,50,2,1.12
16420000100339,50.0,60,2,0.833
16420000100469,25.599999999999994,50,4,0.512
16420000100476,53.0,50,4,1.06
16420000100477,45.0,50,4,0.9
16420000100488,15.0,50,2,0.3
16420000100491,50.0,50,4,1.0
16420000100493,26.0,50,6,0.52
16420000100501,35.885,50,4,0.718
16420000100505,40.0,50,2,0.8
16420000100506,54.0,60,2,0.9
16420000100508,26.0,30,6,0.867
16420000100532,26.9,50,4,0.538
16420000100534,61.0,50,3,1.22
16420000100536,45.94,50,6,0.919
16420000100546,50.0,50,4,1.0
16420000100558,53.875,50,2,1.078
16420000100559,32.19,50,6,0.644
16420000100561,22.55,50,6,0.451
16420000100567,45.0,50,4,0.9
16420000100570,59.14000000000001,60,2,0.986
16420000100571,59.0,50,2,1.18
16420000100575,51.3,50,4,1.026
16420000100727,22.0,50,3,0.44
16420000100731,66.0,50,2,1.32
16420000100732,32.0,50,2,0.64
16420000100733,43.0,30,2,1.433
16420000100734,63.0,50,4,1.26
16420000100736,23.0,50,6,0.46
16420000100737,16.299999999999997,50,5,0.326
16420000100740,70.0,50,2,1.4
16420000100741,22.2,50,6,0.444
16420000100742,34.0,50,6,0.68
16420000100747,17.4,30,6,0.58
16420000100757,46.575,50,4,0.932
16420000100762,41.945,50,2,0.839
16420000100767,45.0,50,5,0.9
16420000100779,41.809999999999995,50,6,0.836
16420000100780,50.0,60,4,0.833
16420000100781,33.0,30,6,1.1
16420000100824,37.449999999999996,60,2,0.624
16420000100825,29.49,30,6,0.983
16420000100826,62.0,60,2,1.033
16420000100827,58.0,50,2,1.16
16420000100828,62.0,60,2,1.033
16420000100831,50.925,50,5,1.018
16420000100832,44.0,50,4,0.88
16420000100833,50.0,50,4,1.0
16420000100839,59.0,50,2,1.18
16420000100862,39.370000000000005,50,2,0.787
16420000100888,40.4,30,6,1.347
16420000100889,59.31000000000002,50,3,1.186
16420000100893,17.069999999999997,30,6,0.569
16420000100895,38.975,50,5,0.78
16420000100898,53.665,50,4,1.073
16420000100906,58.17,50,2,1.163
16420000100909,32.0,50,4,0.64
16420000100911,56.3,50,4,1.126
16420000100914,42.65999999999999,50,3,0.853
16420000100919,28.630000000000003,60,4,0.477
16420000100928,27.0,50,3,0.54
16420000100930,45.22,50,6,0.904
16420000100932,27.419999999999998,50,6,0.548
16420000100934,57.0,50,3,1.14
16420000100938,27.455,30,6,0.915
16420000100942,52.480000000000004,50,4,1.05
16420000100943,59.0,60,2,0.983
16420000100946,10.055,30,6,0.335
16420000100950,29.0,50,2,0.58
16420000100953,58.0,50,2,1.16
16420000100954,54.0,50,3,1.08
16420000100958,61.0,50,2,1.22
16420000100959,55.27,50,3,1.105
16420000100960,57.0,30,5,1.9
16420000100965,22.0,50,2,0.44
16420000100971,61.0,60,2,1.017
16420000101012,42.0,50,5,0.84
16420000101034,75.0,40,2,1.875
16420000101041,65.0,60,2,1.083
16420000101042,49.0,50,4,0.98
16420000101043,50.0,50,3,1.0
16420000101047,43.160000000000004,50,6,0.863
16420000101049,50.0,50,2,1.0
16420000101060,46.0,50,4,0.92
16420000101065,33.0,50,4,0.66
16420000101067,44.8,50,6,0.896
16420000101071,48.0,50,2,0.96
16420000101073,23.1,50,6,0.462
16420000101074,56.0,50,2,1.12
16420000101077,50.0,50,4,1.0
16420000101080,17.359999999999996,50,6,0.347
16420000101081,24.0,30,6,0.8
16420000101083,54.0,50,2,1.08
16420000101086,55.0,50,3,1.1
16420000101218,19.0,50,6,0.38
16420000101220,52.0,30,4,1.733
16420000101221,44.0,50,4,0.88
16420000101270,34.75,50,6,0.695
16420000101271,58.0,50,2,1.16
16420000101274,31.0,50,2,0.62
16420000101275,25.0,18,4,1.389
16420000101276,37.0,50,4,0.74
16420000101277,59.18,60,2,0.986
16420000101281,18.0,30,4,0.6
16420000101293,19.049999999999997,30,6,0.635
16420000101308,29.799999999999997,50,6,0.596
16420000101309,56.0,60,2,0.933
16420000101311,79.0,50,2,1.58
16420000101313,55.0,50,2,1.1
16420000101315,47.0,60,3,0.783
16420000101316,48.0,50,4,0.96
16420000101317,60.0,50,2,1.2
16420000101318,59.435,60,2,0.991
16420000101319,57.18999999999999,50,2,1.144
16420000101320,57.0,50,2,1.14
16420000101322,52.3,50,3,1.046
16420000101324,51.0,60,4,0.85
16420000101325,35.0,50,5,0.7
16420000101326,48.0,50,5,0.96
16420000101340,41.0,50,5,0.82
16420000101343,28.5,50,5,0.57
16420000101344,47.7,50,4,0.954
16420000101345,39.0,60,2,0.65
16420000101408,56.21999999999999,50,3,1.124
16420000101411,22.379999999999995,30,6,0.746
16420000101412,31.0,50,6,0.62
16420000101419,38.650000000000006,50,6,0.773
16420000101423,37.0,50,5,0.74
16420000101427,63.0,50,3,1.26
16420000101428,40.8,50,4,0.816
16420000101429,44.0,30,2,1.467
16420000101472,66.0,50,2,1.32
16420000101473,31.4,50,4,0.628
16420000101475,65.0,50,4,1.3
16420000101485,55.0,60,2,0.917
16420000101486,35.3,40,4,0.882
16420000101491,47.9,50,6,0.958
16420000101620,73.535,40,2,1.838
16420000101652,47.0,50,4,0.94
16420000101654,25.0,50,4,0.5
16420000101661,55.955,50,3,1.119
16420000101668,27.909999999999986,50,4,0.558
16420000101672,50.0,50,4,1.0
16420000101673,23.0,50,6,0.46
16420000101675,48.0,50,2,0.96
16420000101676,28.0,50,2,0.56
16420000101727,33.339999999999996,50,4,0.667
16420000101756,62.0,50,4,1.24
16420000101797,57.48,50,2,1.15
16420000101804,59.0,50,2,1.18
16420000101806,46.0,50,4,0.92
16420000101808,43.26499999999999,60,2,0.721
16420000101819,21.65,50,4,0.433
16420000101821,25.99,30,5,0.866
16420000101822,25.299999999999997,50,5,0.506
16420000101833,49.18,30,2,1.639
16420000101836,30.0,50,5,0.6
16420000101837,52.96999999999999,50,3,1.059
16420000101840,51.0,50,3,1.02
16420000101846,43.6,50,5,0.872
16420000101849,38.1,60,2,0.635
16420000101850,38.889999999999986,50,2,0.778
16420000101851,27.084999999999997,50,4,0.542
16420000101855,30.275000000000002,50,6,0.606
16420000101857,22.0,50,6,0.44
16420000101858,35.93,18,5,1.996
16420000101923,37.0,50,4,0.74
16420000101932,58.0,50,2,1.16
16420000101948,33.0,50,4,0.66
16420000101958,32.5,50,4,0.65
16420000101959,53.0,50,4,1.06
16420000101960,28.0,50,4,0.56
16420000102003,40.0,50,4,0.8
16420000102006,55.0,60,2,0.917
16420000102015,38.400000000000006,30,6,1.28
16420000102017,56.2,60,2,0.937
16420000102018,44.0,50,4,0.88
16420000102035,47.0,50,4,0.94
16420000102043,50.385,50,4,1.008
16420000102047,48.24999999999998,50,4,0.965
16420000102050,29.634999999999998,50,2,0.593
16420000102058,70.0,50,4,1.4
16420000102059,42.0,50,6,0.84
16420000102079,40.905,50,3,0.818
16420000102081,40.895,50,6,0.818
16420000102082,28.709999999999997,50,5,0.574
16420000102085,66.37,60,2,1.106
16420000102090,43.5,50,6,0.87
16420000102106,24.0,50,6,0.48
16420000102118,62.0,60,2,1.033
16420000102122,23.0,50,6,0.46
16420000102131,37.0,30,5,1.233
16420000102132,10.0,50,2,0.2
16420000102136,32.0,50,2,0.64
16420000102138,31.81,30,6,1.06
16420000102142,61.0,50,2,1.22
16420000102145,38.0,30,6,1.267
16420000102147,27.005000000000003,26,4,1.039
16420000102148,45.0,50,2,0.9
16420000102149,62.0,50,2,1.24
16420000102167,50.0,50,2,1.0
16420000102168,27.43,50,5,0.549
16420000102176,73.0,30,3,2.433
16420000102177,52.0,50,4,1.04
16420000102179,26.75,50,5,0.535
16420000102188,54.0,50,2,1.08
16420000102210,38.099999999999994,30,6,1.27
16420000102211,30.0,50,6,0.6
16420000102219,44.3,50,2,0.886
16420000102220,42.0,50,2,0.84
16420000102222,52.0,50,2,1.04
16420000102223,39.64000000000001,30,5,1.321
16420000102224,38.0,30,5,1.267
16420000102226,44.0,50,3,0.88
16420000102233,47.0,50,5,0.94
16420000102237,38.025,50,2,0.76
16420000102241,21.0,50,4,0.42
16420000102284,32.0,50,4,0.64
16420000102285,80.0,50,2,1.6
16420000102343,65.0,50,2,1.3
16420000102344,64.17999999999999,50,2,1.284
16420000102346,59.0,50,3,1.18
16420000102347,52.94499999999999,60,2,0.882
16420000102349,33.7,50,2,0.674
16420000102350,55.0,30,5,1.833
16420000102351,55.0,50,2,1.1
16420000102352,33.0,30,2,1.1
16420000102357,41.0,50,6,0.82
16420000102361,56.0,50,3,1.12
16420000102364,4.0299999999999985,50,2,0.081
16420000102367,42.0,30,6,1.4
16420000102378,37.37,50,6,0.747
16420000102383,42.49499999999999,60,2,0.708
16420000102384,23.685,50,3,0.474
16420000102385,41.0,50,3,0.82
16420000102391,4.395,30,2,0.146
16420000102431,29.799999999999983,50,6,0.596
16420000102435,39.489999999999995,50,4,0.79
16420000102438,31.0,30,6,1.033
16420000102446,48.910000000000004,60,2,0.815
16420000102447,33.0,50,4,0.66
16420000102453,31.0,30,4,1.033
16420000102457,44.7,30,6,1.49
16420000102462,54.0,60,4,0.9
16420000102464,41.0,60,2,0.683
16420000102465,54.0,50,4,1.08
16420000102468,59.0,50,2,1.18
16420000102514,27.0,50,6,0.54
16420000102538,59.0,50,2,1.18
16420000102539,51.0,50,3,1.02
16420000102540,45.0,50,2,0.9
16420000102541,59.080000000000005,60,4,0.985
16420000102550,36.364999999999995,50,2,0.727
16420000102565,28.299999999999983,50,4,0.566
16420000102568,50.0,50,4,1.0
16420000102569,41.0,50,4,0.82
16420000102572,34.0,50,2,0.68
16420000102619,38.0,50,2,0.76
16420000102620,27.64999999999999,50,6,0.553
16420000102661,20.0,50,6,0.4
16420000102691,38.0,50,6,0.76
16420000102715,50.17999999999999,50,2,1.004
16420000102721,17.1,50,6,0.342
16420000102729,49.330000000000005,50,5,0.987
16420000102731,44.0,30,6,1.467
16420000102732,38.419999999999995,50,4,0.768
16420000102734,45.0,50,4,0.9
16420000102757,24.0,50,5,0.48
16420000102759,28.25,50,5,0.565
16420000102761,14.0,30,4,0.467
16420000102765,40.0,50,4,0.8
16420000102778,46.0,50,2,0.92
16420000102781,44.915,50,3,0.898
16420000102786,61.0,60,2,1.017
16420000102804,55.0,50,4,1.1
16420000102805,22.2,18,2,1.233
16420000102830,42.64,50,6,0.853
16420000102835,54.0,50,3,1.08
16420000102836,39.0,50,4,0.78
16420000102838,29.65,30,6,0.988
16420000102852,43.07,50,5,0.861
16420000102859,13.0,50,6,0.26
16420000102862,27.8,60,2,0.463
16420000102865,58.0,60,2,0.967
16420000102866,51.0,50,2,1.02
16420000102867,38.0,50,4,0.76
16420000102869,50.0,50,2,1.0
16420000102870,52.0,50,2,1.04
16420000102872,17.0,50,4,0.34
16420000102873,33.0,50,4,0.66
16420000102890,32.0,50,4,0.64
16420000102893,53.985,30,4,1.799
16420000102902,23.2,50,3,0.464
16420000102906,24.949999999999996,50,5,0.499
16420000102908,53.235,60,4,0.887
16420000102938,34.0,50,4,0.68
16420000102953,16.25,50,2,0.325
16420000102956,39.45,50,6,0.789
16420000102980,26.2,50,6,0.524
16420000102987,43.669999999999995,60,4,0.728
16420000102993,47.0,50,2,0.94
16420000102995,46.7,30,4,1.557
16420000103004,45.05,50,5,0.901
16420000103013,30.0,50,5,0.6
16420000103015,39.9,19,2,2.1
16420000103020,62.0,50,4,1.24
16420000103022,31.0,50,4,0.62
16420000103023,54.92999999999999,50,2,1.099
16420000103033,33.3,30,6,1.11
16420000103034,57.6,50,4,1.152
16420000103037,53.1,50,4,1.062
16420000103039,35.0,30,6,1.167
16420000103080,68.0,50,4,1.36
16420000103083,34.0,50,6,0.68
16420000103088,33.58,30,6,1.119
16420000103102,40.0,50,4,0.8
16420000103174,25.27,18,2,1.404
16420000103181,50.0,50,4,1.0
16420000103182,61.0,50,2,1.22
16420000103185,29.0,50,4,0.58
16420000103186,32.0,50,6,0.64
16420000103249,32.339999999999996,50,6,0.647
16420000103250,22.935,50,6,0.459
16420000103251,39.2,50,4,0.784
16420000103270,40.0,50,6,0.8
16420000103271,53.0,60,4,0.883
16420000103321,26.9,50,3,0.538
16420000103368,46.0,50,5,0.92
16420000103386,45.0,50,2,0.9
16420000103389,54.0,50,4,1.08
16420000103394,46.0,60,2,0.767
16420000103395,49.835,60,2,0.831
16420000103455,32.0,50,4,0.64
16420000103456,34.0,50,4,0.68
16420000103457,21.45,50,6,0.429
16420000103461,33.0,60,2,0.55
16420000103462,24.0,50,4,0.48
16420000103467,46.0,50,5,0.92
16420000103470,39.1,50,2,0.782
16420000103477,46.0,30,4,1.533
16420000103478,46.0,60,2,0.767
16420000103479,53.28999999999999,60,2,0.888
16420000103480,28.0,50,6,0.56
16420000103483,63.0,50,2,1.26
16420000103484,60.2,50,2,1.204
16420000103485,62.0,50,2,1.24
16420000103486,53.7,50,4,1.074
16420000103488,55.0,50,4,1.1
16420000103489,53.0,30,4,1.767
16420000103505,60.0,60,2,1.0
16420000103507,88.87,50,2,1.777
16420000103508,44.0,60,2,0.733
16420000103509,49.75,60,2,0.829
16420000103510,50.0,50,4,1.0
16420000103513,47.0,50,2,0.94
16420000103514,55.0,50,2,1.1
16420000103517,60.0,50,2,1.2
16420000103518,61.6,50,2,1.232
16420000103519,46.0,50,2,0.92
16420000103522,58.0,60,2,0.967
16420000103523,35.31500000000002,60,2,0.589
16420000103548,27.0,30,6,0.9
16420000103550,31.799999999999983,50,6,0.636
16420000103558,45.0,30,6,1.5
16420000103559,36.0,50,2,0.72
16420000103574,36.0,50,5,0.72
16420000103587,27.25999999999999,50,5,0.545
16420000103663,61.535000000000004,50,2,1.231
16420000103676,23.0,30,6,0.767
16420000103690,20.7,30,4,0.69
16420000103692,28.0,30,6,0.933
16420000103694,40.0,50,3,0.8
16420000103700,45.0,50,4,0.9
16420000103702,23.0,30,6,0.767
16420000103707,29.0,50,4,0.58
16420000103708,37.0,50,6,0.74
16420000103716,18.0,50,6,0.36
16420000103727,27.7,30,6,0.923
16420000103730,47.0,50,6,0.94
16420000103736,42.0,50,2,0.84
16420000103737,34.39999999999999,50,6,0.688
16420000103738,37.434999999999995,50,4,0.749
16420000103739,48.0,50,2,0.96
16420000103750,40.0,30,4,1.333
16420000103751,38.0,31,2,1.226
16420000103762,52.0,50,4,1.04
16420000103763,61.0,50,2,1.22
16420000103770,49.0,50,4,0.98
16420000103776,43.7,50,2,0.874
16420000103859,30.3,60,3,0.505
16420000103889,53.0,60,2,0.883
16420000103896,62.0,50,2,1.24
16420000103948,16.0,50,4,0.32
16420000103965,28.629999999999995,50,6,0.573
16420000103978,39.0,50,3,0.78
16420000103980,27.0,30,6,0.9
16420000103984,51.025,50,4,1.02
16420000103985,52.0,50,3,1.04
16420000103987,57.0,50,3,1.14
16420000103988,47.0,50,5,0.94
16420000103990,56.0,60,2,0.933
16420000103991,61.0,60,2,1.017
16420000103996,50.5,50,4,1.01
16420000104008,27.8,50,6,0.556
16420000104011,34.94,50,6,0.699
16420000104013,44.0,50,2,0.88
16420000104020,60.720000000000006,60,2,1.012
16420000104021,21.0,50,6,0.42
16420000104041,38.0,50,5,0.76
16420000104136,37.0,60,2,0.617
16420000104138,24.0,30,6,0.8
16420000104140,62.480000000000004,60,2,1.041
16420000104141,66.0,50,2,1.32
16420000104146,47.0,50,2,0.94
16420000104147,19.9,50,5,0.398
16420000104149,42.0,50,4,0.84
16420000104150,55.0,50,4,1.1
16420000104153,66.6,30,3,2.22
16420000104155,14.8,30,6,0.493
16420000104160,53.0,50,4,1.06
16420000104179,47.0,50,4,0.94
16420000104180,62.510000000000005,50,2,1.25
16420000104184,46.015,50,4,0.92
16420000104190,34.0,50,4,0.68
16420000104191,50.0,60,3,0.833
16420000104193,41.96499999999999,50,6,0.839
16420000104194,45.0,50,4,0.9
16420000104202,43.0,50,4,0.86
16420000104208,31.0,50,6,0.62
16420000104211,36.0,60,2,0.6
16420000104219,50.0,50,2,1.0
16420000104220,62.0,50,2,1.24
16420000104221,43.1,50,2,0.862
16420000104222,44.0,50,2,0.88
16420000104224,55.185,60,2,0.92
16420000104227,33.0,50,5,0.66
16420000104229,28.700000000000003,50,6,0.574
16420000104231,43.95499999999999,50,3,0.879
16420000104323,12.7,30,6,0.423
16420000104324,32.49999999999999,50,4,0.65
16420000104329,35.0,60,2,0.583
16420000104350,53.0,60,2,0.883
16420000104355,44.685,50,3,0.894
16420000104365,55.0,50,4,1.1
16420000104366,52.0,50,4,1.04
16420000104392,35.0,50,6,0.7
16420000104394,30.2,50,6,0.604
16420000104399,32.325,50,6,0.647
16420000104402,31.98,40,4,0.8
16420000104480,28.0,50,6,0.56
16420000104481,43.0,50,4,0.86
16420000104498,39.0,30,3,1.3
16420000104501,47.349999999999994,50,3,0.947
16420000104504,39.0,50,2,0.78
16420000104505,35.0,50,6,0.7
16420000104506,37.99999999999999,18,3,2.111
16420000104560,24.4,50,6,0.488
16420000104600,41.0,30,6,1.367
16420000104608,43.0,50,6,0.86
16420000104619,26.080000000000002,50,5,0.522
16420000104631,21.6,50,4,0.432
16420000104634,36.0,50,4,0.72
16420000104637,38.0,50,6,0.76
16420000104642,89.14999999999998,70,2,1.274
16420000104645,53.0,50,2,1.06
16420000104646,55.0,50,2,1.1
16420000104648,14.0,50,4,0.28
16420000104649,58.0,50,2,1.16
16420000104651,61.0,50,2,1.22
16420000104679,48.1,50,2,0.962
16420000104680,42.434999999999995,50,4,0.849
16420000104730,25.0,50,6,0.5
16420000104735,56.165,50,4,1.123
16420000104753,66.0,50,4,1.32
16420000104758,23.0,50,6,0.46
16420000104763,29.7,50,4,0.594
16420000104766,55.0,60,4,0.917
16420000104779,42.0,50,5,0.84
16420000104783,42.0,60,2,0.7
16420000104797,32.075,50,4,0.642
16420000104836,43.0,50,4,0.86
16420000104838,22.314999999999994,50,6,0.446
16420000104843,53.0,50,4,1.06
16420000104845,43.06,50,2,0.861
16420000104854,62.0,40,2,1.55
16420000104855,55.0,60,2,0.917
16420000104859,22.0,50,6,0.44
16420000104929,56.0,50,2,1.12
16420000104945,16.0,30,6,0.533
16420000104965,39.9,50,4,0.798
16420000104966,32.0,30,6,1.067
16420000104998,27.23,50,4,0.545
16420000105022,50.0,50,2,1.0
16420000105023,49.0,50,2,0.98
16420000105026,55.78999999999999,50,4,1.116
16420000105036,36.0,30,2,1.2
16420000105037,41.0,50,2,0.82
16420000105044,33.0,50,4,0.66
16420000105045,14.0,50,4,0.28
16420000105046,26.0,50,4,0.52
16420000105047,33.0,50,3,0.66
16420000105061,26.0,50,4,0.52
16420000105067,42.0,50,4,0.84
16420000105068,46.0,50,4,0.92
16420000105069,32.0,50,6,0.64
16420000105087,59.4,50,2,1.188
16420000105090,42.0,50,4,0.84
16420000105095,18.10499999999999,30,6,0.603
16420000105100,47.0,50,2,0.94
16420000105120,50.0,50,6,1.0
16420000105126,24.3,50,6,0.486
16420000105127,42.0,50,4,0.84
16420000105142,51.0,50,6,1.02
16420000105145,49.0,50,2,0.98
16420000105159,31.73,50,6,0.635
16420000105163,53.0,50,4,1.06
16420000105172,24.0,50,6,0.48
16420000105179,53.0,50,2,1.06
16420000105180,36.730000000000004,50,4,0.735
16420000105190,47.0,50,4,0.94
16420000105191,54.0,50,4,1.08
16420000105194,54.0,50,3,1.08
16420000105195,52.71000000000001,50,2,1.054
16420000105198,38.0,50,2,0.76
16420000105199,50.6,60,2,0.843
16420000105200,54.0,50,5,1.08
16420000105201,33.0,50,4,0.66
16420000105203,63.0,50,2,1.26
16420000105206,41.0,50,2,0.82
16420000105220,35.650000000000006,50,3,0.713
16420000105221,27.7,50,4,0.554
16420000105223,88.87,70,1,1.27
16420000105240,42.0,50,4,0.84
16420000105241,42.0,50,5,0.84
16420000105242,38.1,50,4,0.762
16420000105253,50.0,50,4,1.0
16420000105300,38.0,50,6,0.76
16420000105306,3.9,30,4,0.13
16420000105308,26.0,50,4,0.52
16420000105313,31.0,30,2,1.033
16420000105314,26.2,50,6,0.524
16420000105315,27.86,30,4,0.929
16420000105316,57.0,60,2,0.95
16420000105317,32.779999999999994,50,3,0.656
16420000105318,40.0,50,6,0.8
16420000105343,31.0,50,4,0.62
16420000105353,40.4,60,2,0.673
16420000105358,56.0,50,2,1.12
16420000105361,47.0,50,3,0.94
16420000105362,52.0,50,2,1.04
16420000105365,35.39499999999999,50,4,0.708
16420000105366,43.0,40,4,1.075
16420000105372,24.0,20,5,1.2
16420000105382,39.21999999999999,50,6,0.784
16420000105383,35.0,50,6,0.7
16420000105406,39.0,50,3,0.78
16420000105502,27.0,50,4,0.54
16420000105508,50.0,50,4,1.0
16420000105522,28.855,30,6,0.962
16420000105527,32.0,30,6,1.067
16420000105529,57.839999999999996,50,4,1.157
16420000105530,31.299999999999997,50,6,0.626
16420000105532,44.0,30,6,1.467
16420000105537,42.75,50,6,0.855
16420000105538,54.0,50,3,1.08
16420000105544,49.545,50,5,0.991
16420000105545,42.9,50,4,0.858
16420000105580,38.0,50,6,0.76
16420000105593,37.0,50,2,0.74
16420000105624,36.0,50,6,0.72
16420000105625,25.0,18,4,1.389
16420000105627,48.0,30,5,1.6
16420000105630,44.0,50,4,0.88
16420000105631,57.0,30,2,1.9
16420000105633,40.0,50,3,0.8
16420000105636,53.0,50,6,1.06
16420000105639,42.6,50,2,0.852
16420000105666,10.0,30,6,0.333
16420000105670,54.0,60,4,0.9
16420000105672,44.0,60,2,0.733
16420000105686,40.0,50,5,0.8
16420000105688,57.0,50,3,1.14
16420000105691,35.0,50,5,0.7
16420000105699,47.0,50,5,0.94
16420000105706,50.0,50,2,1.0
16420000105718,60.0,50,4,1.2
16420000105723,55.0,50,4,1.1
16420000105748,28.0,50,4,0.56
16420000105848,61.0,60,2,1.017
16420000105849,48.0,50,5,0.96
16420000105852,52.0,50,5,1.04
16420000105853,41.25,50,6,0.825
16420000105854,48.0,50,4,0.96
16420000105855,24.0,50,6,0.48
16420000105859,41.26,50,6,0.825
16420000105871,49.31499999999998,50,2,0.986
16420000105875,88.5,70,1,1.264
16420000105894,10.67,50,3,0.213
16420000105895,58.0,50,4,1.16
16420000105911,38.0,50,2,0.76
16420000105922,48.125,50,3,0.962
16420000105923,52.0,60,2,0.867
16420000105924,24.0,50,3,0.48
16420000105927,41.0,50,4,0.82
16420000105932,59.0,50,3,1.18
16420000105933,30.0,50,4,0.6
16420000105943,66.0,50,2,1.32
16420000106025,59.0,60,2,0.983
16420000106039,27.0,50,4,0.54
16420000106041,43.0,50,4,0.86
16420000106042,28.0,50,6,0.56
16420000106103,55.0,50,2,1.1
16420000106105,39.0,50,2,0.78
16420000106116,39.0,50,2,0.78
16420000106174,49.5,50,4,0.99
16420000106182,46.3,50,6,0.926
16420000106184,31.0,50,6,0.62
16420000106187,11.459999999999999,50,2,0.229
16420000106191,37.0,50,3,0.74
16420000106192,50.0,50,5,1.0
16420000106195,37.25,50,5,0.745
16420000106197,51.0,50,3,1.02
16420000106205,56.0,60,2,0.933
16420000106217,21.25,50,6,0.425
16420000106245,16.25,50,6,0.325
16420000106248,48.25999999999999,50,6,0.965
16420000106250,38.5,50,6,0.77
16420000106254,38.919999999999995,50,6,0.778
16420000106272,38.0,50,6,0.76
16420000106273,45.15,50,2,0.903
16420000106277,40.6,50,6,0.812
16420000106279,32.0,50,5,0.64
16420000106282,49.510000000000005,50,4,0.99
16420000106340,43.73999999999998,50,6,0.875
16420000106372,87.0,70,2,1.243
16420000106373,19.0,50,4,0.38
16420000106376,42.0,50,2,0.84
16420000106378,58.0,60,2,0.967
16420000106379,36.0,50,2,0.72
16420000106380,57.0,50,5,1.14
16420000106383,57.0,30,2,1.9
16420000106384,62.94,50,2,1.259
16420000106387,29.0,50,6,0.58
16420000106401,42.0,30,6,1.4
16420000106407,19.75,50,6,0.395
16420000106408,51.945,50,5,1.039
16420000106413,51.980000000000004,50,5,1.04
16420000106415,27.9,50,6,0.558
16420000106447,33.0,50,4,0.66
16420000106449,45.0,50,3,0.9
16420000106450,27.55,50,2,0.551
16420000106615,47.0,50,4,0.94
16420000106617,50.0,30,4,1.667
16420000106618,46.22,50,4,0.924
16420000106621,44.0,50,6,0.88
16420000106622,46.0,50,5,0.92
16420000106640,20.0,50,6,0.4
16420000106646,17.0,50,6,0.34
16420000106649,34.9,50,3,0.698
16420000106656,43.0,60,2,0.717
16420000106657,35.0,30,3,1.167
16420000106658,37.0,50,3,0.74
16420000106688,37.824999999999996,50,2,0.756
16420000106706,33.0,50,4,0.66
16420000106707,53.0,50,3,1.06
16420000106708,53.0,50,2,1.06
16420000106709,45.275,50,2,0.906
16420000106712,25.0,50,2,0.5
16420000106713,50.0,50,3,1.0
16420000106715,38.980000000000004,50,5,0.78
16420000106719,44.0,50,4,0.88
16420000106736,12.0,30,2,0.4
16420000106740,46.0,50,5,0.92
16420000106742,28.0,50,4,0.56
16420000106745,41.0,50,4,0.82
16420000106848,52.92999999999999,50,2,1.059
16420000106853,47.425,50,4,0.948
16420000106857,33.30499999999999,30,2,1.11
16420000106858,64.0,50,3,1.28
16420000106860,38.4,50,6,0.768
16420000106861,52.0,50,3,1.04
16420000106862,16.0,50,4,0.32
16420000106864,38.0,50,2,0.76
16420000106866,39.0,60,2,0.65
16420000106883,32.47,50,4,0.649
16420000106884,33.879999999999995,60,2,0.565
16420000106885,22.55,50,4,0.451
16420000106891,63.0,40,2,1.575
16420000106893,26.944999999999997,50,6,0.539
16420000106906,31.0,50,2,0.62
16420000106910,78.015,50,4,1.56
16420000106912,58.0,30,2,1.933
16420000106914,31.0,18,3,1.722
16420000106915,11.35,30,4,0.378
16420000106916,30.0,50,4,0.6
16420000106949,32.894999999999996,50,5,0.658
16420000106951,35.0,50,4,0.7
16420000106955,39.0,50,4,0.78
16420000106989,34.0,50,4,0.68
16420000106990,41.5,30,4,1.383
16420000107029,58.0,50,4,1.16
16420000107038,53.0,50,4,1.06
16420000107050,27.0,50,6,0.54
16420000107081,61.0,50,4,1.22
16420000107082,48.8,50,2,0.976
16420000107083,41.0,50,2,0.82
16420000107092,36.0,50,3,0.72
16420000107097,60.0,60,2,1.0
16420000107103,59.1,50,3,1.182
16420000107104,25.0,50,6,0.5
16420000107106,33.59499999999999,50,2,0.672
16420000107108,31.0,50,4,0.62
16420000107109,32.0,50,6,0.64
16420000107114,26.294999999999998,50,6,0.526
16420000107115,33.0,50,6,0.66
16420000107121,56.0,60,4,0.933
16420000107123,31.0,50,4,0.62
16420000107128,37.3,50,6,0.746
16420000107129,39.559999999999995,50,6,0.791
16420000107130,58.0,50,2,1.16
16420000107131,50.95,60,2,0.849
16420000107134,46.0,50,6,0.92
16420000107139,59.3,50,2,1.186
16420000107141,44.349999999999994,50,2,0.887
16420000107142,57.0,50,3,1.14
16420000107144,54.80500000000001,60,2,0.913
16420000107181,43.0,50,2,0.86
16420000107193,59.0,40,2,1.475
16420000107194,47.0,50,2,0.94
16420000107209,62.434999999999995,50,4,1.249
16420000107230,38.165,60,2,0.636
16420000107243,38.09,50,5,0.762
16420000107245,18.0,50,4,0.36
16420000107246,40.0,50,2,0.8
16420000107247,40.415,50,2,0.808
16420000107248,25.0,50,6,0.5
16420000107249,47.0,60,2,0.783
16420000107250,44.0,50,4,0.88
16420000107251,48.0,50,2,0.96
16420000107253,51.0,50,2,1.02
16420000107255,22.0,50,6,0.44
16420000107256,40.79,30,4,1.36
16420000107259,27.0,50,6,0.54
16420000107260,34.96999999999999,30,6,1.166
16420000107261,66.0,50,2,1.32
16420000107269,28.0,30,6,0.933
16420000107270,35.0,50,5,0.7
16420000107277,30.75,50,6,0.615
16420000107285,25.0,30,6,0.833
16420000107286,63.0,50,4,1.26
16420000107297,55.0,50,2,1.1
16420000107298,31.0,50,5,0.62
16420000107311,63.0,50,3,1.26
16420000107314,46.8,50,6,0.936
16420000107315,46.0,50,2,0.92
16420000107317,49.0,50,4,0.98
16420000107337,54.0,20,3,2.7
16420000107340,52.935,50,2,1.059
16420000107355,29.975,30,4,0.999
16420000107360,48.04,50,4,0.961
16420000107361,27.0,50,4,0.54
16420000107369,42.0,50,6,0.84
16420000107370,31.0,60,2,0.517
16420000107371,33.0,50,4,0.66
16420000107372,36.38999999999999,50,4,0.728
16420000107373,24.0,30,6,0.8
16420000107375,54.0,60,3,0.9
16420000107376,33.0,50,4,0.66
16420000107377,23.0,50,5,0.46
16420000107379,51.2,60,2,0.853
16420000107392,30.189999999999998,50,5,0.604
16420000107407,19.5,50,6,0.39
16420000107409,38.0,50,4,0.76
16420000107417,14.29,50,6,0.286
16420000107432,26.0,50,6,0.52
16420000107434,40.0,30,6,1.333
16420000107435,53.0,50,3,1.06
16420000107449,50.0,50,3,1.0
16420000107464,39.94,50,4,0.799
16420000107495,27.005000000000003,50,6,0.54
16420000107501,50.0,30,5,1.667
16420000107514,48.0,50,4,0.96
16420000107526,26.0,50,6,0.52
16420000107529,39.0,50,2,0.78
16420000107537,55.0,60,2,0.917
16420000107539,58.98,60,2,0.983
16420000107541,15.0,60,4,0.25
16420000107544,35.0,50,2,0.7
16420000107546,37.0,50,2,0.74
16420000107551,63.0,50,2,1.26
16420000107552,46.135,50,5,0.923
16420000107586,46.485,30,3,1.549
16420000107664,55.0,50,3,1.1
16420000107696,69.0,50,2,1.38
16420000107738,66.235,50,2,1.325
16420000107741,38.0,50,4,0.76
16420000107742,56.0,50,2,1.12
16420000107751,59.2,50,3,1.184
16420000107771,49.0,50,2,0.98
16420000107772,52.0,50,2,1.04
16420000107774,63.0,50,2,1.26
16420000107775,27.0,30,5,0.9
16420000107776,63.2,50,2,1.264
16420000107778,37.0,50,5,0.74
16420000107801,26.2,50,6,0.524
16420000107808,27.0,50,6,0.54
16420000107812,56.775,50,4,1.136
16420000107819,33.0,50,6,0.66
16420000107892,91.0,70,2,1.3
16420000107893,89.935,50,2,1.799
16420000107907,52.0,50,2,1.04
16420000107908,67.72000000000001,50,2,1.354
16420000107911,50.0,50,3,1.0
16420000107914,41.0,30,4,1.367
16420000107927,20.0,30,6,0.667
16420000107928,40.0,50,4,0.8
16420000107986,46.7,50,2,0.934
16420000108111,26.0,50,6,0.52
16420000108114,31.0,30,6,1.033
16420000108115,36.0,50,5,0.72
16420000108116,30.0,50,6,0.6
16420000108117,25.0,50,6,0.5
16420000108120,47.0,50,6,0.94
16420000108126,34.0,30,6,1.133
16420000108127,37.45499999999999,50,6,0.749
16420000108144,29.0,18,2,1.611
16420000108151,24.0,50,6,0.48
16420000108153,49.955,50,4,0.999
16420000108160,52.0,50,3,1.04
16420000108161,24.7,50,6,0.494
16420000108162,34.85,18,6,1.936
16420000108164,45.5,50,6,0.91
16420000108169,40.0,50,5,0.8
16420000108170,24.244999999999997,50,5,0.485
16420000108172,60.0,50,2,1.2
16420000108176,49.0,50,2,0.98
16420000108180,41.0,50,2,0.82
16420000108184,27.0,50,4,0.54
16420000108186,46.6,60,2,0.777
16420000108246,28.0,50,6,0.56
16420000108256,58.0,50,3,1.16
16420000108274,62.0,50,2,1.24
16420000108281,72.0,60,2,1.2
16420000108289,31.475,50,5,0.63
16420000108290,56.0,50,2,1.12
16420000108297,40.0,50,2,0.8
16420000108320,43.6,50,6,0.872
16420000108323,31.1,30,6,1.037
16420000108331,26.299999999999997,30,6,0.877
16420000108335,45.0,50,4,0.9
16420000108337,27.599999999999998,50,6,0.552
16420000108345,51.849999999999994,50,5,1.037
16420000108348,47.0,50,5,0.94
16420000108354,60.0,50,2,1.2
16420000108365,50.0,50,4,1.0
16420000108366,25.950000000000003,50,2,0.519
16420000108373,56.34,30,2,1.878
16420000108376,49.0,30,6,1.633
16420000108377,42.0,50,3,0.84
16420000108382,24.55,30,6,0.818
16420000108403,32.335,50,6,0.647
16420000108404,24.0,50,4,0.48
16420000108411,21.75,50,3,0.435
16420000108412,51.5,50,2,1.03
16420000108418,40.495,50,6,0.81
16420000108424,53.0,50,4,1.06
16420000108432,46.0,50,4,0.92
16420000108437,61.0,50,2,1.22
16420000108438,32.0,30,2,1.067
16420000108468,29.0,30,6,0.967
16420000108469,46.78999999999999,30,6,1.56
16420000108474,58.0,50,3,1.16
16420000108477,54.0,50,5,1.08
16420000108522,57.0,50,3,1.14
16420000108561,23.3,50,6,0.466
16420000108563,42.0,50,6,0.84
16420000108571,42.0,30,6,1.4
16420000108581,48.0,50,4,0.96
16420000108584,45.9,50,5,0.918
16420000108623,35.0,50,4,0.7
16420000108634,13.699999999999989,50,5,0.274
16420000108680,37.0,50,4,0.74
16420000108681,58.0,50,2,1.16
16420000108682,29.964999999999996,50,2,0.599
16420000108684,16.0,30,6,0.533
16420000108685,55.9,50,4,1.118
16420000108733,61.0,50,2,1.22
16420000108734,61.0,60,2,1.017
16420000108750,62.0,60,2,1.033
16420000108789,65.0,60,2,1.083
16420000108791,42.0,50,3,0.84
16420000108793,29.0,50,6,0.58
16420000108809,25.235,50,2,0.505
16420000108811,36.0,50,2,0.72
16420000108842,32.97,50,6,0.659
16420000108843,57.9,50,2,1.158
16420000108846,44.0,60,2,0.733
16420000108847,29.379999999999995,60,2,0.49
16420000108850,43.0,50,4,0.86
16420000108851,32.0,60,2,0.533
16420000108853,49.0,30,3,1.633
16420000108854,47.0,60,2,0.783
16420000108856,45.0,50,4,0.9
16420000108857,44.915,50,4,0.898
16420000108865,36.0,50,6,0.72
16420000108873,37.0,50,5,0.74
16420000108919,44.5,50,2,0.89
16420000108924,22.0,50,3,0.44
16420000108925,43.0,50,3,0.86
16420000108929,52.0,50,4,1.04
16420000108968,46.0,50,6,0.92
16420000108977,39.0,50,6,0.78
16420000108978,46.0,50,4,0.92
16420000108999,24.889999999999997,50,4,0.498
16420000109001,53.0,50,4,1.06
16420000109002,24.0,50,6,0.48
16420000109007,60.0,50,2,1.2
16420000109009,51.0,50,3,1.02
16420000109010,56.55999999999999,50,4,1.131
16420000109017,40.645,50,4,0.813
16420000109018,57.5,50,6,1.15
16420000109019,44.0,50,6,0.88
16420000109028,49.0,50,4,0.98
16420000109031,53.4,30,3,1.78
16420000109032,55.0,30,3,1.833
16420000109034,45.0,50,6,0.9
16420000109052,33.97,30,6,1.132
16420000109055,53.21000000000001,50,2,1.064
16420000109059,23.65,30,6,0.788
16420000109062,22.0,50,6,0.44
16420000109111,51.0,50,4,1.02
16420000109123,27.865,30,6,0.929
16420000109150,43.0,40,5,1.075
16420000109167,39.0,50,4,0.78
16420000109168,36.5,50,6,0.73
16420000109200,62.0,50,2,1.24
16420000109209,40.0,50,4,0.8
16420000109211,53.639999999999986,50,4,1.073
16420000109212,56.085,30,4,1.87
16420000109215,16.175,18,2,0.899
16420000109225,20.06,50,4,0.401
16420000109230,19.3,50,6,0.386
16420000109237,25.0,50,6,0.5
16420000109245,44.629999999999995,50,5,0.893
16420000109251,44.0,60,2,0.733
16420000109265,33.4,50,6,0.668
16420000109269,56.0,50,2,1.12
16420000109377,37.254999999999995,30,6,1.242
16420000109380,61.0,60,2,1.017
16420000109395,23.55,50,6,0.471
16420000109405,57.0,50,4,1.14
16420000109412,43.0,30,4,1.433
16420000109413,38.0,50,4,0.76
16420000109414,48.964999999999996,30,4,1.632
16420000109521,59.0,60,2,0.983
16420000109522,61.0,30,2,2.033
16420000109543,56.0,50,4,1.12
16420000109691,33.0,50,4,0.66
16420000109692,36.0,30,4,1.2
16420000109695,16.0,50,6,0.32
16420000109697,56.0,50,3,1.12
16420000109698,61.26999999999999,30,4,2.042
16420000109699,33.8,50,4,0.676
16420000109709,17.0,50,5,0.34
16420000109713,35.339999999999996,50,6,0.707
16420000109717,20.799999999999997,50,6,0.416
16420000109761,27.199999999999996,50,5,0.544
16420000109790,2.4,50,6,0.048
16420000109837,49.015,30,2,1.634
16420000109838,30.2,50,4,0.604
16420000109843,38.85999999999999,50,2,0.777
16420000109862,56.6,50,4,1.132
16420000109881,20.299999999999997,30,6,0.677
16420000109887,40.8,50,6,0.816
16420000109894,44.0,50,3,0.88
16420000109897,30.279999999999998,30,5,1.009
16420000109901,61.0,50,3,1.22
16420000109907,17.775,50,6,0.356
16420000109908,28.0,50,4,0.56
16420000109909,62.0,60,4,1.033
16420000109911,27.0,18,2,1.5
16420000109914,31.0,60,2,0.517
16420000109915,49.6,50,4,0.992
16420000109918,30.83,50,6,0.617
16420000109943,54.0,50,2,1.08
16420000109966,46.42499999999998,30,4,1.547
16420000109968,34.0,50,2,0.68
16420000110017,31.0,50,6,0.62
16420000110028,44.8,50,4,0.896
16420000110034,32.95,50,6,0.659
16420000110040,48.794999999999995,30,3,1.626
16420000110044,54.2,60,2,0.903
16420000110045,39.375,50,6,0.788
16420000110047,53.1,50,4,1.062
16420000110052,26.06499999999999,50,6,0.521
16420000110059,56.254999999999995,50,4,1.125
16420000110063,41.0,50,3,0.82
16420000110071,34.8,50,6,0.696
16420000110077,35.7,50,3,0.714
16420000110087,35.0,50,2,0.7
16420000110090,29.56,50,4,0.591
16420000110125,53.0,50,3,1.06
16420000110128,29.82,50,2,0.596
16420000110134,53.0,50,2,1.06
16420000110135,37.0,30,6,1.233
16420000110141,47.18000000000001,50,4,0.944
16420000110274,34.64999999999999,50,6,0.693
16420000110398,53.33499999999998,50,3,1.067
16420000110399,46.9,50,2,0.938
16420000110402,47.0,30,2,1.567
16420000110403,55.685,50,3,1.114
16420000110404,67.0,50,2,1.34
16420000110405,35.0,50,5,0.7
16420000110412,48.0,50,5,0.96
16420000110413,53.910000000000004,30,3,1.797
16420000110455,39.0,50,5,0.78
16420000110462,42.0,50,4,0.84
16420000110473,21.0,50,4,0.42
16420000110475,33.0,30,4,1.1
16420000110486,28.35,50,5,0.567
16420000110488,41.379999999999995,30,6,1.379
16420000110536,57.0,50,4,1.14
16420000110586,45.0,50,3,0.9
16420000110587,42.0,50,5,0.84
16420000110596,66.0,60,2,1.1
16420000110726,31.764999999999997,50,5,0.635
16420000110727,38.1,50,2,0.762
16420000110734,56.784999999999975,60,2,0.946
16420000110744,37.0,50,3,0.74
16420000110750,26.685000000000002,50,5,0.534
16420000110756,50.0,50,4,1.0
16420000110770,51.0,30,3,1.7
16420000110778,29.64999999999999,50,6,0.593
16420000110796,29.0,50,5,0.58
16420000110803,59.0,60,2,0.983
16420000110804,27.939999999999998,30,6,0.931
16420000110812,10.5,30,2,0.35
16420000110814,27.0,50,6,0.54
16420000110818,39.62,50,6,0.792
16420000110821,34.0,50,6,0.68
16420000110823,50.0,50,2,1.0
16420000110826,41.0,50,3,0.82
16420000110829,27.0,50,6,0.54
16420000110830,26.609999999999996,50,4,0.532
16420000110836,48.625,50,5,0.972
16420000110837,42.225,50,6,0.844
16420000110851,48.0,50,4,0.96
16420000110857,49.0,60,2,0.817
16420000110934,55.0,50,4,1.1
16420000110935,30.0,50,2,0.6
16420000110939,59.0,50,2,1.18
16420000110941,55.455,50,2,1.109
16420000110943,50.545000000000016,50,2,1.011
16420000110944,47.05,50,5,0.941
16420000110946,34.0,50,2,0.68
16420000110947,37.0,50,2,0.74
16420000110956,70.0,50,6,1.4
16420000110990,35.0,50,2,0.7
16420000111150,47.0,50,4,0.94
16420000111152,40.0,50,3,0.8
16420000111166,50.80999999999998,50,6,1.016
16420000111373,33.955,50,4,0.679
16420000111380,55.0,50,2,1.1
16420000111382,17.9,50,6,0.358
16420000111440,53.0,50,3,1.06
16420000111443,69.0,60,2,1.15
16420000111445,50.80000000000001,30,5,1.693
16420000111447,60.0,50,3,1.2
16420000111456,40.0,50,4,0.8
16420000111503,32.0,50,2,0.64
16420000111506,22.97,50,6,0.459
16420000111515,29.779999999999998,50,4,0.596
16420000111524,32.0,50,5,0.64
16420000111541,41.6,50,6,0.832
16420000111553,35.0,50,6,0.7
16420000111554,41.9,50,3,0.838
16420000111555,49.0,50,2,0.98
16420000111621,59.0,50,2,1.18
16420000111634,57.0,50,4,1.14
16420000111642,58.0,50,4,1.16
16420000111648,53.8,60,2,0.897
16420000111651,20.45,50,6,0.409
16420000111659,30.0,30,6,1.0
16420000111660,53.81999999999999,60,4,0.897
16420000111700,32.0,50,4,0.64
16420000111703,33.0,50,4,0.66
16420000111704,24.0,50,6,0.48
16420000111751,32.4,50,5,0.648
16420000111756,41.0,60,2,0.683
16420000111757,54.0,50,2,1.08
16420000111758,30.0,50,6,0.6
16420000111760,43.825,50,3,0.876
16420000111761,50.0,50,3,1.0
16420000111762,54.0,60,2,0.9
16420000111764,59.3,50,4,1.186
16420000111766,45.904999999999994,60,2,0.765
16420000111767,50.82999999999999,60,2,0.847
16420000111769,43.0,50,4,0.86
16420000111770,51.51,50,4,1.03
16420000111853,34.0,40,2,0.85
16420000111854,35.0,50,6,0.7
16420000111871,36.0,50,4,0.72
16420000111872,34.059999999999995,50,4,0.681
16420000111876,39.144999999999996,50,6,0.783
16420000111881,51.33,50,4,1.027
16420000111891,50.0,50,4,1.0
16420000111894,58.4,60,2,0.973
16420000111905,47.5,50,4,0.95
16420000111908,50.0,50,5,1.0
16420000111911,47.9,50,5,0.958
16420000111922,37.0,50,6,0.74
16420000111923,36.0,30,6,1.2
16420000111957,36.0,50,2,0.72
16420000111958,32.940000000000005,50,4,0.659
16420000111961,38.0,23,2,1.652
16420000111963,59.0,50,2,1.18
16420000111965,41.0,50,4,0.82
16420000112008,26.0,50,6,0.52
16420000112009,42.0,50,4,0.84
16420000112014,59.3,30,4,1.977
16420000112133,28.0,50,6,0.56
16420000112140,42.0,50,5,0.84
16420000112209,30.0,50,6,0.6
16420000112221,17.009999999999998,50,3,0.34
16420000112223,20.25,50,2,0.405
16420000112224,40.6,50,4,0.812
16420000112249,33.07,50,4,0.661
16420000112307,22.7,50,6,0.454
16420000112308,24.0,30,6,0.8
16420000112309,38.0,60,2,0.633
16420000112531,50.0,30,3,1.667
16420000112533,32.0,50,2,0.64
16420000112538,36.0,50,2,0.72
16420000112543,36.70999999999999,50,3,0.734
16420000112560,66.5,50,2,1.33
16420000112561,50.0,50,4,1.0
16420000112562,16.299999999999983,18,4,0.906
16420000112564,36.89999999999997,18,5,2.05
16420000112565,56.165,60,3,0.936
16420000112569,57.0,50,2,1.14
16420000112572,60.0,60,2,1.0
16420000112579,35.0,50,2,0.7
16420000112582,40.0,50,3,0.8
16420000112588,67.2,30,6,2.24
16420000112617,35.78999999999999,50,4,0.716
16420000112618,21.299999999999997,50,6,0.426
16420000112622,46.1,30,1,1.537
16420000112653,45.0,50,4,0.9
16420000112703,26.0,30,6,0.867
16420000112888,43.0,30,6,1.433
16420000112894,23.43,30,6,0.781
16420000112897,53.0,50,4,1.06
16420000112906,17.0,60,4,0.283
16420000112924,25.829999999999995,50,5,0.517
16420000112941,34.7,50,6,0.694
16420000112961,30.520000000000007,50,4,0.61
16420000112962,60.0,50,4,1.2
16420000112964,62.0,50,4,1.24
16420000112965,60.0,50,4,1.2
16420000112967,61.0,50,4,1.22
16420000112968,72.0,50,2,1.44
16420000112971,63.105,50,4,1.262
16420000112974,64.1,50,4,1.282
16420000112979,43.0,50,6,0.86
16420000112989,23.0,50,5,0.46
16420000113000,70.125,60,2,1.169
16420000113051,36.0,70,2,0.514
16420000113069,49.0,50,4,0.98
16420000113073,24.9,50,6,0.498
16420000113078,34.2,50,5,0.684
16420000113145,40.169999999999995,50,4,0.803
16420000113147,58.0,50,4,1.16
16420000113203,58.0,50,2,1.16
16420000113204,47.0,50,2,0.94
16420000113205,55.1,60,2,0.918
16420000113206,41.379999999999995,50,2,0.828
16420000113207,46.0,50,2,0.92
16420000113208,53.275,50,3,1.066
16420000113209,65.235,50,2,1.305
16420000113210,47.0,50,2,0.94
16420000113218,25.729999999999997,50,6,0.515
16420000113374,39.0,50,5,0.78
16420000113467,23.3,50,3,0.466
16420000113472,52.0,50,1,1.04
16420000113499,25.0,50,5,0.5
16420000113534,30.0,50,4,0.6
16420000113540,56.0,50,4,1.12
16420000113561,40.0,30,4,1.333
16420000113564,26.4,50,4,0.528
16420000113565,15.26,50,6,0.305
16420000113566,20.3,50,5,0.406
16420000113567,55.099999999999966,50,3,1.102
16420000113575,36.0,50,6,0.72
16420000113577,61.0,50,2,1.22
16420000113578,12.9,18,2,0.717
16420000113579,25.0,18,4,1.389
16420000113580,48.0,50,5,0.96
16420000113787,11.0,50,6,0.22
16420000113788,35.0,50,2,0.7
16420000113789,73.0,40,2,1.825
16420000113790,50.0,50,3,1.0
16420000113791,51.0,50,4,1.02
16420000113794,59.0,50,3,1.18
16420000113798,60.0,50,2,1.2
16420000113857,50.0,50,2,1.0
16420000113859,43.6,50,5,0.872
16420000113873,15.745,30,6,0.525
16420000113883,52.98,50,2,1.06
16420000113971,48.0,50,2,0.96
16420000113972,60.0,50,2,1.2
16420000114045,24.0,60,4,0.4
16420000114050,24.0,50,5,0.48
16420000114052,48.4,30,4,1.613
16420000114058,45.0,50,2,0.9
16420000114059,50.0,60,2,0.833
16420000114060,54.0,50,4,1.08
16420000114063,45.0,50,2,0.9
16420000114066,45.025,50,3,0.9
16420000114067,46.0,50,3,0.92
16420000114070,52.0,50,2,1.04
16420000114072,33.0,50,4,0.66
16420000114075,26.214999999999996,50,5,0.524
16420000114077,33.0,50,6,0.66
16420000114082,42.0,50,2,0.84
16420000114086,47.879999999999995,50,4,0.958
16420000114087,13.0,60,2,0.217
16420000114089,56.0,50,4,1.12
16420000114097,48.745,50,4,0.975
16420000114101,42.0,50,5,0.84
16420000114104,57.45,50,2,1.149
16420000114144,45.29499999999999,50,6,0.906
16420000114152,22.0,30,6,0.733
16420000114154,42.3,50,4,0.846
16420000114156,27.86,50,6,0.557
16420000114210,38.0,30,6,1.267
16420000114211,45.0,60,2,0.75
16420000114212,52.0,50,3,1.04
16420000114215,31.0,50,4,0.62
16420000114216,54.0,50,3,1.08
16420000114217,23.4,50,5,0.468
16420000114218,33.0,50,4,0.66
16420000114232,52.0,30,3,1.733
16420000114233,52.0,60,4,0.867
16420000114272,32.2,50,3,0.644
16420000114397,24.0,50,6,0.48
16420000114399,55.9,50,3,1.118
16420000114420,28.0,30,3,0.933
16420000114619,33.0,18,2,1.833
16420000114652,43.0,50,4,0.86
16420000114653,30.0,60,4,0.5
16420000114673,63.0,50,2,1.26
16420000114675,62.0,50,3,1.24
16420000114731,64.0,60,2,1.067
16420000114732,61.0,50,4,1.22
16420000114740,55.115,50,4,1.102
16420000114775,34.535000000000004,50,4,0.691
16420000114820,32.0,50,6,0.64
16420000114823,37.099999999999994,30,6,1.237
16420000114824,42.0,30,6,1.4
16420000114837,43.0,50,2,0.86
16420000115377,44.7,50,3,0.894
16420000115381,50.0,50,4,1.0
16420000115387,63.55000000000001,50,3,1.271
16420000115392,30.84,30,6,1.028
16420000115465,54.7,60,2,0.912
16420000115471,61.0,50,4,1.22
16420000115501,59.8,50,3,1.196
16420000115600,43.0,30,6,1.433
16420000115670,61.0,50,3,1.22
16420000116269,65.0,50,2,1.3
16420000116270,48.0,50,2,0.96
16420000116271,32.0,50,5,0.64
16420000116274,22.0,30,6,0.733
16420000116288,26.0,50,2,0.52
16420000116390,31.415,50,4,0.628
16420000116392,53.5,50,4,1.07
16420000116393,53.0,50,4,1.06
16420000116394,54.0,50,4,1.08
16420000116460,50.105000000000004,50,2,1.002
16420000116473,58.0,50,4,1.16
16420000116474,63.0,50,4,1.26
16420000116482,53.0,60,2,0.883
16420000116483,57.32999999999999,30,4,1.911
16420000116485,63.0,50,2,1.26
16420000116486,38.0,50,5,0.76
16420000116487,46.0,60,2,0.767
16420000116488,35.9,50,2,0.718
16420000116489,45.0,50,2,0.9
16420000116491,32.4,40,4,0.81
16420000116493,48.0,50,2,0.96
16420000116494,50.035000000000004,50,2,1.001
16420000116495,49.535000000000004,60,2,0.826
16420000116496,48.07000000000001,60,2,0.801
16420000116497,42.935,60,2,0.716
16420000116498,48.0,60,2,0.8
16420000116499,52.0,60,2,0.867
16420000116500,58.0,50,2,1.16
16420000116501,59.0,50,2,1.18
16420000116502,55.0,50,2,1.1
16420000116503,41.0,30,2,1.367
16420000116504,35.0,30,2,1.167
16420000116700,35.0,50,4,0.7
16420000116701,49.3,50,4,0.986
16420000116702,49.0,50,4,0.98
16420000116704,48.9,50,4,0.978
16420000116705,51.1,50,4,1.022
16420000116706,50.0,50,4,1.0
16420000116707,50.96999999999999,50,4,1.019
16420000116708,48.155,50,4,0.963
16420000116709,46.0,50,4,0.92
16420000116710,46.9,50,4,0.938
16420000116711,48.0,50,4,0.96
16420000116750,50.0,50,4,1.0
16420000116836,60.0,50,2,1.2
16420000116847,26.0,50,4,0.52
16420000116928,52.22,50,4,1.044
16420000117210,44.0,50,5,0.88
16420000117218,52.0,50,5,1.04
16420000117220,50.0,50,3,1.0
16420000117238,46.0,50,4,0.92
16420000117253,34.0,50,6,0.68
16420000117277,41.0,30,4,1.367
16420000117282,30.52,50,6,0.61
16420000117283,23.079999999999995,50,4,0.462
16420000117286,26.0,50,3,0.52
16420000117339,19.64,50,6,0.393
16420000117340,18.059999999999995,50,4,0.361
16420000117344,31.75,50,4,0.635
16420000117345,55.0,50,2,1.1
16420000117347,46.0,50,4,0.92
16420000117348,50.339999999999996,50,4,1.007
16420000117501,62.37999999999998,50,2,1.248
16420000117502,55.1,50,4,1.102
16420000117961,53.0,50,4,1.06
16420000117962,44.730000000000004,50,4,0.895
16420000118172,47.355,30,4,1.578
16420000118173,50.559999999999995,50,4,1.011
16420000118237,49.6,50,3,0.992
16420000118300,54.75,50,4,1.095
16420000118324,44.0,50,6,0.88
16420000118368,51.0,50,4,1.02
16420000118412,57.0,50,4,1.14
16420000118420,22.0,60,2,0.367
16420000118493,35.0,70,1,0.5
16420000118494,38.0,50,3,0.76
16420000118532,46.0,50,4,0.92
16420000118533,35.0,40,2,0.875
16420000118567,43.0,60,2,0.717
16420000118569,44.77,50,2,0.895
16420000118582,34.0,50,4,0.68
16420000118584,52.0,50,5,1.04
16420000118588,33.910000000000004,50,4,0.678
16420000118589,43.0,50,4,0.86
16420000118593,31.0,50,6,0.62
16420000118594,36.0,50,4,0.72
16420000118595,37.0,50,4,0.74
16420000118596,31.0,50,4,0.62
16420000118597,27.0,50,4,0.54
16420000118598,25.0,30,4,0.833
16420000118599,35.0,30,4,1.167
16420000118600,40.9,30,4,1.363
16420000118601,35.0,50,6,0.7
16420000118983,51.330000000000005,50,3,1.027
16420000118984,55.0,40,3,1.375
16420000118985,56.0,40,3,1.4
16420000118986,55.32999999999999,40,3,1.383
16420000118988,52.0,40,3,1.3
16420000118990,49.0,30,3,1.633
16420000118992,34.0,30,3,1.133
16420000118993,40.0,50,3,0.8
16420000118997,48.6,60,3,0.81
16420000118998,57.6,60,3,0.96
16420000118999,58.0,60,3,0.967
16420000119486,54.0,60,4,0.9
16420000119491,48.0,50,6,0.96
16420000119492,33.88,50,6,0.678
16420000119493,29.0,50,3,0.58
16420000119494,39.6,50,3,0.792
16420000119495,46.0,50,3,0.92
16420000119504,25.7,50,6,0.514
16420000119505,40.9,50,6,0.818
16420000119509,21.0,50,6,0.42
16420000119511,41.0,30,6,1.367
16420000119521,39.16,50,6,0.783
16420000119523,34.0,50,6,0.68
16420000119524,27.0,50,6,0.54
16420000119525,49.07,50,5,0.981
16420000119542,28.4,50,6,0.568
16420000119543,46.0,50,2,0.92
16420000119609,25.0,50,2,0.5
16420000119610,35.205000000000005,50,4,0.704
16420000119672,35.0,40,4,0.875
16420000119677,53.0,50,4,1.06
16420000119678,51.419999999999995,50,4,1.028
16420000119679,39.230000000000004,50,4,0.785
16420000119680,27.439999999999998,50,4,0.549
16420000119681,38.364999999999995,50,4,0.767
16420000119682,42.0,50,4,0.84
16420000119683,51.0,50,4,1.02
16420000119684,48.0,50,4,0.96
16420000119685,44.0,50,4,0.88
16420000119686,44.7,50,4,0.894
16420000119687,47.0,50,4,0.94
16420000119688,48.9,50,4,0.978
16420000119689,44.0,50,4,0.88
16420000119691,29.1,50,4,0.582
16420000119724,57.0,50,3,1.14
16420000119725,34.0,50,6,0.68
16420000119760,48.33999999999998,50,3,0.967
16420000119768,58.0,50,2,1.16
16420000119888,35.0,50,6,0.7
16420000119889,35.0,50,6,0.7
16420000119891,45.0,50,6,0.9
16420000119989,36.0,60,4,0.6
16420000120281,55.705,50,3,1.114
16420000120293,56.0,50,3,1.12
16420000120465,26.0,50,6,0.52
16420000120467,50.0,30,3,1.667
16420000120468,61.599999999999994,50,6,1.232
16420000120471,33.0,50,2,0.66
16420000120475,50.0,50,2,1.0
16420000120477,48.08,50,2,0.962
16420000120478,46.0,50,2,0.92
16420000120484,65.695,50,4,1.314
16420000120487,75.0,30,3,2.5
16420000120515,26.0,30,6,0.867
16420000120536,38.0,50,4,0.76
16420000120537,39.0,50,4,0.78
16420000120538,42.0,50,4,0.84
16420000120539,42.0,50,4,0.84
16420000120657,38.25,50,5,0.765
16420000120848,46.0,50,2,0.92
16420000120947,23.14999999999999,50,6,0.463
16420000120948,27.0,50,6,0.54
16420000120949,9.2,18,3,0.511
16420000120951,27.0,50,6,0.54
16420000120971,42.0,60,3,0.7
16420000121070,69.82,50,6,1.396
16420000121445,46.379999999999995,30,4,1.546
16420000121446,41.2,50,4,0.824
16420000121450,50.0,50,4,1.0
16420000121452,59.0,50,2,1.18
16420000121625,45.0,50,6,0.9
16420000121626,89.0,70,2,1.271
16420000121639,51.370000000000005,30,4,1.712
16420000121641,46.075,50,3,0.922
16420000121644,56.0,50,2,1.12
16420000121733,14.0,50,6,0.28
16420000121957,33.1,50,2,0.662
16420000121958,52.0,50,2,1.04
16420000121960,32.0,50,6,0.64
16420000121964,35.0,50,3,0.7
16420000121993,43.470000000000006,50,4,0.869
16420000122157,37.0,50,3,0.74
16420000122165,38.0,50,3,0.76
16420000122189,57.0,50,2,1.14
16420000122192,29.0,50,4,0.58
16420000122193,27.1,50,4,0.542
16420000122198,30.18,26,4,1.161
16420000122202,50.0,50,2,1.0
16420000122256,60.0,60,2,1.0
16420000122258,54.18,50,2,1.084
16420000122259,90.0,50,2,1.8
16420000122261,45.7,50,2,0.914
16420000122262,53.2,60,2,0.887
16420000122263,51.0,50,2,1.02
16420000122534,38.0,50,6,0.76
16420000122555,28.0,50,2,0.56
16420000122587,56.870000000000005,30,4,1.896
16420000122590,41.0,30,6,1.367
16420000122595,23.0,50,6,0.46
16420000122604,42.955,50,5,0.859
16420000122605,59.0,50,4,1.18
16420000122606,31.0,18,3,1.722
16420000122652,49.0,50,4,0.98
16420000122928,37.185,50,6,0.744
16420000122930,42.0,50,4,0.84
16420000122932,32.0,50,4,0.64
16420000122984,56.8,50,2,1.136
16420000123008,24.339999999999996,50,3,0.487
16420000123012,90.0,70,2,1.286
16420000123056,54.0,50,3,1.08
16420000123057,64.0,50,2,1.28
16420000123059,34.3,50,5,0.686
16420000123060,65.925,30,4,2.198
16420000123061,53.69,50,4,1.074
16420000123215,25.1,50,6,0.502
16420000123218,62.73,60,2,1.045
16420000123235,33.0,30,6,1.1
16420000123398,48.585,50,5,0.972
16420000123412,43.0,50,4,0.86
16420000123500,43.0,50,6,0.86
16420000123547,35.9,50,6,0.718
16420000123550,32.3,50,6,0.646
16420000123552,59.0,30,2,1.967
16420000123553,52.0,50,2,1.04
16420000123555,42.0,60,2,0.7
16420000123556,36.0,40,4,0.9
16420000123558,29.0,60,2,0.483
16420000123559,24.715,50,6,0.494
16420000123565,48.0,50,2,0.96
16420000123567,60.80500000000001,50,2,1.216
16420000123581,71.905,50,6,1.438
16420000123585,87.135,50,2,1.743
16420000123628,54.315,50,3,1.086
16420000123629,37.27,21,2,1.775
16420000123632,42.0,50,3,0.84
16420000123636,35.0,50,2,0.7
16420000123639,52.0,50,2,1.04
16420000123641,57.835,50,2,1.157
16420000123642,58.775,50,4,1.176
16420000123644,44.0,50,5,0.88
16420000123683,34.0,50,2,0.68
16420000123770,16.0,50,6,0.32
16420000123773,60.0,50,2,1.2
16420000123774,38.0,50,4,0.76
16420000123776,46.0,50,3,0.92
16420000123779,45.0,50,2,0.9
16420000123783,37.0,50,4,0.74
16420000123927,30.405,50,4,0.608
16420000124036,47.0,50,3,0.94
16420000124274,53.0,50,3,1.06
16420000124516,60.835,60,2,1.014
16420000124517,46.3,50,3,0.926
16420000124518,31.899999999999977,50,3,0.638
16420000124520,45.11999999999998,50,2,0.902
16420000124522,50.50500000000001,50,2,1.01
16420000124527,31.0,50,6,0.62
16420000124532,17.07,50,2,0.341
16420000124538,27.219999999999995,50,6,0.544
16420000124545,47.0,50,4,0.94
16420000124549,28.914999999999996,60,2,0.482
16420000124551,52.0,50,4,1.04
16420000124728,23.0,50,2,0.46
16420000124733,58.1,60,2,0.968
16420000124847,62.0,60,2,1.033
16420000124924,50.0,50,3,1.0
16420000124925,62.0,50,3,1.24
16420000124926,21.0,50,4,0.42
16420000124927,73.4,50,2,1.468
16420000124928,69.3,50,2,1.386
16420000124940,42.0,50,2,0.84
16420000125126,35.0,50,6,0.7
16420000125130,50.5,50,5,1.01
16420000125131,20.66,50,6,0.413
16420000125133,48.904999999999994,50,3,0.978
16420000125136,56.3,50,2,1.126
16420000125137,31.46000000000001,50,2,0.629
16420000125154,54.0,30,4,1.8
16420000125156,26.0,30,6,0.867
16420000125167,34.0,30,6,1.133
16420000125199,54.0,50,2,1.08
16420000125204,60.0,50,3,1.2
16420000125207,26.0,50,4,0.52
16420000125210,73.0,50,3,1.46
16420000125211,28.0,50,4,0.56
16420000125215,42.0,50,2,0.84
16420000125218,53.0,50,3,1.06
16420000125220,52.9,50,2,1.058
16420000125265,32.0,50,4,0.64
16420000125364,24.0,30,4,0.8
16420000125374,33.11,50,2,0.662
16420000125759,34.36,30,6,1.145
16420000126471,45.0,50,3,0.9
16420000126496,43.2,50,6,0.864
16420000126498,23.0,50,6,0.46
16420000126506,57.0,60,2,0.95
16420000126702,47.0,50,2,0.94
16420000126705,53.0,50,2,1.06
16420000126707,59.0,50,2,1.18
16420000126711,45.0,50,4,0.9
16420000126715,47.0,50,2,0.94
16420000126716,57.964999999999954,50,2,1.159
16420000126861,57.0,50,4,1.14
16420000126862,17.0,50,6,0.34
16420000126865,36.0,50,5,0.72
16420000126866,38.515,50,2,0.77
16420000126867,59.1,60,2,0.985
16420000126870,87.0,70,2,1.243
16420000126873,64.6,50,2,1.292
16420000126874,58.0,50,3,1.16
16420000126877,39.77999999999997,50,2,0.796
16420000127024,22.48,50,6,0.45
16420000127028,40.2,50,3,0.804
16420000127030,27.41,50,4,0.548
16420000127038,93.2,50,2,1.864
16420000127041,27.0,50,5,0.54
16420000127191,48.0,25,2,1.92
16420000127248,30.35,50,6,0.607
16420000127249,51.059999999999995,50,2,1.021
16420000127250,47.0,50,2,0.94
16420000127251,31.0,50,6,0.62
16420000127253,36.0,50,4,0.72
16420000127254,38.035000000000004,50,2,0.761
16420000127258,45.0,50,2,0.9
16420000127434,44.0,50,3,0.88
16420000127440,59.6,50,2,1.192
16420000127441,19.0,50,3,0.38
16420000127572,60.0,50,4,1.2
16420000127659,90.44000000000001,70,1,1.292
16420000127668,32.0,50,6,0.64
16420000127675,47.45,50,4,0.949
16420000127693,22.19,30,6,0.74
16420000127706,52.0,60,2,0.867
16420000128029,51.0,50,2,1.02
16420000128031,51.0,50,2,1.02
16420000128034,61.34,50,3,1.227
16420000128191,38.3,70,2,0.547
16420000128192,35.82,50,6,0.716
16420000128196,41.0,60,2,0.683
16420000128198,57.0,60,2,0.95
16420000128201,60.0,50,3,1.2
16420000128203,41.0,50,3,0.82
16420000128211,50.0,50,4,1.0
16420000128286,36.0,50,2,0.72
16420000128289,54.0,50,4,1.08
16420000128350,56.0,60,2,0.933
16420000128353,24.0,50,6,0.48
16420000128354,48.0,50,2,0.96
16420000128356,31.0,50,2,0.62
16420000128359,40.9,50,2,0.818
16420000128368,40.04,50,6,0.801
16420000128525,54.6,50,3,1.092
16420000128537,53.199999999999996,18,2,2.956
16420000128539,43.6,50,3,0.872
16420000128615,56.0,30,4,1.867
16420000128718,29.0,50,2,0.58
16420000128723,34.0,50,4,0.68
16420000128886,55.964999999999996,50,2,1.119
16420000128887,29.520000000000007,50,6,0.59
16420000128889,41.0,30,6,1.367
16420000128892,61.30500000000001,50,2,1.226
16420000128900,57.0,50,2,1.14
16420000128901,34.0,50,4,0.68
16420000128908,58.0,50,3,1.16
16420000128909,50.0,50,3,1.0
16420000128911,26.599999999999987,50,6,0.532
16420000128914,45.0,50,5,0.9
16420000128917,34.0,50,2,0.68
16420000128918,50.26,50,5,1.005
16420000128924,44.0,30,4,1.467
16420000128957,49.0,50,2,0.98
16420000128960,27.4,50,5,0.548
16420000129078,16.0,50,4,0.32
16420000129084,44.0,50,6,0.88
16420000129088,12.945,50,6,0.259
16420000129089,39.0,60,2,0.65
16420000129091,72.0,40,2,1.8
16420000129093,49.0,50,4,0.98
16420000129103,50.0,50,4,1.0
16420000129110,61.27,50,2,1.225
16420000129113,48.35999999999999,50,3,0.967
16420000129117,57.0,50,2,1.14
16420000129148,43.4,50,4,0.868
16420000129491,36.0,50,4,0.72
16420000129492,47.415,50,4,0.948
16420000129494,37.0,30,3,1.233
16420000129496,35.0,50,4,0.7
16420000129500,24.58,50,6,0.492
16420000129501,56.0,50,3,1.12
16420000129506,37.0,50,4,0.74
16420000129773,36.0,50,2,0.72
16420000129984,27.7,30,6,0.923
16420000130015,33.4,50,6,0.668
16420000130019,54.0,60,2,0.9
16420000130020,46.714999999999996,50,4,0.934
16420000130023,49.0,50,2,0.98
16420000130026,36.0,18,2,2.0
16420000130028,21.0,30,4,0.7
16420000130029,21.0,50,3,0.42
16420000130030,10.825,50,6,0.216
16420000130081,35.0,18,2,1.944
16420000130123,34.0,30,6,1.133
16420000130125,27.7,50,6,0.554
16420000130129,31.099999999999998,50,6,0.622
16420000130131,53.0,50,3,1.06
16420000130132,29.0,50,5,0.58
16420000130134,42.0,50,6,0.84
16420000130135,42.01,60,4,0.7
16420000130136,53.0,60,4,0.883
16420000130233,46.0,30,4,1.533
16420000130234,54.785000000000004,60,2,0.913
16420000130239,31.135,60,2,0.519
16420000130242,30.15,50,2,0.603
16420000130244,52.45,50,4,1.049
16420000130245,29.0,50,6,0.58
16420000130248,33.9,50,4,0.678
16420000130399,8.4,50,6,0.168
16420000130401,33.63,50,4,0.673
16420000130446,51.0,50,4,1.02
16420000130453,43.0,50,6,0.86
16420000130463,20.174999999999997,30,6,0.672
16420000130467,33.6,60,2,0.56
16420000130643,79.0,50,2,1.58
16420000130753,56.0,50,4,1.12
16420000131046,45.94,50,2,0.919
16420000131065,49.275,50,2,0.985
16420000131274,62.21000000000001,50,2,1.244
16420000131491,19.5,50,4,0.39
16420000131493,29.0,50,4,0.58
16420000131496,56.2,30,2,1.873
16420000131497,34.0,50,6,0.68
16420000131503,54.0,60,2,0.9
16420000131505,36.0,50,5,0.72
16420000131506,41.0,50,5,0.82
16420000131507,28.0,50,4,0.56
16420000131555,44.0,30,2,1.467
16420000132002,61.2,60,2,1.02
16420000132016,39.71999999999999,50,4,0.794
16420000132043,26.75,50,6,0.535
16420000132044,13.0,50,6,0.26
16420000132049,55.0,60,2,0.917
16420000132050,46.349999999999994,50,5,0.927
16420000132054,26.0,50,5,0.52
16420000132055,51.0,50,4,1.02
16420000132056,42.0,50,5,0.84
16420000132059,33.0,30,6,1.1
16420000132427,39.0,50,6,0.78
16420000132430,38.0,30,6,1.267
16420000132440,37.0,50,6,0.74
16420000133157,24.8,50,4,0.496
16420000133159,30.0,50,4,0.6
16420000133197,59.0,50,2,1.18
16420000133199,27.590000000000003,50,6,0.552
16420000133212,60.0,60,2,1.0
16420000133220,63.0,50,4,1.26
16420000133317,52.0,50,4,1.04
16420000133776,18.0,50,4,0.36
16420000134381,43.0,30,4,1.433
16420000134392,36.0,30,6,1.2
16420000134393,21.595,30,6,0.72
16420000134394,61.79999999999996,50,3,1.236
16420000135485,30.375,50,6,0.608
16420000135520,47.0,30,6,1.567
16420000135527,32.47,30,6,1.082
16420000135530,22.0,50,6,0.44
16420000135532,38.32999999999999,50,4,0.767
16420000135537,28.0,50,6,0.56
16420000135539,22.284999999999997,50,6,0.446
16420000135717,46.0,70,2,0.657
16420000136217,31.0,30,4,1.033
16420000136281,16.0,50,5,0.32
16420000136295,61.0,50,2,1.22
16420000136334,64.12,50,2,1.282
16420000136421,34.0,50,2,0.68
16420000136499,31.0,50,6,0.62
16420000136696,27.0,30,6,0.9
16420000136707,25.0,30,6,0.833
16420000136829,16.0,50,6,0.32
16420000136867,60.05,50,6,1.201
16420000137343,32.400000000000006,50,5,0.648
16420000137373,37.78999999999999,50,6,0.756
16420000137374,45.0,50,4,0.9
16420000137667,33.0,50,6,0.66
16420000137670,46.919999999999995,50,6,0.938
16420000137672,18.599999999999998,50,6,0.372
16420000137678,13.0,50,6,0.26
16420000137681,46.910000000000004,50,3,0.938
16420000137940,42.0,50,5,0.84
16420000137946,36.0,50,5,0.72
16420000137948,44.0,60,2,0.733
16420000137950,35.0,50,2,0.7
16420000138413,24.0,50,3,0.48
16420000138414,28.0,50,3,0.56
16420000138967,34.975,30,6,1.166
16420000138969,40.0,50,6,0.8
16420000138975,38.075,50,5,0.762
16420000138979,55.0,60,2,0.917
16420000138981,46.83,30,6,1.561
16420000138983,19.75,30,6,0.658
16420000139095,33.0,50,2,0.66
16420000139307,41.0,50,4,0.82
16420000139308,32.0,50,2,0.64
16420000139312,60.0,50,3,1.2
16420000139568,49.6,50,3,0.992
16420000140139,52.0,50,3,1.04
16420000140140,46.0,50,2,0.92
16420000140141,83.0,50,2,1.66
16420000140142,48.0,90,4,0.533
16420000140143,58.015,50,4,1.16
16420000140145,54.0,50,4,1.08
16420000140146,52.0,60,2,0.867
16420000140699,58.0,50,3,1.16
16420000140700,24.1,30,6,0.803
16420000140701,41.4,50,6,0.828
16420000140709,42.54,30,6,1.418
16420000140711,32.97,30,6,1.099
16420000140716,51.0,50,4,1.02
16420000140963,46.0,50,4,0.92
16420000140969,50.175000000000004,50,4,1.004
16420000141103,34.0,50,6,0.68
16420000141287,26.894999999999996,30,6,0.896
16420000141335,25.0,50,4,0.5
16420000141562,45.0,50,6,0.9
16420000141576,42.0,50,6,0.84
16420000141585,27.0,30,6,0.9
16420000141645,38.0,50,2,0.76
16420000141646,25.0,50,6,0.5
16420000141647,35.9,50,3,0.718
16420000141648,60.0,60,2,1.0
16420000141649,37.355,50,4,0.747
16420000141651,53.435,50,2,1.069
16420000141652,49.0,50,2,0.98
16420000141653,47.48,50,5,0.95
16420000141654,40.0,50,2,0.8
16420000141655,44.0,60,2,0.733
16420000142390,44.0,50,4,0.88
16420000142430,47.2,35,2,1.349
16420000142741,48.0,30,2,1.6
16420000142745,77.87,50,2,1.557
16420000143005,52.0,60,2,0.867
16420000143009,26.769999999999992,50,6,0.535
16420000143011,34.025,50,6,0.68
16420000143012,29.5,50,6,0.59
16420000143013,41.0,50,5,0.82
16420000143014,27.299999999999997,50,6,0.546
16420000143015,25.85,50,6,0.517
16420000143018,60.169999999999995,60,2,1.003
16420000143198,41.0,50,6,0.82
16420000143571,48.905,50,6,0.978
16420000143572,51.0,50,5,1.02
16420000143573,41.0,50,6,0.82
16420000143577,53.0,50,3,1.06
16420000143585,37.0,50,2,0.74
16420000143586,24.345,50,6,0.487
16420000144222,49.3,50,4,0.986
16420000144446,69.13,50,2,1.383
16420000144937,21.0,50,5,0.42
16420000144939,33.0,50,4,0.66
16420000144940,39.0,50,4,0.78
16420000144956,63.5,40,2,1.588
16420000145000,28.0,50,5,0.56
16420000145002,37.0,50,6,0.74
16420000145003,51.64,50,1,1.033
16420000145077,22.32999999999999,50,4,0.447
16420000145078,48.8,30,4,1.627
16420000145082,13.25,50,6,0.265
16420000145083,14.8,50,5,0.296
16420000145084,56.0,30,4,1.867
16420000145674,61.8,50,2,1.236
16420000145675,38.4,50,6,0.768
16420000145679,25.6,50,6,0.512
16420000145685,53.96,50,2,1.079
16420000145688,8.0,50,3,0.16
16420000145690,26.0,50,6,0.52
16420000145692,24.0,50,5,0.48
16420000146239,34.0,50,6,0.68
16420000146243,68.01,50,2,1.36
16420000146660,45.0,60,2,0.75
16420000146665,34.4,50,6,0.688
16420000146725,48.349999999999994,50,6,0.967
16420000146728,45.41499999999999,18,2,2.523
16420000147178,23.424999999999997,50,4,0.468
16420000147810,40.839999999999996,50,6,0.817
16420000147892,25.099999999999998,30,6,0.837
16420000147894,51.0,30,5,1.7
16420000147908,33.150000000000006,50,6,0.663
16420000150687,54.440000000000005,50,2,1.089
16420000150693,46.0,50,3,0.92
16420000150695,44.0,50,3,0.88
16420000150869,39.3,50,4,0.786
16420000150875,32.0,30,2,1.067
16420000151885,53.0,50,3,1.06
16420000151914,35.0,50,6,0.7
16420000152373,21.48,50,4,0.43
16420000152993,52.76999999999999,50,3,1.055
16420000152997,59.6,50,2,1.192
16420000152998,30.0,50,2,0.6
16420000153003,28.32,50,6,0.566
16420000153005,35.49,50,6,0.71
16420000153012,22.9,50,3,0.458
16420000154977,53.0,50,4,1.06
16420000154979,21.0,50,6,0.42
16420000154982,16.975,50,6,0.34
16420000154993,47.0,50,2,0.94
16420000154994,30.0,50,3,0.6
16420000155006,73.535,30,3,2.451
16420000155007,33.0,60,2,0.55
16420000155008,37.0,50,2,0.74
16420000155540,30.0,50,3,0.6
16420000156833,50.0,50,4,1.0
16420000157473,52.1,50,4,1.042
16420000157764,38.8,50,2,0.776
16420000157765,30.0,50,2,0.6
16420000157767,50.0,50,4,1.0
16420000157768,59.0,60,2,0.983
16420000157769,44.155,50,3,0.883
16420000157770,43.0,50,3,0.86
16420000157771,75.74000000000001,50,2,1.515
16420000157772,51.0,50,2,1.02
16420000157775,48.0,60,2,0.8
16420000157778,24.0,50,4,0.48
16420000157779,58.0,60,2,0.967
16420000159288,33.0,50,2,0.66
16420000159570,22.0,50,2,0.44
16420000159683,32.0,50,4,0.64
16420000159689,16.0,90,3,0.178
16420000159915,69.0,50,2,1.38
16420000159916,54.0,60,2,0.9
16420000159918,45.0,50,2,0.9
16420000159922,38.0,50,5,0.76
16420000159923,42.0,50,5,0.84
16420000159924,41.0,50,3,0.82
16420000159927,42.8,50,5,0.856
16420000159930,36.0,50,6,0.72
16420000161348,47.50499999999999,30,6,1.583
16420000161351,54.0,60,2,0.9
16420000161363,26.439999999999984,50,4,0.529
16420000161365,40.0,50,4,0.8
16420000161624,43.135000000000005,24,2,1.797
16420000161765,93.0,80,2,1.162
16420000162468,33.65,50,2,0.673
16420000162469,39.339999999999996,60,2,0.656
16420000163468,36.0,30,3,1.2
16420000163500,47.88999999999999,30,4,1.596
16420000163501,19.55,30,6,0.652
16420000163506,49.0,50,4,0.98
16420000163522,61.0,50,2,1.22
16420000164601,57.0,50,4,1.14
16420000164823,42.0,23,2,1.826
16420000165132,21.85,18,2,1.214
16420000165707,56.0,50,4,1.12
16420000165713,29.0,50,6,0.58
16420000165714,44.620000000000005,50,6,0.892
16420000165802,44.0,50,3,0.88
16420000168976,35.0,50,3,0.7
16420000168992,32.0,50,2,0.64
16420000169251,39.9,50,2,0.798
16420000171530,94.0,80,2,1.175
16420000171597,75.0,40,2,1.875
16420000172138,53.0,50,4,1.06
16420000172983,23.3,50,2,0.466
16420000172995,42.0,50,3,0.84
16420000172996,52.0,50,2,1.04
16420000172997,33.0,50,4,0.66
16420000174784,53.0,50,4,1.06
16420000175391,23.0,50,2,0.46
16420000175975,62.77999999999997,50,4,1.256
16420000175979,38.0,50,2,0.76
16420000177528,56.21,50,4,1.124
16420000177584,50.0,50,4,1.0
16420000177967,35.90999999999999,50,6,0.718
16420000177971,28.029999999999998,50,6,0.561
16420000177974,43.0,50,6,0.86
16420000179182,17.0,18,2,0.944
16420000179394,20.0,60,2,0.333
16420000179895,29.0,50,6,0.58
16420000179896,37.0,50,2,0.74
16420000179899,26.26,50,4,0.525
16420000179901,25.0,50,4,0.5
16420000180600,35.080000000000005,50,4,0.702
16420000181085,39.04,50,4,0.781
16420000181621,45.755,50,6,0.915
16420000181625,72.28999999999999,50,2,1.446
16420000181628,49.0,50,3,0.98
16420000181640,46.81,50,4,0.936
16420000181644,48.3,50,5,0.966
16420000187068,50.74,50,1,1.015
16420000187089,44.0,50,6,0.88
16420000189836,22.0,50,3,0.44
16420000191448,60.15999999999999,50,2,1.203
16420000192587,46.0,50,3,0.92
16420000192591,62.0,50,2,1.24
16420000192592,53.0,50,2,1.06
16420000194401,30.975,50,5,0.62
16420000194402,40.0,30,6,1.333
16420000194405,42.455,50,4,0.849
16420000194407,35.91,50,6,0.718
16420000194411,66.0,60,2,1.1
16420000194414,38.339999999999996,50,4,0.767
16420000194415,48.0,50,5,0.96
16420000194421,32.0,50,6,0.64
16420000195163,32.139999999999986,50,3,0.643
16420000197038,27.05,50,6,0.541
16420000197043,48.0,30,5,1.6
16420000197048,28.635,30,6,0.954
16420000198680,27.0,50,3,0.54
16420000200233,16.120000000000005,50,6,0.322
16420000200241,43.85,50,6,0.877
16420000201608,26.77,50,4,0.535
16420000201617,27.0,50,2,0.54
16420000204594,28.95,50,6,0.579
16420000204595,40.0,60,2,0.667
16420000204597,28.0,50,4,0.56
16420000206797,20.345,30,6,0.678
16420000206800,30.089999999999996,40,4,0.752
16420000207604,24.0,50,6,0.48
16420000208979,46.0,50,2,0.92
16420000209545,50.0,50,5,1.0
16420000209549,43.0,50,2,0.86
16420000209553,47.0,50,5,0.94
16420000209555,26.3,50,4,0.526
16420000214434,51.0,50,6,1.02
16420000214455,28.349999999999998,50,6,0.567
16420000214457,18.77,30,6,0.626
16420000214604,23.0,50,6,0.46
16420000216478,30.744999999999997,40,6,0.769
16420000218742,21.3,50,4,0.426
16420000220643,49.4,50,2,0.988
16420000224335,65.0,50,4,1.3
16420000224338,25.0,50,6,0.5
16420000224342,38.0,50,4,0.76
16420000224343,43.0,50,6,0.86
16420000227016,33.0,50,6,0.66
16420000227017,64.0,50,2,1.28
16420000227035,43.0,50,3,0.86
16420000228010,49.349999999999994,30,6,1.645
16420000228014,33.0,30,6,1.1
16420000228017,13.225000000000001,50,6,0.264
16420000230496,58.0,50,4,1.16
16420000230518,76.0,50,2,1.52
16420000231103,42.45,30,6,1.415
16420000231104,43.4,30,6,1.447
16420000231106,48.0,50,4,0.96
16420000231108,31.0,50,6,0.62
16420000231111,35.03,30,6,1.168
16420000231117,39.1,30,6,1.303
16420000236035,58.0,60,2,0.967
16420000236040,49.0,50,6,0.98
16420000236042,47.055,30,6,1.568
16420000236046,23.26,30,5,0.775
16420000236049,37.0,50,2,0.74
16420000236098,43.0,50,3,0.86
16420000243446,19.0,50,6,0.38
16420000243447,39.5,50,6,0.79
16420000243449,48.135000000000005,50,2,0.963
16420000243450,43.035000000000004,60,2,0.717
16420000243455,41.05,50,4,0.821
16420000243463,20.0,50,5,0.4
16420000244516,35.95,30,6,1.198
16420000249643,33.0,50,2,0.66
16420000253107,35.0,50,2,0.7
16420000253108,32.0,50,3,0.64
16420000253113,24.0,50,4,0.48
16420000253120,32.0,50,6,0.64
16420000254357,62.0,30,2,2.067
16420000257078,23.0,30,6,0.767
16420000257119,51.0,60,4,0.85
16420000257154,29.55,50,4,0.591
16420000259555,25.0,30,6,0.833
16420000261002,19.0,30,6,0.633
16420000261003,39.8,30,6,1.327
16420000261004,34.9,30,6,1.163
16420000261008,34.55,50,6,0.691
16420000261014,20.4,30,6,0.68
16420000265749,46.745,50,6,0.935
16420000265750,23.95,50,6,0.479
16420000268324,22.0,50,2,0.44
16420000268325,43.0,50,4,0.86
16420000268335,44.0,50,6,0.88
16420000268340,53.0,50,5,1.06
16420000268343,27.599999999999998,50,6,0.552
16420000268347,47.175000000000004,50,3,0.944
16420000268350,27.245,50,6,0.545
16420000268352,36.5,50,6,0.73
16420000269299,20.0,50,6,0.4
16420000270235,45.0,50,4,0.9
16420000272501,21.75,50,6,0.435
16420000272502,35.0,40,2,0.875
16420000272505,37.0,30,6,1.233
16420000272507,53.0,50,2,1.06
16420000272512,31.0,30,6,1.033
16420000272516,54.05999999999999,50,2,1.081
16420000272517,58.0,60,2,0.967
16420000272518,54.539999999999985,30,4,1.818
16420000275595,28.25,60,4,0.471
16420000275708,35.57,50,4,0.711
16420000275709,38.0,50,4,0.76
16420000277338,59.0,50,4,1.18
16420000277392,27.339999999999986,50,4,0.547
16420000277492,41.0,50,4,0.82
16420000277813,37.0,50,6,0.74
16420000277844,39.23500000000001,50,2,0.785
16420000277908,35.5,50,3,0.71
16420000278035,38.150000000000006,50,2,0.763
16420000278038,33.0,50,4,0.66
16420000278040,25.0,50,6,0.5
16420000278051,56.7,60,2,0.945
16420000278055,57.0,50,5,1.14
16420000278056,54.4,60,2,0.907
16420000278061,56.0,60,2,0.933
16420000278280,22.82,50,4,0.456
16420000278284,30.0,50,4,0.6
16420000280700,30.0,30,6,1.0
16420000280716,58.8,50,2,1.176
16420000284184,45.0,30,6,1.5
16420000284186,35.0,50,6,0.7
16420000284188,34.43,50,5,0.689
16420000284194,24.45,50,6,0.489
16420000287937,39.88,50,6,0.798
16420000287941,65.07,50,4,1.301
16420000287944,21.0,50,6,0.42
16420000287946,43.0,50,5,0.86
16420000287953,30.609999999999996,50,6,0.612
16420000290184,38.169999999999995,50,2,0.763
16420000290185,35.19,50,2,0.704
16420000290201,37.0,50,5,0.74
16420000290203,46.0,50,2,0.92
16420000290204,57.925,60,2,0.965
16420000290216,44.0,50,2,0.88
16420000292813,39.0,50,4,0.78
16420000292820,42.0,30,6,1.4
16420000292821,29.0,50,6,0.58
16420000292824,50.0,50,4,1.0
16420000295914,36.8,30,2,1.227
16420000295915,37.2,90,3,0.413
16420000295919,32.075,30,6,1.069
16420000295921,51.14999999999999,50,6,1.023
16420000295926,23.0,30,6,0.767
16420000295930,43.0,30,5,1.433
16420000299030,38.0,50,5,0.76
16420000299034,29.0,50,6,0.58
16420000299039,39.0,30,6,1.3
16420000299045,25.0,50,6,0.5
16420000299048,46.0,50,6,0.92
16420000299049,30.46,30,6,1.015
16420000299664,34.0,60,2,0.567
16420000299670,60.82,60,2,1.014
16420000301562,42.06,30,6,1.402
16420000301565,54.529999999999994,50,5,1.091
16420000305088,72.0,50,2,1.44
16420000305740,45.0,50,5,0.9
16420000305744,44.185,50,5,0.884
16420000305748,31.0,30,6,1.033
16420000305752,50.834999999999994,50,5,1.017
16420000307710,41.0,30,4,1.367
16420000307722,41.0,50,4,0.82
16420000307723,47.0,50,5,0.94
16420000308564,71.0,50,6,1.42
16420000308565,68.0,50,6,1.36
16420000308566,66.88000000000001,50,6,1.338
16420000308567,69.0,50,6,1.38
16420000308832,44.0,30,6,1.467
16420000308838,40.25,50,6,0.805
16420000308845,40.0,50,5,0.8
16420000308851,28.0,50,3,0.56
16420000311383,32.0,50,4,0.64
16420000311384,26.0,50,4,0.52
16420000311385,23.6,50,4,0.472
16420000313925,53.0,50,4,1.06
16420000313926,53.0,50,4,1.06
16420000313929,49.8,50,4,0.996
16420000313931,49.815,50,4,0.996
16420000313937,52.0,50,4,1.04
16420000313938,52.3,50,4,1.046
16420000313940,53.0,50,4,1.06
16420000313942,55.0,50,4,1.1
16420000313945,56.0,50,4,1.12
16420000313949,53.519999999999996,50,4,1.07
16420000313951,54.0,50,4,1.08
16420000313953,52.519999999999996,50,4,1.05
16420000313955,52.0,50,4,1.04
16420000313966,38.085,60,4,0.635
16420000313968,35.0,60,4,0.583
16420000314365,74.0,50,3,1.48
16420000314366,74.12,50,3,1.482
16420000315965,22.0,50,2,0.44
16420000315966,55.1,50,2,1.102
16420000315968,39.0,50,2,0.78
16420000315969,38.0,50,2,0.76
16420000316328,50.0,60,4,0.833
16420000316329,49.0,60,4,0.817
16420000316330,44.0,60,4,0.733
16420000316331,38.205000000000005,50,4,0.764
16420000316332,33.959999999999994,50,3,0.679
16420000316333,28.0,50,3,0.56
16420000316335,50.0,50,3,1.0
16420000316336,49.559999999999995,50,3,0.991
16420000316902,51.9,50,3,1.038
16420000316905,50.0,50,6,1.0
16420000316906,44.0,50,5,0.88
16420000316912,52.30999999999999,50,3,1.046
16420000316913,59.0,50,3,1.18
16420000320920,65.0,30,2,2.167
16420000320926,28.0,50,2,0.56
16420000320927,56.0,50,2,1.12
16420000320933,43.0,50,2,0.86
16420000323203,35.0,50,4,0.7
16420000323206,43.0,50,2,0.86
16420000323439,27.6,30,4,0.92
16420000323442,46.0,50,4,0.92
16420000323444,50.0,50,4,1.0
16420000323450,44.0,50,4,0.88
16420000323452,46.13,50,4,0.923
16420000326636,34.0,50,4,0.68
16420000326641,25.029999999999994,50,4,0.501
16420000326646,58.0,30,2,1.933
16420000326649,24.94,50,4,0.499
16420000329333,37.0,50,4,0.74
16420000329336,44.0,50,4,0.88
16420000329337,36.79499999999999,50,4,0.736
16420000329338,18.0,50,4,0.36
16420000330452,25.0,40,4,0.625
16420000330453,36.0,40,4,0.9
16420000336437,39.0,50,6,0.78
16420000336444,35.879999999999974,50,2,0.718
16420000336453,65.0,50,3,1.3
16420000336459,17.7,50,3,0.354
16420000336462,55.125,60,2,0.919
16420000341777,59.0,50,5,1.18
16420000341782,34.64,30,6,1.155
16420000341784,39.94,50,6,0.799
16420000341796,30.0,50,6,0.6
16420000343429,55.0,50,4,1.1
16420000347278,86.66499999999999,50,1,1.733
16420000349148,49.0,50,3,0.98
16420000349149,63.0,50,3,1.26
16420000351411,30.0,50,6,0.6
16420000352044,56.0,30,4,1.867
16420000355076,55.49499999999999,50,2,1.11
16420000361782,27.0,50,4,0.54
16420000361790,30.845,50,6,0.617
16420000361796,42.0,50,4,0.84
16420000361821,28.0,23,4,1.217
16420000375190,25.975,50,3,0.52
16420000376314,49.0,50,3,0.98
16420000376315,22.455,50,6,0.449
16420000376316,45.0,50,6,0.9
16420000376317,39.0,22,2,1.773
16420000376318,45.0,60,2,0.75
16420000376319,37.0,50,2,0.74
16420000376323,30.014999999999997,50,3,0.6
16420000376325,18.1,30,6,0.603
16420000376328,21.0,30,6,0.7
16420000376329,31.8,50,6,0.636
16420000376330,74.0,30,3,2.467
16420000376331,58.0,50,4,1.16
16420000376332,58.739999999999995,50,2,1.175
16420000376333,32.934999999999995,50,4,0.659
16420000385253,39.0,50,2,0.78
16420000385254,53.0,50,2,1.06
16420000385256,30.04,50,4,0.601
16420000385257,90.935,70,2,1.299
16420000385259,52.0,60,2,0.867
16420000385262,47.0,60,2,0.783
16420000385263,51.6,50,4,1.032
16420000385264,37.8,23,2,1.643
16420000385265,58.7,50,2,1.174
16420000388213,29.0,50,3,0.58
16420000392330,55.205,50,3,1.104
16420000392332,56.3,60,2,0.938
16420000392335,52.0,50,3,1.04
16420000392360,43.0,50,3,0.86
16420000393454,56.0,60,2,0.933
16420000394768,44.2,30,4,1.473
16420000396368,25.0,50,6,0.5
16420000396370,59.0,60,2,0.983
16420000396372,38.0,50,6,0.76
16420000396374,17.0,30,6,0.567
16420000396382,38.3,50,4,0.766
16420000400689,55.44999999999992,50,4,1.109
16420000400693,31.0,50,5,0.62
16420000400697,48.0,50,4,0.96
16420000400715,42.0,50,6,0.84
16420000400716,62.0,50,2,1.24
16420000400717,56.0,50,4,1.12
16420000400722,50.2,50,5,1.004
16420000403692,55.465,50,4,1.109
16420000403695,60.0,50,2,1.2
16420000403713,49.02,60,2,0.817
16420000406637,49.0,50,4,0.98
16420000406639,45.5,50,4,0.91
16420000406643,48.955,50,4,0.979
16420000412872,29.849999999999998,50,6,0.597
16420000434364,36.8,50,3,0.736
16420000434366,36.0,50,4,0.72
16420000434375,59.82000000000001,50,4,1.196
16420000442242,61.165,50,3,1.223
16420000447983,50.0,50,4,1.0
16420000449194,30.0,50,4,0.6
16420000451391,54.0,50,4,1.08
16420000467117,32.0,50,6,0.64
16420000477035,25.049999999999997,50,6,0.501
16420000519794,36.0,50,6,0.72
16420000577379,30.0,50,2,0.6
16420000581268,18.0,50,3,0.36
16420000589963,42.06,50,2,0.841
16420000594949,46.0,60,2,0.767
16420000596680,26.86999999999999,50,4,0.537
16420000598753,27.8,50,3,0.556
16420000606111,28.0,50,3,0.56
16420000608027,24.9,30,6,0.83
16420000614364,33.4,50,4,0.668
16420000614384,30.0,50,2,0.6
16420000624300,45.0,30,2,1.5
16420000624302,30.0,50,5,0.6
16420000626102,40.0,50,6,0.8
16420000626749,28.0,30,6,0.933
16420000626750,54.0,50,2,1.08
16420000626754,26.0,30,6,0.867
16420000628273,20.0,30,6,0.667
16420000628275,44.4,30,2,1.48
16420000628276,30.0,50,4,0.6
16420000628277,24.0,50,5,0.48
16420000628280,37.0,50,2,0.74
16420000628286,47.0,50,2,0.94
16420000631256,21.0,30,4,0.7
16420000635373,45.0,50,3,0.9
16420000636994,48.3,50,4,0.966
16420000637006,54.76499999999999,30,3,1.825
16420000637020,40.15,50,6,0.803
16420000641550,38.019999999999996,50,6,0.76
16420000641669,43.0,50,2,0.86
16420000649758,26.7,50,4,0.534
16420000649760,44.339999999999996,50,5,0.887
16420000649761,29.7,30,6,0.99
16420000649770,58.5,50,3,1.17
16420000651388,46.0,60,3,0.767
16420000654472,57.2,50,4,1.144
16420000655441,44.6,50,4,0.892
16420000660614,39.955,50,6,0.799
16420000660622,34.95,50,4,0.699
16420000661124,32.435,50,4,0.649
16420000662894,30.0,50,3,0.6
16420000663208,43.0,50,4,0.86
16420000667997,30.0,50,6,0.6
16420000667998,60.8,60,2,1.013
16420000668006,22.195,50,6,0.444
16420000671371,15.135000000000005,30,6,0.505
16420000671373,30.3,30,6,1.01
16420000671378,35.599999999999994,30,6,1.187
16420000671379,33.55,50,6,0.671
16420000671381,37.425,50,6,0.748
16420000671766,53.46,50,3,1.069
16420000674357,87.0,90,1,0.967
16420000674495,47.0,90,4,0.522
16420000674497,72.0,40,2,1.8
16420000676575,37.58,50,2,0.752
16420000684133,43.0,30,3,1.433
16420000684574,28.049999999999983,50,6,0.561
16420000684580,44.1,50,4,0.882
16420000684600,43.949999999999996,50,6,0.879
16420000684859,52.7,50,4,1.054
16420000684996,43.0,50,1,0.86
16420000685005,24.0,50,3,0.48
16420000685070,23.65,50,4,0.473
16420000685075,28.0,50,6,0.56
16420000685077,29.0,50,2,0.58
16420000685549,30.0,50,4,0.6
16420000686383,58.9,50,2,1.178
16420000686860,68.0,50,2,1.36
16420000687057,29.4,50,6,0.588
16420000687903,60.8,50,4,1.216
16420000687910,21.0,30,6,0.7
16420000687912,22.0,50,6,0.44
16420000687918,35.745,30,6,1.192
16420000687922,35.5,30,6,1.183
16420000688001,37.2,50,6,0.744
16420000688696,47.0,50,6,0.94
16420000690603,89.0,80,1,1.112
16420000693803,34.0,50,2,0.68
16420000695296,22.0,50,6,0.44
16420000695299,66.755,50,4,1.335
16420000695303,50.0,30,5,1.667
16420000696333,47.0,50,3,0.94
16420000696336,36.935,50,4,0.739
16420000696338,63.25999999999999,30,3,2.109
16420000698750,60.0,60,2,1.0
16420000698950,62.0,50,2,1.24
16420000699113,39.0,50,2,0.78
16420000700333,56.0,50,5,1.12
16420000700334,43.3,50,6,0.866
16420000700340,66.52000000000001,50,4,1.33
16420000700347,48.495,50,6,0.97
16420000700349,46.8,50,5,0.936
16420000701043,39.0,30,6,1.3
16420000701054,49.0,50,4,0.98
16420000701063,46.9,30,6,1.563
16420000701358,26.879999999999995,50,6,0.538
16420000701974,60.0,60,2,1.0
16420000702194,46.0,50,2,0.92
16420000703514,37.1,50,4,0.742
16420000703517,54.0,50,4,1.08
16420000703524,49.7,60,3,0.828
16420000703889,47.1,50,2,0.942
16420000703890,31.0,50,2,0.62
16420000704223,30.1,50,6,0.602
16420000705619,91.0,70,1,1.3
16420000705639,60.0,60,2,1.0
16420000706173,59.0,50,4,1.18
16420000707102,52.71999999999999,50,3,1.054
16420000707646,77.0,70,3,1.1
16420000708640,99.0,100,1,0.99
16420000709162,21.9,50,6,0.438
16420000710361,59.0,60,2,0.983
16420000710456,39.0,18,6,2.167
16420000711662,59.835,40,2,1.496
16420000712102,60.26999999999999,60,2,1.004
16420000712333,29.4,50,6,0.588
16420000712614,54.475,50,4,1.09
16420000712615,20.0,50,6,0.4
16420000712617,41.03,50,4,0.821
16420000712618,37.0,50,4,0.74
16420000712627,38.0,50,3,0.76
16420000713870,57.35999999999999,50,5,1.147
16420000714815,32.85,50,3,0.657
16420000715299,30.0,50,4,0.6
16420000716350,68.0,50,2,1.36
16420000716593,25.169999999999998,50,6,0.503
16420000716594,31.0,50,6,0.62
16420000716603,37.0,50,4,0.74
16420000716604,52.05999999999998,50,3,1.041
16420000717950,23.0,50,1,0.46
16420000718743,56.0,50,4,1.12
16420000721559,91.0,100,1,0.91
16420000721575,34.0,50,2,0.68
16420000722692,45.3,50,4,0.906
16420000722950,30.0,50,2,0.6
16420000722951,26.0,30,6,0.867
16420000723118,18.6,50,6,0.372
16420000723119,48.0,50,2,0.96
16420000723120,26.040000000000003,50,6,0.521
16420000723123,31.0,50,3,0.62
16420000723126,58.0,50,2,1.16
16420000723128,27.26,50,2,0.545
16420000723129,40.8,50,2,0.816
16420000723130,35.35499999999999,50,4,0.707
16420000723474,40.0,60,2,0.667
16420000723797,83.95,90,1,0.933
16420000724568,63.0,30,3,2.1
16420000725657,60.0,90,1,0.667
16420000726380,41.0,50,3,0.82
16420000726383,35.0,50,3,0.7
16420000727156,105.57999999999998,100,1,1.056
16420000727157,85.0,30,1,2.833
16420000728933,29.0,50,2,0.58
16420000728934,11.870000000000001,30,6,0.396
16420000728935,32.0,40,6,0.8
16420000728959,27.0,50,5,0.54
16420000729325,45.175000000000004,50,3,0.904
16420000729416,65.97999999999999,50,4,1.32
16420000729463,62.0,50,2,1.24
16420000730902,71.0,100,2,0.71
16420000731378,89.035,70,2,1.272
16420000732582,59.0,50,2,1.18
16420000733066,61.0,50,2,1.22
16420000733092,67.0,90,1,0.744
16420000733434,45.0,50,4,0.9
16420000733601,23.14,50,4,0.463
16420000734293,46.0,50,4,0.92
16420000734416,59.0,60,2,0.983
16420000734711,46.0,50,4,0.92
16420000734713,66.0,50,4,1.32
16420000734714,47.0,50,4,0.94
16420000734812,31.0,50,3,0.62
16420000734813,43.5,50,2,0.87
16420000735089,29.0,50,4,0.58
16420000735573,32.0,50,2,0.64
16420000735593,55.0,50,3,1.1
16420000735695,77.0,30,1,2.567
16420000735868,63.0,50,3,1.26
16420000735886,31.0,30,3,1.033
16420000735988,32.7,50,2,0.654
16420000736414,49.0,50,3,0.98
16420000736415,33.57,50,6,0.671
16420000736424,58.7,50,5,1.174
16420000736728,54.0,50,3,1.08
16420000737141,26.699999999999996,50,4,0.534
16420000737188,46.0,50,2,0.92
16420000737382,60.0,50,3,1.2
16420000737383,54.0,50,3,1.08
16420000737397,43.0,50,2,0.86
16420000737575,89.0,50,1,1.78
16420000737582,98.0,100,1,0.98
16420000737776,44.0,50,4,0.88
16420000738240,60.0,50,3,1.2
16420000738609,28.98,50,6,0.58
16420000738613,22.57,18,2,1.254
16420000738657,45.0,60,2,0.75
16420000738931,61.0,50,3,1.22
16420000739006,26.0,50,6,0.52
16420000739007,4.3,50,3,0.086
16420000739010,45.94,50,4,0.919
16420000739018,54.0,50,2,1.08
16420000739065,44.7,50,2,0.894
16420000740283,32.0,50,3,0.64
16420000740613,33.0,50,4,0.66
16420000741531,31.209999999999997,50,6,0.624
16420000741956,45.3,50,3,0.906
16420000742108,53.3,60,2,0.888
16420000742134,26.0,50,4,0.52
16420000742182,60.0,50,3,1.2
16420000742305,36.81999999999999,50,4,0.736
16420000742308,25.0,50,5,0.5
16420000742313,51.0,50,2,1.02
16420000742315,52.6,60,2,0.877
16420000742318,50.08,60,2,0.835
16420000742525,41.2,50,3,0.824
16420000743316,24.0,50,4,0.48
16420000743584,55.0,40,2,1.375
16420000743595,68.0,50,2,1.36
16420000744012,41.0,50,2,0.82
16420000744023,46.0,50,4,0.92
16420000744024,39.0,50,4,0.78
16420000744133,65.0,100,2,0.65
16420000744262,89.5,50,1,1.79
16420000744484,32.4,50,6,0.648
16420000744492,27.0,26,3,1.038
16420000744780,49.0,50,3,0.98
16420000745081,13.0,18,6,0.722
16420000745235,47.0,60,2,0.783
16420000745300,65.0,50,2,1.3
16420000745302,31.0,60,3,0.517
16420000745573,35.0,50,6,0.7
16420000745574,20.0,50,5,0.4
16420000745771,31.0,60,4,0.517
16420000746170,39.0,50,6,0.78
16420000746614,36.45,50,4,0.729
16420000746617,48.0,90,4,0.533
16420000746747,32.2,50,3,0.644
16420000747228,48.0,60,2,0.8
16420000747445,58.25999999999999,30,2,1.942
16420000747458,26.0,50,4,0.52
16420000747541,22.0,50,3,0.44
16420000748054,90.9,100,1,0.909
16420000748060,50.0,50,3,1.0
16420000748558,26.0,50,4,0.52
16420000748670,88.0,30,1,2.933
16420000748700,73.0,50,2,1.46
16420000748795,56.0,60,2,0.933
16420000748872,59.0,60,2,0.983
16420000748942,55.0,50,4,1.1
16420000748944,53.0,60,2,0.883
16420000748947,47.69499999999999,50,3,0.954
16420000748948,48.0,50,2,0.96
16420000748956,59.3,60,3,0.988
16420000749222,47.0,50,2,0.94
16420000749271,36.019999999999996,50,4,0.72
16420000749274,28.0,50,3,0.56
16420000749281,41.0,50,4,0.82
16420000749283,57.6,50,3,1.152
16420000749322,54.0,60,2,0.9
16420000749328,59.0,50,2,1.18
16420000749374,50.0,60,2,0.833
16420000749735,26.389999999999986,50,2,0.528
16420000749917,98.0,100,1,0.98
16420000749983,18.0,50,4,0.36
16420000749992,49.0,60,2,0.817
16420000750554,27.45,60,4,0.457
16420000750777,64.5,50,3,1.29
16420000751578,51.0,50,3,1.02
16420000751582,35.0,50,4,0.7
16420000751624,53.0,50,4,1.06
16420000751680,100.0,100,1,1.0
16420000751703,66.0,50,2,1.32
16420000751763,59.0,60,2,0.983
16420000751777,57.0,50,2,1.14
16420000751779,44.0,50,2,0.88
16420000751889,60.2,50,3,1.204
16420000751972,50.0,50,2,1.0
16420000752425,55.0,30,4,1.833
16420000752686,30.8,50,4,0.616
16420000752709,35.33,50,4,0.707
16420000752767,26.0,50,4,0.52
16420000752769,45.3,50,4,0.906
16420000753448,36.0,50,3,0.72
16420000753453,78.14999999999998,70,3,1.116
16420000753517,22.084999999999997,50,4,0.442
16420000753633,30.0,40,2,0.75
16420000753636,27.2,50,5,0.544
16420000753637,26.0,30,3,0.867
16420000753780,29.0,30,6,0.967
16420000753885,27.935,50,4,0.559
16420000754595,41.0,50,2,0.82
16420000754630,63.0,50,1,1.26
16420000754853,43.19,50,4,0.864
16420000754890,25.0,50,6,0.5
16420000754891,37.0,50,6,0.74
16420000754902,43.425,30,4,1.448
16420000754905,28.83,50,4,0.577
16420000755039,80.0,80,1,1.0
16420000755041,63.0,50,2,1.26
16420000755290,49.0,40,3,1.225
16420000755924,25.0,50,6,0.5
16420000756141,47.09999999999998,100,4,0.471
16420000756143,64.0,100,2,0.64
16420000756259,54.0,50,6,1.08
16420000756563,42.0,50,1,0.84
16420000756660,26.0,50,4,0.52
16420000756716,47.3,60,2,0.788
16420000756717,43.40999999999999,50,2,0.868
16420000756720,62.47500000000001,60,2,1.041
16420000756783,42.77,50,6,0.855
16420000756884,45.69,50,4,0.914
16420000756987,62.544999999999995,30,2,2.085
16420000757105,27.0,50,3,0.54
16420000757116,61.75,50,3,1.235
16420000757298,44.855,50,2,0.897
16420000757453,41.0,31,3,1.323
16420000757911,92.0,80,1,1.15
16420000757915,30.0,30,1,1.0
16420000758502,27.0,50,2,0.54
16420000758508,30.0,18,2,1.667
16420000758514,40.959999999999994,50,2,0.819
16420000758843,54.0,60,4,0.9
16420000758844,34.54999999999998,30,1,1.152
16420000758919,52.7,90,1,0.586
16420000758965,39.0,50,2,0.78
16420000759045,65.0,100,2,0.65
16420000759494,54.0,50,4,1.08
16420000759511,57.73999999999999,50,3,1.155
16420000759517,35.35999999999999,50,6,0.707
16420000759662,49.19999999999999,100,4,0.492
16420000760104,44.5,30,4,1.483
16420000760209,44.0,50,3,0.88
16420000760210,43.955,50,4,0.879
16420000760211,37.0,50,3,0.74
16420000760424,76.0,50,2,1.52
16420000761030,35.0,50,4,0.7
16420000761043,62.0,50,3,1.24
16420000761044,37.650000000000006,50,6,0.753
16420000761155,48.0,50,3,0.96
16420000761156,27.275,50,5,0.546
16420000761157,24.0,50,5,0.48
16420000761158,50.0,50,4,1.0
16420000761159,51.0,50,4,1.02
16420000761169,42.349999999999994,50,2,0.847
16420000761173,19.379999999999995,50,2,0.388
16420000761251,21.599999999999998,50,6,0.432
16420000761636,44.0,50,4,0.88
16420000761655,27.0,50,4,0.54
16420000761679,61.88999999999999,50,4,1.238
16420000761917,31.0,50,2,0.62
16420000761930,22.95,60,4,0.382
16420000762063,49.0,50,2,0.98
16420000762065,69.0,50,2,1.38
16420000762075,90.035,70,1,1.286
16420000762405,36.0,50,4,0.72
16420000762571,28.0,50,4,0.56
16420000762930,37.935,60,2,0.632
16420000763118,58.3,50,3,1.166
16420000763121,26.7,50,3,0.534
16420000763324,44.0,50,2,0.88
16420000763349,60.0,50,3,1.2
16420000763354,66.72,50,3,1.334
16420000763357,70.0,50,2,1.4
16420000763717,55.7,50,2,1.114
16420000763743,27.6,60,2,0.46
16420000763745,41.0,50,4,0.82
16420000763816,49.410000000000004,50,2,0.988
16420000763817,32.0,27,4,1.185
16420000763820,61.0,50,2,1.22
16420000764213,31.0,50,2,0.62
16420000764405,38.0,60,4,0.633
16420000764496,44.839999999999996,50,4,0.897
16420000764507,31.0,60,4,0.517
16420000764821,71.76499999999999,100,2,0.718
16420000764823,50.9,50,3,1.018
16420000764831,81.0,50,1,1.62
16420000765335,65.0,100,2,0.65
16420000765394,5.66,50,6,0.113
16420000765485,57.0,50,4,1.14
16420000765532,66.0,50,4,1.32
16420000765546,46.0,50,2,0.92
16420000765815,28.0,50,5,0.56
16420000765816,28.0,30,3,0.933
16420000765929,63.0,60,2,1.05
16420000765933,40.0,50,3,0.8
16420000766070,58.665,30,2,1.956
16420000766100,47.0,30,3,1.567
16420000766395,61.0,50,3,1.22
16420000766943,51.0,50,4,1.02
16420000766989,23.0,50,4,0.46
16420000766993,19.0,50,3,0.38
16420000767125,32.0,50,4,0.64
16420000767203,59.1,30,3,1.97
16420000767257,89.0,70,1,1.271
16420000767485,61.0,30,2,2.033
16420000767754,57.135000000000005,60,2,0.952
16420000767758,33.739999999999995,50,5,0.675
16420000767759,42.4,30,5,1.413
16420000767770,63.0,60,2,1.05
16420000767771,62.0,50,2,1.24
16420000767824,62.349999999999994,50,3,1.247
16420000767834,90.2,50,2,1.804
16420000768132,37.0,50,6,0.74
16420000768425,57.42999999999999,50,3,1.149
16420000768426,57.3,50,3,1.146
16420000768433,38.0,50,4,0.76
16420000768435,33.0,50,4,0.66
16420000768715,57.0,50,4,1.14
16420000768833,46.0,30,4,1.533
16420000769069,48.9,50,4,0.978
16420000769072,32.0,20,4,1.6
16420000769074,42.0,60,2,0.7
16420000769104,64.0,30,4,2.133
16420000769153,18.909999999999997,50,5,0.378
16420000769278,43.0,60,2,0.717
16420000769521,49.0,50,3,0.98
16420000769573,54.0,50,3,1.08
16420000769579,32.0,20,4,1.6
16420000769689,58.0,50,1,1.16
16420000769929,93.25500000000001,80,2,1.166
16420000769973,44.160000000000004,50,4,0.883
16420000770305,57.459999999999994,50,5,1.149
16420000770319,37.0,50,2,0.74
16420000770390,45.0,50,4,0.9
16420000770850,47.139999999999986,50,3,0.943
16420000771140,64.0,50,2,1.28
16420000771159,57.0,50,5,1.14
16420000771325,43.6,50,4,0.872
16420000771495,54.015,50,6,1.08
16420000771496,43.0,50,6,0.86
16420000771598,33.0,60,4,0.55
16420000771635,52.349999999999994,50,3,1.047
16420000771656,45.0,50,2,0.9
16420000771671,65.0,100,2,0.65
16420000771678,42.0,50,4,0.84
16420000771713,90.0,50,2,1.8
16420000771846,37.0,50,4,0.74
16420000772258,52.0,50,3,1.04
16420000772367,55.480000000000004,50,4,1.11
16420000772368,36.949999999999996,30,6,1.232
16420000772474,55.0,50,4,1.1
16420000772498,46.0,50,4,0.92
16420000772499,39.0,50,4,0.78
16420000772630,29.0,50,3,0.58
16420000772697,20.0,50,6,0.4
16420000772846,51.25,50,2,1.025
16420000772849,52.0,50,3,1.04
16420000773014,16.0,18,3,0.889
16420000773047,44.0,18,3,2.444
16420000773166,12.900000000000006,50,6,0.258
16420000773169,93.6,80,2,1.17
16420000773175,54.0,50,3,1.08
16420000773176,26.0,50,3,0.52
16420000773250,28.0,60,2,0.467
16420000773470,47.635000000000005,60,2,0.794
16420000773472,47.0,60,2,0.783
16420000773474,57.0,50,3,1.14
16420000773714,91.07000000000001,70,1,1.301
16420000773715,47.0,50,3,0.94
16420000773998,30.0,50,6,0.6
16420000774157,54.0,30,4,1.8
16420000774158,58.0,30,4,1.933
16420000774227,25.3,18,2,1.406
16420000774239,30.0,50,4,0.6
16420000774405,86.95,30,1,2.898
16420000774680,53.849999999999994,50,2,1.077
16420000774683,39.9,60,2,0.665
16420000774805,26.0,50,4,0.52
16420000774827,89.33,100,1,0.893
16420000775261,2.9,50,3,0.058
16420000775387,50.2,50,3,1.004
16420000775744,57.0,50,3,1.14
16420000775915,36.0,50,3,0.72
16420000775916,40.125,50,6,0.802
16420000775960,46.5,60,2,0.775
16420000776352,30.2,50,6,0.604
16420000776780,34.0,50,2,0.68
16420000777063,36.289999999999985,50,3,0.726
16420000778062,34.855,60,2,0.581
16420000778063,57.0,60,2,0.95
16420000778064,51.0,60,2,0.85
16420000778120,55.135000000000005,50,2,1.103
16420000778354,61.0,60,2,1.017
16420000778361,40.0,50,2,0.8
16420000778437,29.349999999999998,50,4,0.587
16420000778443,28.9,50,4,0.578
16420000778706,29.0,50,4,0.58
16420000778710,58.0,50,3,1.16
16420000779017,26.284999999999997,50,2,0.526
16420000779173,29.119999999999994,50,3,0.582
16420000779185,38.0,50,3,0.76
16420000779338,63.0,50,3,1.26
16420000779520,48.0,50,2,0.96
16420000779530,91.1,70,2,1.301
16420000779559,58.0,50,3,1.16
16420000779721,42.0,50,4,0.84
16420000779785,39.0,50,3,0.78
16420000780162,41.339999999999996,50,3,0.827
16420000780316,47.0,40,2,1.175
16420000780454,52.0,50,2,1.04
16420000780535,21.299999999999997,50,4,0.426
16420000780536,54.0,50,3,1.08
16420000780537,45.6,50,2,0.912
16420000780539,32.0,50,4,0.64
16420000780540,39.0,50,4,0.78
16420000781004,69.0,50,3,1.38
16420000781005,34.0,50,3,0.68
16420000781006,62.0,50,3,1.24
16420000781007,18.0,50,4,0.36
16420000781086,49.210000000000015,50,3,0.984
16420000781139,68.0,50,3,1.36
16420000781143,59.065,50,3,1.181
16420000781144,24.0,30,4,0.8
16420000781511,33.8,50,4,0.676
16420000781517,34.0,50,6,0.68
16420000781521,18.0,50,4,0.36
16420000781522,38.545,50,4,0.771
16420000781717,66.6,50,4,1.332
16420000781719,106.0,100,1,1.06
16420000782116,47.09999999999998,100,4,0.471
16420000782586,59.0,50,2,1.18
16420000782919,42.00999999999999,40,4,1.05
16420000783159,52.595,50,4,1.052
16420000783161,66.445,60,3,1.107
16420000783236,35.0,50,3,0.7
16420000783386,38.0,50,4,0.76
16420000783387,56.0,50,4,1.12
16420000783389,51.0,60,4,0.85
16420000783611,89.0,70,1,1.271
16420000783628,38.0,21,2,1.81
16420000783691,66.6,50,3,1.332
16420000783697,54.0,50,3,1.08
16420000783827,39.0,50,2,0.78
16420000783905,90.7,70,1,1.296
16420000784005,27.5,50,4,0.55
16420000784050,48.0,30,4,1.6
16420000784671,44.48999999999999,50,4,0.89
16420000785080,24.0,50,4,0.48
16420000785085,40.5,50,3,0.81
16420000785091,26.0,50,4,0.52
16420000785261,35.3,50,2,0.706
16420000785333,31.0,25,3,1.24
16420000785606,34.0,50,5,0.68
16420000785612,31.0,50,6,0.62
16420000785937,66.0,50,2,1.32
16420000785997,37.0,50,3,0.74
16420000786013,43.0,50,1,0.86
16420000786149,63.0,50,2,1.26
16420000786391,70.0,50,4,1.4
16420000786828,47.0,50,3,0.94
16420000786829,36.0,60,3,0.6
16420000786836,39.0,50,2,0.78
16420000786968,41.0,60,2,0.683
16420000786970,70.80000000000001,50,2,1.416
16420000787174,37.0,30,5,1.233
16420000787263,33.0,50,6,0.66
16420000787320,41.0,50,4,0.82
16420000787322,50.0,50,3,1.0
16420000787787,57.6,50,4,1.152
16420000787820,43.464999999999996,60,2,0.724
16420000787824,31.0,50,2,0.62
16420000787931,58.0,50,3,1.16
16420000787935,29.014999999999997,50,3,0.58
16420000788066,78.0,90,1,0.867
16420000788107,49.2,60,2,0.82
16420000788200,56.7,50,3,1.134
16420000788201,39.0,50,6,0.78
16420000788202,40.0,32,6,1.25
16420000788203,61.64999999999998,50,4,1.233
16420000788251,65.0,50,2,1.3
16420000788515,48.0,50,4,0.96
16420000788662,28.9,50,6,0.578
16420000788706,31.0,50,2,0.62
16420000788708,27.514999999999997,50,4,0.55
16420000788737,57.0,40,3,1.425
16420000788738,71.0,50,2,1.42
16420000789267,44.905,50,3,0.898
16420000789269,28.384999999999994,50,5,0.568
16420000789270,52.9,30,3,1.763
16420000789272,45.02999999999999,30,4,1.501
16420000789332,43.58000000000001,50,4,0.872
16420000789609,57.0,30,4,1.9
16420000790075,60.0,30,3,2.0
16420000790081,53.0,50,4,1.06
16420000790083,32.0,50,3,0.64
16420000790348,45.0,50,2,0.9
16420000790536,20.639999999999993,50,5,0.413
16420000790566,45.14,50,4,0.903
16420000790986,44.0,50,2,0.88
16420000790998,45.644999999999996,50,3,0.913
16420000790999,37.95,50,6,0.759
16420000791057,40.760000000000005,50,4,0.815
16420000791407,40.1,50,3,0.802
16420000791441,38.4,60,2,0.64
16420000791464,55.0,30,3,1.833
16420000791895,55.0,50,4,1.1
16420000791901,41.0,50,4,0.82
16420000792106,100.45,100,1,1.004
16420000792249,29.84,50,4,0.597
16420000792250,26.0,30,3,0.867
16420000792263,45.0,28,2,1.607
16420000792275,26.3,50,3,0.526
16420000792279,12.0,50,4,0.24
16420000792439,49.925,50,2,0.998
16420000792589,28.205000000000002,50,3,0.564
16420000792813,37.035,30,4,1.234
16420000793009,42.0,50,2,0.84
16420000793269,74.0,90,3,0.822
16420000793482,12.2,50,4,0.244
16420000793546,32.0,26,4,1.231
16420000793548,37.199999999999996,50,6,0.744
16420000793626,39.0,50,4,0.78
16420000793633,28.0,50,4,0.56
16420000793675,71.0,50,3,1.42
16420000793677,28.0,30,4,0.933
16420000793678,55.83,30,3,1.861
16420000793873,57.504999999999995,60,2,0.958
16420000793876,55.0,40,2,1.375
16420000794221,25.80499999999999,50,3,0.516
16420000794222,68.3,50,2,1.366
16420000794472,57.0,50,2,1.14
16420000794652,28.0,50,2,0.56
16420000794804,28.0,50,6,0.56
16420000795089,41.099999999999994,50,6,0.822
16420000795128,34.0,30,3,1.133
16420000795137,54.96,50,3,1.099
16420000795893,41.2,60,2,0.687
16420000796032,26.0,50,3,0.52
16420000796036,33.0,50,4,0.66
16420000796238,56.0,50,4,1.12
16420000796449,52.23999999999999,50,4,1.045
16420000796652,66.0,50,3,1.32
16420000796653,33.0,50,4,0.66
16420000796654,55.389999999999986,50,3,1.108
16420000796806,39.6,50,6,0.792
16420000796848,34.0,50,4,0.68
16420000796918,37.0,50,4,0.74
16420000797027,73.0,30,1,2.433
16420000797245,56.0,30,3,1.867
16420000797623,39.0,60,2,0.65
16420000797624,36.0,60,2,0.6
16420000797759,42.065,50,3,0.841
16420000797769,38.74,50,4,0.775
16420000797770,44.489999999999995,50,4,0.89
16420000797771,61.0,50,2,1.22
16420000797775,16.4,50,6,0.328
16420000797780,56.05000000000001,50,4,1.121
16420000797793,41.834999999999994,50,4,0.837
16420000797824,49.0,50,2,0.98
16420000797854,36.059999999999995,50,3,0.721
16420000797951,34.4,50,4,0.688
16420000798063,58.739999999999995,50,3,1.175
16420000798074,26.3,50,4,0.526
16420000798261,93.9,70,2,1.341
16420000798274,63.0,60,2,1.05
16420000798332,29.0,50,3,0.58
16420000798580,57.0,50,2,1.14
16420000798582,31.0,30,4,1.033
16420000799062,31.494999999999997,50,6,0.63
16420000799067,57.0,50,2,1.14
16420000799282,35.065,30,6,1.169
16420000799396,60.0,50,2,1.2
16420000799461,28.169999999999995,40,4,0.704
16420000799467,50.0,50,2,1.0
16420000799470,39.599999999999994,50,4,0.792
16420000799472,58.0,50,2,1.16
16420000799479,50.0,50,3,1.0
16420000799481,31.384999999999994,50,4,0.628
16420000799482,18.0,50,3,0.36
16420000799562,88.61000000000001,50,2,1.772
16420000799565,66.0,60,3,1.1
16420000799573,46.0,50,2,0.92
16420000799578,54.0,60,4,0.9
16420000799643,47.1,50,3,0.942
16420000799652,34.605000000000004,50,4,0.692
16420000799654,34.0,50,4,0.68
16420000799655,33.0,50,6,0.66
16420000800179,30.0,50,6,0.6
16420000800196,51.0,50,3,1.02
16420000800206,60.055,50,2,1.201
16420000800269,29.0,50,2,0.58
16420000800626,50.0,50,2,1.0
16420000800652,65.5,50,4,1.31
16420000800653,39.0,50,2,0.78
16420000800754,29.0,50,3,0.58
16420000800861,38.0,60,2,0.633
16420000800994,28.0,18,2,1.556
16420000801000,62.9,50,3,1.258
16420000801007,30.0,50,6,0.6
16420000801646,57.0,30,2,1.9
16420000801697,32.0,60,4,0.533
16420000801828,43.0,50,3,0.86
16420000802078,28.0,50,6,0.56
16420000802080,70.0,50,2,1.4
16420000802092,30.619999999999994,60,2,0.51
16420000802297,47.3,50,3,0.946
16420000802299,40.5,50,3,0.81
16420000802389,26.0,60,2,0.433
16420000802635,24.0,50,4,0.48
16420000802636,31.0,30,4,1.033
16420000802637,59.0,30,3,1.967
16420000802877,31.679999999999996,50,4,0.634
16420000802889,89.8,70,2,1.283
16420000802897,60.0,50,4,1.2
16420000803001,36.0,50,3,0.72
16420000803002,46.2,30,4,1.54
16420000803274,31.8,50,6,0.636
16420000803275,61.0,50,2,1.22
16420000803376,51.0,50,2,1.02
16420000803377,34.0,50,4,0.68
16420000803426,25.0,50,6,0.5
16420000803732,69.15999999999998,50,2,1.383
16420000803733,49.0,50,3,0.98
16420000803978,37.135000000000005,50,3,0.743
16420000803986,47.0,50,2,0.94
16420000804084,42.38999999999999,50,4,0.848
16420000804580,34.35,50,3,0.687
16420000804583,43.0,50,4,0.86
16420000804588,48.650000000000006,50,4,0.973
16420000804608,65.0,50,3,1.3
16420000804614,66.9,50,3,1.338
16420000805187,56.0,50,3,1.12
16420000805378,32.589999999999996,50,4,0.652
16420000805461,34.48,50,6,0.69
16420000805895,60.0,30,4,2.0
16420000806070,54.12,50,4,1.082
16420000806102,60.0,50,2,1.2
16420000806103,23.0,50,3,0.46
16420000806300,51.0,50,4,1.02
16420000806301,53.45,30,4,1.782
16420000806456,58.0,60,2,0.967
16420000806592,67.3,40,2,1.682
16420000806593,33.059999999999995,50,4,0.661
16420000806898,49.44999999999999,50,4,0.989
16420000806904,32.0,50,4,0.64
16420000806910,43.915,50,4,0.878
16420000806911,52.0,50,4,1.04
16420000807252,52.0,50,3,1.04
16420000807320,45.3,50,4,0.906
16420000807559,49.0,50,3,0.98
16420000807853,26.085,50,6,0.522
16420000807880,60.0,50,3,1.2
16420000808165,38.0,50,4,0.76
16420000808168,46.16,50,2,0.923
16420000808392,34.0,50,4,0.68
16420000808538,62.0,50,4,1.24
16420000808731,60.5,30,3,2.017
16420000808732,29.0,18,6,1.611
16420000808741,41.910000000000004,30,4,1.397
16420000808944,56.0,50,2,1.12
16420000808948,39.55,50,4,0.791
16420000808949,44.0,50,4,0.88
16420000808954,50.2,50,3,1.004
16420000808962,38.0,50,6,0.76
16420000808968,44.0,50,3,0.88
16420000808969,31.0,50,6,0.62
16420000809173,34.4,28,1,1.229
16420000809249,56.0,30,4,1.867
16420000809442,55.11999999999999,50,3,1.102
16420000809443,42.0,50,3,0.84
16420000809513,47.0,60,4,0.783
16420000809517,46.0,50,4,0.92
16420000809521,32.0,50,3,0.64
16420000809755,35.0,50,4,0.7
16420000809760,56.0,50,4,1.12
16420000809761,27.0,50,2,0.54
16420000809762,54.0,50,4,1.08
16420000809768,26.6,30,4,0.887
16420000809770,50.0,50,4,1.0
16420000809940,50.175,50,3,1.003
16420000809949,44.0,50,2,0.88
16420000810227,66.4,50,3,1.328
16420000810242,52.71,50,4,1.054
16420000810430,58.0,50,4,1.16
16420000810431,22.0,50,4,0.44
16420000810506,33.2,50,3,0.664
16420000810507,58.0,50,4,1.16
16420000810526,47.214999999999996,30,4,1.574
16420000810533,49.0,50,3,0.98
16420000810577,42.0,50,4,0.84
16420000810697,22.0,50,2,0.44
16420000810759,43.0,50,2,0.86
16420000810764,51.0,50,2,1.02
16420000810794,42.0,30,4,1.4
16420000810815,45.0,50,6,0.9
16420000811066,35.839999999999996,50,4,0.717
16420000811068,38.0,60,2,0.633
16420000811074,54.0,50,4,1.08
16420000811075,68.0,50,4,1.36
16420000811207,46.045,50,4,0.921
16420000811315,47.0,50,2,0.94
16420000811487,46.459999999999994,60,4,0.774
16420000811773,34.0,50,3,0.68
16420000812064,40.28999999999999,50,3,0.806
16420000812207,33.8,60,2,0.563
16420000812220,35.0,50,2,0.7
16420000812231,86.0,50,2,1.72
16420000812233,63.0,60,2,1.05
16420000812411,47.30000000000001,50,3,0.946
16420000812431,50.0,50,3,1.0
16420000812434,30.0,50,3,0.6
16420000812440,23.0,50,6,0.46
16420000812981,34.435,60,2,0.574
16420000813106,12.0,50,6,0.24
16420000813990,56.915,50,2,1.138
16420000813995,46.0,50,3,0.92
16420000814006,58.7,30,2,1.957
16420000814008,25.0,50,6,0.5
16420000814129,34.045,50,6,0.681
16420000814130,32.0,50,4,0.64
16420000814131,38.58,50,4,0.772
16420000814558,61.0,60,4,1.017
16420000814560,46.4,50,1,0.928
16420000814908,91.605,50,2,1.832
16420000814909,36.0,50,3,0.72
16420000815054,37.83,50,5,0.757
16420000815075,24.26,50,6,0.485
16420000815076,23.0,50,6,0.46
16420000815122,71.0,50,2,1.42
16420000815187,58.0,50,3,1.16
16420000815194,55.0,50,2,1.1
16420000815195,52.0,50,4,1.04
16420000815198,58.0,50,4,1.16
16420000815216,35.7,50,3,0.714
16420000815289,42.0,50,4,0.84
16420000815345,22.0,50,6,0.44
16420000815598,37.75,30,1,1.258
16420000815605,55.0,50,2,1.1
16420000815672,49.0,50,3,0.98
16420000815673,62.0,50,3,1.24
16420000815674,32.23999999999999,50,4,0.645
16420000815677,40.0,30,3,1.333
16420000815678,53.0,60,2,0.883
16420000815687,34.0,50,4,0.68
16420000815801,36.0,60,4,0.6
16420000816006,32.0,50,3,0.64
16420000816009,47.1,50,3,0.942
16420000816182,49.0,50,4,0.98
16420000816204,29.0,30,4,0.967
16420000816205,52.0,30,4,1.733
16420000816297,65.66999999999999,50,3,1.313
16420000816314,36.25,50,4,0.725
16420000816318,31.9,50,5,0.638
16420000816320,41.0,50,4,0.82
16420000816324,35.029999999999994,60,4,0.584
16420000816389,26.0,30,3,0.867
16420000816422,85.0,70,2,1.214
16420000816782,47.575,50,4,0.952
16420000816784,39.0,50,4,0.78
16420000816835,39.0,50,3,0.78
16420000816836,32.0,50,3,0.64
16420000816839,66.13,50,2,1.323
16420000816840,53.0,50,4,1.06
16420000816841,47.2,50,3,0.944
16420000817003,38.0,50,4,0.76
16420000817062,26.0,50,3,0.52
16420000818084,40.125,50,2,0.802
16420000818092,48.0,50,2,0.96
16420000818212,45.0,50,3,0.9
16420000818295,46.51999999999998,50,4,0.93
16420000818298,51.9,50,4,1.038
16420000818299,51.0,50,2,1.02
16420000818303,43.0,50,4,0.86
16420000818304,49.7,50,3,0.994
16420000818421,24.0,30,6,0.8
16420000818423,55.0,50,2,1.1
16420000818454,58.0,50,3,1.16
16420000818607,28.0,50,3,0.56
16420000818641,46.17,50,4,0.923
16420000818652,57.0,50,3,1.14
16420000818796,41.0,40,4,1.025
16420000818824,41.339999999999996,60,4,0.689
16420000818840,31.0,50,2,0.62
16420000818850,57.40999999999999,50,4,1.148
16420000819092,40.165,50,2,0.803
16420000819101,30.0,50,4,0.6
16420000819121,41.0,90,3,0.456
16420000819139,46.0,50,4,0.92
16420000819140,37.0,50,3,0.74
16420000819417,45.42,50,4,0.908
16420000819487,65.3,50,3,1.306
16420000819509,57.8,60,2,0.963
16420000819734,66.0,90,3,0.733
16420000819939,61.5,50,3,1.23
16420000820105,34.0,50,3,0.68
16420000820106,57.150000000000006,50,2,1.143
16420000820123,50.0,50,3,1.0
16420000820250,59.74000000000001,50,4,1.195
16420000820265,45.9,50,4,0.918
16420000820991,66.0,40,2,1.65
16420000821029,42.0,50,4,0.84
16420000821031,52.8,50,3,1.056
16420000821034,57.519999999999996,50,3,1.15
16420000821115,44.0,60,2,0.733
16420000821116,44.479999999999976,60,2,0.741
16420000821118,37.6,50,4,0.752
16420000821119,38.0,40,4,0.95
16420000821120,56.25,50,3,1.125
16420000821260,28.0,60,2,0.467
16420000821690,33.67999999999997,30,4,1.123
16420000821695,37.0,30,4,1.233
16420000821696,53.0,50,3,1.06
16420000822075,54.0,50,4,1.08
16420000822076,59.73,50,2,1.195
16420000822078,34.5,50,4,0.69
16420000822079,25.0,50,4,0.5
16420000822549,46.0,60,4,0.767
16420000822569,35.245,50,6,0.705
16420000822571,28.165,30,5,0.939
16420000822739,27.0,50,3,0.54
16420000822791,28.990000000000002,26,4,1.115
16420000823136,71.38,50,2,1.428
16420000823171,43.879999999999995,50,4,0.878
16420000823251,53.0,50,3,1.06
16420000823472,50.0,50,3,1.0
16420000823796,31.0,50,6,0.62
16420000823797,30.0,50,4,0.6
16420000823807,90.0,70,2,1.286
16420000824010,51.0,50,4,1.02
16420000824018,28.0,50,4,0.56
16420000824020,43.0,30,2,1.433
16420000824024,50.0,30,4,1.667
16420000824026,48.0,50,4,0.96
16420000824087,33.6,28,4,1.2
16420000824089,59.06,50,2,1.181
16420000824093,27.98,50,4,0.56
16420000824097,40.0,60,4,0.667
16420000824106,57.0,30,4,1.9
16420000824145,37.155,50,4,0.743
16420000824406,23.935,50,6,0.479
16420000824438,47.0,50,4,0.94
16420000824445,41.9,50,6,0.838
16420000824446,41.75,30,2,1.392
16420000824447,56.2,50,2,1.124
16420000824448,51.1,30,4,1.703
16420000824450,49.0,50,4,0.98
16420000824478,26.0,50,6,0.52
16420000824500,57.0,50,4,1.14
16420000824508,53.0,50,4,1.06
16420000824509,33.584999999999994,50,4,0.672
16420000824994,40.0,29,6,1.379
16420000825000,52.0,50,3,1.04
16420000825407,91.3,70,1,1.304
16420000825770,71.0,50,2,1.42
16420000825777,65.0,30,4,2.167
16420000825830,31.0,50,4,0.62
16420000825906,37.69,50,5,0.754
16420000826020,41.0,50,3,0.82
16420000826331,40.9,50,2,0.818
16420000826334,33.0,60,2,0.55
16420000826435,31.0,50,6,0.62
16420000826712,57.0,50,3,1.14
16420000826828,32.0,30,1,1.067
16420000826832,41.0,50,6,0.82
16420000826841,53.2,50,6,1.064
16420000826972,43.55000000000001,60,4,0.726
16420000826975,40.5,50,3,0.81
16420000826996,59.0,50,3,1.18
16420000826997,59.0,50,3,1.18
16420000826998,71.0,50,3,1.42
16420000827001,58.9,30,3,1.963
16420000827002,32.0,30,4,1.067
16420000827152,29.395,50,2,0.588
16420000827157,29.0,50,4,0.58
16420000827158,58.0,50,4,1.16
16420000827159,54.0,50,4,1.08
16420000827227,34.629999999999995,50,4,0.693
16420000827250,27.0,50,4,0.54
16420000827251,59.0,50,4,1.18
16420000827301,59.824999999999996,50,3,1.196
16420000827434,14.129999999999995,50,3,0.283
16420000827436,37.0,50,4,0.74
16420000827751,48.94,30,4,1.631
16420000827784,52.0,50,4,1.04
16420000827785,89.9,50,2,1.798
16420000827906,59.025,50,3,1.18
16420000827997,47.0,50,4,0.94
16420000828002,55.0,60,4,0.917
16420000828220,77.0,50,2,1.54
16420000828745,52.0,50,3,1.04
16420000828762,27.200000000000003,50,2,0.544
16420000828799,30.4,50,2,0.608
16420000828802,44.0,30,4,1.467
16420000828808,41.0,50,4,0.82
16420000828810,31.0,30,4,1.033
16420000828811,55.0,50,4,1.1
16420000828877,35.7,50,4,0.714
16420000829052,48.0,50,2,0.96
16420000829055,39.0,50,4,0.78
16420000829059,37.0,50,4,0.74
16420000829286,54.4,30,2,1.813
16420000829455,86.0,80,1,1.075
16420000829678,42.209999999999994,50,4,0.844
16420000829696,40.28,50,4,0.806
16420000829700,25.0,50,5,0.5
16420000829940,25.4,50,4,0.508
16420000830067,52.2,50,3,1.044
16420000830139,40.0,50,6,0.8
16420000830140,66.0,50,4,1.32
16420000830141,42.0,50,4,0.84
16420000830542,58.6,50,3,1.172
16420000830868,51.0,50,2,1.02
16420000831088,37.0,30,4,1.233
16420000831096,50.64000000000001,30,3,1.688
16420000831255,44.0,50,4,0.88
16420000831258,75.105,50,2,1.502
16420000831321,53.3,50,4,1.066
16420000831322,67.2,60,3,1.12
16420000831393,48.0,60,2,0.8
16420000831521,36.0,50,6,0.72
16420000831523,64.32,50,3,1.286
16420000831573,90.0,50,2,1.8
16420000831794,37.0,50,6,0.74
16420000832101,60.0,50,3,1.2
16420000832111,45.535,50,4,0.911
16420000832113,26.7,30,4,0.89
16420000832226,69.9,50,2,1.398
16420000832813,41.70999999999999,50,2,0.834
16420000832892,43.0,40,4,1.075
16420000832927,59.0,50,2,1.18
16420000832957,53.0,50,6,1.06
16420000832958,43.0,50,2,0.86
16420000833024,47.0,50,3,0.94
16420000833031,32.86499999999999,50,4,0.657
16420000833056,35.0,50,4,0.7
16420000833057,40.0,50,4,0.8
16420000833091,75.50500000000001,50,2,1.51
16420000833252,61.73500000000001,40,2,1.543
16420000833289,44.0,60,2,0.733
16420000833292,34.40999999999999,50,3,0.688
16420000833346,52.0,50,4,1.04
16420000833514,58.0,50,3,1.16
16420000833578,55.599999999999994,50,6,1.112
16420000833600,28.0,50,3,0.56
16420000833742,51.0,40,2,1.275
16420000833879,36.0,50,2,0.72
16420000834023,53.0,50,3,1.06
16420000834029,75.0,50,2,1.5
16420000834031,45.0,50,2,0.9
16420000834512,36.0,50,3,0.72
16420000834513,44.0,30,4,1.467
16420000834552,46.0,50,3,0.92
16420000835234,47.0,50,4,0.94
16420000835235,45.0,50,4,0.9
16420000835237,42.0,30,4,1.4
16420000835362,45.0,50,4,0.9
16420000835425,28.0,50,4,0.56
16420000835583,47.0,50,4,0.94
16420000835584,31.839999999999993,30,4,1.061
16420000835585,50.849999999999994,30,3,1.695
16420000835597,37.0,50,4,0.74
16420000835598,44.0,50,4,0.88
16420000835599,55.349999999999994,50,4,1.107
16420000835602,41.0,30,5,1.367
16420000835723,43.12,50,4,0.862
16420000835725,22.0,50,4,0.44
16420000835727,45.0,50,4,0.9
16420000835729,48.59499999999999,60,2,0.81
16420000835735,37.0,50,2,0.74
16420000835738,46.0,50,4,0.92
16420000835873,36.9,50,3,0.738
16420000835875,75.0,50,2,1.5
16420000835877,56.8,50,2,1.136
16420000836009,36.0,50,6,0.72
16420000836051,40.0,50,3,0.8
16420000836301,38.0,50,4,0.76
16420000836483,23.0,50,3,0.46
16420000836485,54.565,30,4,1.819
16420000836700,38.0,20,4,1.9
16420000836717,48.989999999999995,50,4,0.98
16420000836908,49.0,50,4,0.98
16420000837137,32.0,50,6,0.64
16420000837138,40.045,50,6,0.801
16420000837394,56.7,50,4,1.134
16420000837401,49.0,50,4,0.98
16420000837405,37.0,50,4,0.74
16420000837410,57.0,50,2,1.14
16420000837965,13.104999999999999,50,6,0.262
16420000837985,53.0,33,6,1.606
16420000837986,36.0,50,6,0.72
16420000837987,54.239999999999995,50,2,1.085
16420000837988,63.135000000000005,50,3,1.263
16420000838071,55.6,50,3,1.112
16420000838072,43.0,50,4,0.86
16420000838136,37.0,50,6,0.74
16420000838143,33.0,50,3,0.66
16420000838296,93.4,50,1,1.868
16420000838342,61.0,40,2,1.525
16420000838542,24.7,50,2,0.494
16420000838546,7.3,50,3,0.146
16420000838990,37.0,50,2,0.74
16420000839065,43.50999999999999,50,4,0.87
16420000839141,39.0,50,2,0.78
16420000839146,49.0,50,2,0.98
16420000839398,31.0,50,4,0.62
16420000839531,51.1,50,4,1.022
16420000839532,43.0,50,6,0.86
16420000839608,39.0,50,6,0.78
16420000839612,36.0,50,6,0.72
16420000839800,34.4,50,4,0.688
16420000839805,42.0,30,3,1.4
16420000840285,60.0,50,2,1.2
16420000840559,69.02999999999999,50,2,1.381
16420000840780,14.575,50,3,0.292
16420000840782,29.0,50,5,0.58
16420000840816,54.0,50,3,1.08
16420000840817,39.0,50,4,0.78
16420000840818,29.075,50,6,0.582
16420000840848,41.0,50,4,0.82
16420000840882,31.0,50,4,0.62
16420000841071,51.48,50,4,1.03
16420000841073,61.0,50,3,1.22
16420000841097,41.0,50,6,0.82
16420000841099,26.0,50,6,0.52
16420000841456,20.875,18,6,1.16
16420000841462,58.0,50,2,1.16
16420000841686,45.82,50,3,0.916
16420000841687,55.67499999999997,50,4,1.113
16420000841688,48.0,50,3,0.96
16420000841814,32.0,60,2,0.533
16420000842129,42.0,50,6,0.84
16420000842394,36.879999999999995,50,6,0.738
16420000842414,47.4,50,4,0.948
16420000842418,46.0,50,4,0.92
16420000842472,32.0,50,4,0.64
16420000842518,41.88999999999999,50,3,0.838
16420000842524,55.789999999999985,50,2,1.116
16420000842706,34.0,50,5,0.68
16420000842708,56.0,30,4,1.867
16420000842709,54.0,50,3,1.08
16420000842727,28.875,50,4,0.578
16420000843062,32.0,50,2,0.64
16420000843438,30.0,30,4,1.0
16420000843445,50.99499999999999,50,3,1.02
16420000843539,51.839999999999996,50,3,1.037
16420000843602,45.0,30,2,1.5
16420000843608,54.0,50,4,1.08
16420000843915,58.324999999999996,50,3,1.166
16420000844159,58.0,50,4,1.16
16420000844355,63.0,60,2,1.05
16420000844407,38.585,50,4,0.772
16420000844451,40.9,40,4,1.022
16420000844749,38.730000000000004,18,3,2.152
16420000844793,56.0,30,3,1.867
16420000844979,41.089999999999996,50,4,0.822
16420000845189,57.285,50,4,1.146
16420000845191,44.0,50,6,0.88
16420000845340,49.0,60,3,0.817
16420000845709,62.6,60,2,1.043
16420000845710,25.16999999999999,60,2,0.419
16420000845819,30.0,50,4,0.6
16420000846101,25.0,30,6,0.833
16420000846229,51.86,50,3,1.037
16420000846230,52.1,50,3,1.042
16420000846231,42.0,50,3,0.84
16420000846232,28.0,50,4,0.56
16420000846641,37.0,30,5,1.233
16420000847303,52.0,50,3,1.04
16420000847306,57.870000000000005,50,3,1.157
16420000847314,45.61,50,4,0.912
16420000847670,40.0,40,6,1.0
16420000847726,43.61999999999999,60,4,0.727
16420000847880,26.0,50,3,0.52
16420000847881,40.0,40,4,1.0
16420000848117,47.0,30,4,1.567
16420000848199,37.879999999999995,50,6,0.758
16420000848730,50.0,50,4,1.0
16420000849247,38.0,30,5,1.267
16420000849248,57.0,50,4,1.14
16420000849250,44.0,50,4,0.88
16420000849251,19.0,50,4,0.38
16420000849335,61.0,30,4,2.033
16420000849683,66.0,50,3,1.32
16420000849690,51.69,50,4,1.034
16420000849739,81.77000000000001,70,2,1.168
16420000849804,48.4,30,4,1.613
16420000849844,25.0,50,6,0.5
16420000850148,26.0,50,5,0.52
16420000850151,50.0,50,3,1.0
16420000850156,52.0,50,2,1.04
16420000850158,35.0,50,4,0.7
16420000850164,60.0,50,2,1.2
16420000850166,20.0,50,4,0.4
16420000850167,52.44499999999999,50,4,1.049
16420000850169,47.39999999999998,50,4,0.948
16420000850555,43.0,50,4,0.86
16420000850603,25.0,50,4,0.5
16420000850687,63.0,60,3,1.05
16420000850762,28.6,50,4,0.572
16420000851169,20.0,50,4,0.4
16420000851798,57.0,50,2,1.14
16420000851878,59.0,50,3,1.18
16420000851884,49.0,40,3,1.225
16420000851886,27.28999999999999,50,3,0.546
16420000851887,50.34,50,4,1.007
16420000851890,33.0,27,4,1.222
16420000852370,33.0,50,4,0.66
16420000852709,24.9,50,6,0.498
16420000852714,66.1,50,2,1.322
16420000853900,37.0,30,6,1.233
16420000854334,53.0,32,6,1.656
16420000854339,30.4,50,6,0.608
16420000854723,66.0,50,2,1.32
16420000855130,37.0,50,6,0.74
16420000855257,33.0,20,4,1.65
16420000855259,35.0,60,2,0.583
16420000855279,60.9,50,2,1.218
16420000855280,16.0,50,5,0.32
16420000855284,49.0,50,3,0.98
16420000855415,41.0,50,3,0.82
16420000855416,60.83499999999998,50,3,1.217
16420000855418,61.0,50,4,1.22
16420000855419,59.0,50,3,1.18
16420000855420,48.0,50,3,0.96
16420000855630,37.0,50,4,0.74
16420000855688,28.0,50,6,0.56
16420000855828,51.879999999999995,50,3,1.038
16420000856025,36.0,50,6,0.72
16420000856628,58.0,50,2,1.16
16420000856774,23.0,30,6,0.767
16420000857252,52.8,50,4,1.056
16420000857258,32.0,50,2,0.64
16420000857337,23.4,50,4,0.468
16420000858242,53.0,33,6,1.606
16420000859381,58.0,30,4,1.933
16420000859415,76.0,50,2,1.52
16420000859416,30.9,50,6,0.618
16420000859683,39.35,30,5,1.312
16420000859687,21.0,50,4,0.42
16420000859688,44.879999999999995,40,3,1.122
16420000859689,53.0,50,4,1.06
16420000859692,36.3,30,4,1.21
16420000859905,45.0,50,2,0.9
16420000860170,47.0,30,4,1.567
16420000860175,51.4,50,3,1.028
16420000860364,34.49499999999999,60,4,0.575
16420000860914,51.0,30,4,1.7
16420000860919,45.0,50,3,0.9
16420000860920,54.0,50,4,1.08
16420000860921,32.44,18,2,1.802
16420000862699,46.150000000000006,30,3,1.538
16420000862700,32.0,30,4,1.067
16420000862912,56.45,60,2,0.941
16420000863061,56.0,60,2,0.933
16420000863438,37.0,50,4,0.74
16420000863441,31.0,50,4,0.62
16420000863511,57.565,50,3,1.151
16420000863734,40.0,50,4,0.8
16420000863737,36.0,60,4,0.6
16420000864345,41.0,50,4,0.82
16420000865591,63.0,60,2,1.05
16420000865863,31.544999999999998,50,6,0.631
16420000865929,34.6,50,4,0.692
16420000866562,50.0,50,2,1.0
16420000866566,20.0,50,3,0.4
16420000866868,30.0,50,4,0.6
16420000868269,48.0,40,2,1.2
16420000868909,39.410000000000004,50,3,0.788
16420000869528,40.5,50,4,0.81
16420000869531,61.7,50,3,1.234
16420000870560,28.0,50,4,0.56
16420000870798,59.11999999999999,50,4,1.182
16420000870799,36.0,50,4,0.72
16420000872240,100.0,100,1,1.0
16420000872241,49.0,50,3,0.98
16420000872244,57.57999999999998,60,2,0.96
16420000872762,38.0,50,3,0.76
16420000872863,44.0,50,6,0.88
16420000873042,36.0,50,5,0.72
16420000874152,32.0,50,4,0.64
16420000874153,55.0,60,3,0.917
16420000874158,30.0,50,4,0.6
16420000874944,47.66,50,4,0.953
16420000874968,70.0,100,2,0.7
16420000875130,32.529999999999994,60,4,0.542
16420000875132,32.0,50,3,0.64
16420000876817,56.48,30,4,1.883
16420000876818,40.915,50,3,0.818
16420000877229,46.0,50,4,0.92
16420000878789,51.279999999999994,60,2,0.855
16420000879175,55.5,50,3,1.11
16420000879441,22.0,50,6,0.44
16420000880314,24.179999999999996,50,4,0.484
16420000882081,29.0,50,3,0.58
16420000882414,44.9,50,4,0.898
16420000882736,42.69999999999999,50,6,0.854
16420000883036,55.0,50,3,1.1
16420000883037,40.0,34,6,1.176
16420000885641,24.0,50,3,0.48
16420000885642,31.0,50,4,0.62
16420000888784,33.0,50,3,0.66
16420000894263,53.0,50,3,1.06
16420000905731,50.0,60,2,0.833
16420000908045,44.504999999999995,50,3,0.89
16420000910384,44.0,50,4,0.88
16420000912368,25.85,50,4,0.517
16420000917252,52.0,50,4,1.04
16420000918186,22.0,50,2,0.44
16420000919025,75.07000000000001,30,1,2.502
16420000927108,46.0,50,3,0.92
16420000930317,27.0,50,3,0.54
16420000939281,40.0,50,3,0.8
16420000941210,89.0,70,2,1.271
16420000944313,44.605,40,4,1.115
16420000944314,36.50999999999999,50,4,0.73
16420000946042,42.0,50,2,0.84
16420000946053,42.0,60,3,0.7
16420000946916,47.25,50,4,0.945
16420000948614,62.0,50,3,1.24
16420000949219,39.0,50,6,0.78
16420000951739,21.0,50,2,0.42
16420000951760,42.74000000000001,50,3,0.855
16420000952081,28.0,50,4,0.56
16420000953039,68.1,50,2,1.362
16420000954115,32.0,60,2,0.533
16420000957760,72.0,40,2,1.8
16420000963020,45.129999999999995,50,6,0.903
16420000963503,30.0,30,3,1.0
16420000964558,25.0,50,6,0.5
16420000965922,31.0,50,4,0.62
16420000966973,55.0,50,2,1.1
16420000969606,23.24000000000001,50,3,0.465
16420000977615,57.6,50,3,1.152
16420000977616,59.0,50,3,1.18
16420000981093,27.0,50,4,0.54
16420000981094,45.0,50,4,0.9
16420000982603,32.8,50,3,0.656
16420000982611,38.425,50,3,0.768
16420000982616,52.0,50,4,1.04
16420000986315,47.9,50,3,0.958
16420000986316,62.0,50,3,1.24
16420000986317,24.0,50,6,0.48
16420000986318,29.929999999999996,50,4,0.599
16420000990520,29.0,50,4,0.58
16420000990530,36.0,50,6,0.72
16420000993346,39.0,50,4,0.78
16420000993348,42.5,50,4,0.85
16420000993349,44.0,50,3,0.88
16420000993756,21.56,30,6,0.719
16420000995647,40.98,50,4,0.82
16420001003284,65.0,50,3,1.3
16420001005241,61.0,50,2,1.22
16420001009262,44.0,50,4,0.88
16420001047091,35.7,50,6,0.714
16420001051897,72.0,50,2,1.44
16420001053713,60.0,40,2,1.5
16420001054905,99.3,100,1,0.993
16420001063323,48.0,50,2,0.96
16420001064413,67.0,30,4,2.233
16420001065683,48.135000000000005,50,2,0.963
16420001065689,67.0,50,4,1.34
16420001066771,33.0,50,2,0.66
16420001067399,37.589999999999996,50,3,0.752
16420001067862,23.0,50,4,0.46
16420001070794,62.0,50,4,1.24
16420001071912,28.0,50,4,0.56
16420001074230,35.0,50,4,0.7
16420001076082,43.0,30,3,1.433
16420001076770,45.9,50,4,0.918
16420001078688,55.0,50,4,1.1
16420001081141,51.86999999999999,30,4,1.729
16420001081142,28.0,50,3,0.56
16420001081143,51.75,30,4,1.725
16420001081144,46.14,30,4,1.538
16420001082114,53.0,50,2,1.06
16420001082115,59.615,50,4,1.192
16420001083090,52.0,50,4,1.04
16420001084309,60.0,50,4,1.2
16420001084310,29.0,30,4,0.967
16420001084910,43.0,90,3,0.478
16420001085439,28.0,50,6,0.56
16420001086274,53.0,60,3,0.883
16420001086277,50.0,50,4,1.0
16420001086279,29.484999999999996,50,4,0.59
16420001086418,47.779999999999994,50,3,0.956
16420001237868,35.535,50,5,0.711
16420001237869,28.055,50,6,0.561
16420001238072,40.0,50,4,0.8
16420001238168,62.0,50,3,1.24
16420001238170,56.0,50,3,1.12
16420001238221,65.0,50,3,1.3
16420001238260,45.0,50,6,0.9
16420001238622,44.0,50,6,0.88
16420001238737,59.0,60,2,0.983
16420001238741,23.9,50,3,0.478
16420001238786,31.0,50,6,0.62
16420001238793,51.8,50,2,1.036
16420001238806,54.0,50,4,1.08
16420001238967,54.8,50,5,1.096
16420001239032,33.0,30,4,1.1
16420001239047,51.0,60,2,0.85
16420001239053,37.0,50,3,0.74
16420001239061,51.95499999999999,50,3,1.039
16420001239091,45.0,50,6,0.9
16420001239092,35.0,50,6,0.7
16420001239463,58.4,50,2,1.168
16420001239469,41.36999999999999,50,4,0.827
16420001239534,34.0,50,3,0.68
16420001239543,56.135000000000005,60,2,0.936
16420001239544,58.0,50,2,1.16
16420001239572,56.0,30,2,1.867
16420001239581,58.0,60,2,0.967
16420001239587,37.0,30,5,1.233
16420001239590,56.0,60,2,0.933
16420001239594,43.0,50,5,0.86
16420001239617,29.25,20,2,1.462
16420001239627,35.0,50,5,0.7
16420001239735,53.0,60,2,0.883
16420001239749,57.99499999999999,50,3,1.16
16420001239773,35.6,24,2,1.483
16420001239791,25.0,18,2,1.389
16420001239805,32.53000000000001,30,4,1.084
16420001239838,33.0,20,2,1.65
16420001239907,66.99499999999999,50,3,1.34
16420001239908,70.0,50,3,1.4
16420001239910,70.17999999999999,50,3,1.404
16420001239935,28.49,18,2,1.583
16420001240072,40.0,50,6,0.8
16420001240073,11.95,50,6,0.239
16420001240078,39.0,50,3,0.78
16420001240119,55.0,30,2,1.833
16420001240253,52.0,50,2,1.04
16420001240298,49.0,50,2,0.98
16420001240392,36.0,50,3,0.72
16420001240408,51.0,60,2,0.85
16420001240410,29.6,18,2,1.644
16420001240443,21.0,18,2,1.167
16420001240486,59.0,50,2,1.18
16420001240574,53.669999999999995,50,5,1.073
16420001240584,56.0,50,2,1.12
16420001240617,46.0,50,2,0.92
16420001240925,55.155,50,5,1.103
16420001240938,56.885,50,5,1.138
16420001240954,28.125,18,2,1.562
16420001240980,32.05,18,2,1.781
16420001240981,34.2,19,2,1.8
16420001241059,56.0,60,2,0.933
16420001241064,29.48,50,6,0.59
16420001241067,59.0,50,2,1.18
16420001241068,35.49499999999999,50,5,0.71
16420001241069,33.105000000000004,50,3,0.662
16420001241085,28.0,20,2,1.4
16420001241174,31.0,18,2,1.722
16420001241190,59.73999999999998,50,2,1.195
16420001241200,43.0,50,4,0.86
16420001241648,36.0,50,4,0.72
16420001242184,49.0,50,4,0.98
16420001242246,27.0,30,6,0.9
16420001242377,54.73,50,2,1.095
16420001242452,47.91,50,4,0.958
16420001242453,36.0,50,6,0.72
16420001242476,24.4,19,5,1.284
16420001242536,55.0,50,2,1.1
16420001242611,25.0,20,5,1.25
16420001242960,25.0,20,5,1.25
16420001242965,46.0,50,4,0.92
16420001243556,64.47,50,4,1.289
16420001243569,66.2,50,4,1.324
16420001245342,33.05,50,6,0.661
16420001245350,28.65,50,6,0.573
16420001245351,37.0,50,6,0.74
16420001245401,36.0,60,6,0.6
16420001245411,38.0,50,6,0.76
16420001245432,9.6,50,6,0.192
16420001252408,28.66,50,6,0.573
16420001252410,39.035000000000004,50,6,0.781
16420001252642,40.730000000000004,50,6,0.815
16420001252664,41.2,50,3,0.824
16420001252774,35.5,50,3,0.71
16420001253216,39.0,50,3,0.78
16420001253217,42.0,50,3,0.84
16420001253303,42.0,60,3,0.7
16420001253308,104.0,80,0,1.3
16420001253310,98.4,80,0,1.23
16420001253311,40.910000000000004,50,5,0.818
16420001253313,99.75,80,0,1.247
16420001253688,34.48,50,6,0.69
16420001253703,102.7,80,0,1.284
16420001253734,43.0,50,3,0.86
16420001253748,31.04500000000001,50,6,0.621
16420001253864,90.8,80,0,1.135
16420001253868,30.6,50,6,0.612
16420001254031,36.0,50,3,0.72
16420001254439,41.81,50,6,0.836
16420001255195,39.0,50,3,0.78
16420001255346,31.225,50,6,0.624
16420001255348,37.925,50,3,0.758
16420001255639,28.93,50,6,0.579
16420001255832,65.485,50,3,1.31
16420001255936,31.0,50,3,0.62
16420001255938,46.0,50,3,0.92
16420001255945,36.1,50,3,0.722
16420001261586,47.0,50,4,0.94
16420001261598,53.0,50,2,1.06
16420001261603,25.04,30,5,0.835
16420001261605,54.98999999999999,60,2,0.916
16420001261606,37.0,50,5,0.74
16420001261607,31.0,30,5,1.033
16420001261624,49.0,50,2,0.98
16420001261628,64.0,50,2,1.28
16420001261652,33.0,50,5,0.66
16420001261660,48.0,50,2,0.96
16420001261664,42.0,30,5,1.4
16420001261675,57.605000000000004,50,4,1.152
16420001261684,39.0,30,5,1.3
16420001261728,39.0,30,6,1.3
16420001261729,29.7,30,5,0.99
16420001261736,49.7,50,5,0.994
16420001261737,33.0,30,5,1.1
16420001261739,52.0,50,4,1.04
16420001261776,55.82999999999999,50,4,1.117
16420001261785,21.575000000000003,30,5,0.719
16420001261820,47.26,30,5,1.575
16420001261826,68.0,50,2,1.36
16420001261828,51.0,50,2,1.02
16420001261841,54.0,60,2,0.9
16420001261849,50.0,50,2,1.0
16420001261853,55.71999999999999,50,2,1.114
16420001261856,57.0,50,4,1.14
16420001261888,47.0,50,5,0.94
16420001261900,42.1,50,2,0.842
16420001261901,28.955000000000005,50,2,0.579
16420001261902,53.0,50,2,1.06
16420001261926,44.36499999999999,50,3,0.887
16420001261935,63.029999999999994,50,2,1.261
16420001261940,54.0,60,2,0.9
16420001261953,52.0,50,3,1.04
16420001261974,32.36,30,5,1.079
16420001261976,44.0,30,5,1.467
16420001261977,52.0,60,2,0.867
16420001261992,22.834999999999997,50,4,0.457
16420001262005,54.105,50,2,1.082
16420001262008,55.0,60,2,0.917
16420001262024,43.25,30,5,1.442
16420001262026,55.0,60,2,0.917
16420001262033,53.0,50,2,1.06
16420001262039,55.205,50,2,1.104
16420001262046,56.0,50,3,1.12
16420001262051,43.0,50,3,0.86
16420001262083,33.0,30,4,1.1
16420001262090,23.174999999999983,30,5,0.772
16420001262119,46.0,60,2,0.767
16420001262133,41.845,30,5,1.395
16420001262145,19.89999999999999,30,5,0.663
16420001262156,56.11999999999999,50,5,1.122
16420001262162,51.0,30,5,1.7
16420001262165,55.0,50,2,1.1
16420001262181,28.0,50,4,0.56
16420001262185,44.0,50,5,0.88
16420001262187,26.0,50,5,0.52
16420001262191,30.0,30,5,1.0
16420001262204,35.0,50,4,0.7
16420001262218,47.0,30,5,1.567
16420001262260,40.36,30,5,1.345
16420001262261,28.034999999999997,30,5,0.934
16420001262292,55.0,50,2,1.1
16420001262294,59.0,50,2,1.18
16420001262327,33.58,30,5,1.119
16420001262336,44.0,50,2,0.88
16420001262347,36.0,50,2,0.72
16420001262349,66.8,50,2,1.336
16420001262378,35.565,50,5,0.711
16420001262385,54.5,50,5,1.09
16420001262392,40.0,30,5,1.333
16420001262398,35.05,30,5,1.168
16420001262399,52.4,50,4,1.048
16420001262402,24.0,30,5,0.8
16420001262420,46.0,50,2,0.92
16420001262422,53.0,60,2,0.883
16420001262427,48.0,50,2,0.96
16420001262446,54.835,50,2,1.097
16420001262469,50.0,50,5,1.0
16420001262474,54.0,50,5,1.08
16420001262484,38.4,30,5,1.28
16420001262514,55.0,50,2,1.1
16420001262516,55.0,60,2,0.917
16420001262604,38.5,50,2,0.77
16420001262615,51.0,50,5,1.02
16420001262647,41.599999999999994,30,5,1.387
16420001262649,22.080000000000002,50,5,0.442
16420001262653,51.0,60,2,0.85
16420001262711,42.0,50,2,0.84
16420001262721,49.46,50,4,0.989
16420001262744,33.0,50,5,0.66
16420001262752,46.894999999999996,30,4,1.563
16420001262765,23.0,30,5,0.767
16420001262767,52.0,50,4,1.04
16420001262790,53.0,50,4,1.06
16420001262817,43.945,30,5,1.465
16420001262860,30.44999999999999,30,5,1.015
16420001262890,43.0,50,5,0.86
16420001262901,36.97,50,5,0.739
16420001262920,40.0,50,4,0.8
16420001262927,61.0,40,2,1.525
16420001262932,51.0,50,4,1.02
16420001262949,55.0,50,4,1.1
16420001262951,56.0,50,4,1.12
16420001262953,40.0,50,2,0.8
16420001262960,45.0,50,5,0.9
16420001262973,50.21999999999998,50,2,1.004
16420001263000,37.0,30,5,1.233
16420001263009,42.0,50,4,0.84
16420001263010,38.565,50,2,0.771
16420001263016,42.849999999999994,30,5,1.428
16420001263022,69.0,60,2,1.15
16420001263060,51.90999999999999,50,2,1.038
16420001263068,38.54,50,4,0.771
16420001263089,65.8,50,2,1.316
16420001263091,59.335,50,2,1.187
16420001263116,57.0,30,5,1.9
16420001263120,52.0,30,5,1.733
16420001263151,45.0,50,5,0.9
16420001263167,28.0,30,5,0.933
16420001263169,36.0,21,5,1.714
16420001263177,47.0,60,2,0.783
16420001263182,34.0,30,5,1.133
16420001263224,48.32999999999999,30,5,1.611
16420001263228,45.699999999999996,30,5,1.523
16420001263247,36.07,50,5,0.721
16420001263251,39.0,30,5,1.3
16420001263252,43.339999999999996,50,5,0.867
16420001263253,46.0,30,4,1.533
16420001263271,52.6,50,5,1.052
16420001263284,62.0,50,2,1.24
16420001263285,52.53,30,5,1.751
16420001263294,69.0,50,2,1.38
16420001263295,48.0,30,5,1.6
16420001263297,63.0,50,2,1.26
16420001263326,48.625,50,4,0.972
16420001263333,52.0,50,2,1.04
16420001263345,36.64,50,5,0.733
16420001263355,55.0,50,2,1.1
16420001263364,44.0,30,4,1.467
16420001263406,22.0,50,5,0.44
16420001263435,37.0,50,5,0.74
16420001263448,29.87,30,5,0.996
16420001263915,46.0,50,4,0.92
16420001263925,34.46999999999999,50,5,0.689
16420001263941,41.19,50,6,0.824
16420001263996,43.0,40,4,1.075
16420001264027,40.0,50,5,0.8
16420001264070,54.0,50,4,1.08
16420001264186,34.4,50,4,0.688
16420001264206,46.595,40,4,1.165
16420001264221,43.510000000000005,50,5,0.87
16420001264252,37.65999999999999,50,3,0.753
16420001264260,44.0,30,6,1.467
16420001264280,46.0,50,4,0.92
16420001264292,48.0,50,4,0.96
16420001264296,66.0,50,4,1.32
16420001264310,62.0,50,4,1.24
16420001264328,50.0,50,4,1.0
16420001264335,57.0,30,3,1.9
16420001264336,52.0,50,3,1.04
16420001264351,38.754999999999995,50,6,0.775
16420001264358,57.71999999999998,50,4,1.154
16420001264391,29.549999999999997,50,4,0.591
16420001264414,41.0,50,6,0.82
16420001264426,43.0,30,6,1.433
16420001264427,45.5,50,6,0.91
16420001264428,45.1,50,6,0.902
16420001264480,35.04999999999999,18,6,1.947
16420001264488,29.0,50,6,0.58
16420001264497,52.0,40,4,1.3
16420001264508,42.349999999999966,50,6,0.847
16420001264531,44.339999999999996,40,4,1.108
16420001264555,39.0,50,6,0.78
16420001264611,41.055,50,6,0.821
16420001264640,44.0,50,5,0.88
16420001264644,28.2,50,6,0.564
16420001264656,43.0,50,6,0.86
16420001264695,30.549999999999997,50,6,0.611
16420001264717,29.0,50,5,0.58
16420001264788,16.0,50,6,0.32
16420001264808,38.80000000000001,50,6,0.776
16420001266356,53.1,60,4,0.885
16420001266357,55.0,50,4,1.1
16420001266358,55.0,50,4,1.1
16420001266371,38.025,30,1,1.267
16420001266393,51.0,30,1,1.7
16420001266395,48.0,90,1,0.533
16420001266545,37.0,30,1,1.233
16420001267814,25.0,21,1,1.19
16420001267940,27.1,21,1,1.29
16420001268019,34.0,60,2,0.567
16420001268020,36.0,60,2,0.6
16420001268057,34.71499999999999,60,2,0.579
16420001268058,38.0,60,2,0.633
16420001268059,48.0,50,6,0.96
16420001268060,41.0,50,6,0.82
16420001268074,44.45,50,4,0.889
16420001268077,18.310000000000002,50,4,0.366
16420001268080,53.31999999999998,30,3,1.777
16420001268081,56.4,30,3,1.88
16420001268103,59.0,50,3,1.18
16420001268104,56.0,50,3,1.12
16420001269529,59.0,60,2,0.983
16420001269545,40.69499999999999,50,4,0.814
16420001269557,73.0,50,3,1.46
16420001269638,52.0,60,3,0.867
16420001269650,43.3,32,3,1.353
16420001269651,43.0,32,3,1.344
16420001269658,55.0,50,3,1.1
16420001269659,51.0,50,3,1.02
16420001269662,52.0,50,3,1.04
16420001269663,52.0,60,2,0.867
16420001269664,58.1,60,2,0.968
16420001269702,34.0,50,4,0.68
16420001269703,49.349999999999966,50,4,0.987
16420001269728,53.0,60,3,0.883
16420001269735,71.35,90,1,0.793
16420001269751,39.45,30,1,1.315
16420001269755,45.0,50,4,0.9
16420001269866,38.0,50,4,0.76
16420001269867,38.0,50,4,0.76
16420001269908,52.31999999999999,50,4,1.046
16420001270028,59.035000000000004,60,2,0.984
16420001270199,35.0,30,1,1.167
16420001270227,40.08,50,4,0.802
16420001270302,38.0,28,1,1.357
16420001270373,45.0,60,2,0.75
16420001270376,60.0,50,3,1.2
16420001270508,56.0,50,3,1.12
16420001270551,51.0,30,5,1.7
16420001270644,59.0,60,2,0.983
16420001270677,62.0,50,3,1.24
16420001270935,24.0,22,1,1.091
16420001271256,29.0,21,1,1.381
16420001271303,38.440000000000005,50,4,0.769
16420001271467,38.0,27,1,1.407
16420001271632,26.5,50,2,0.53
16420001271680,40.69,29,1,1.403
16420001271874,36.99499999999999,50,4,0.74
16420001271998,36.0,28,1,1.286
16420001272002,25.0,22,1,1.136
16420001272037,48.0,30,5,1.6
16420001273165,64.035,90,1,0.711
16420001273168,64.0,90,1,0.711
16420001274548,85.0,30,1,2.833
16420001274559,33.1,28,1,1.182
16420001274560,31.0,22,1,1.409
16420001274573,90.865,50,1,1.817
16420001274603,52.0,90,1,0.578
16420001274604,84.0,30,1,2.8
16420001274616,40.0,90,1,0.444
16420001274695,95.0,50,1,1.9
16420001274703,52.650000000000006,60,1,0.878
16420001274709,90.0,50,1,1.8
16420001274746,96.0,50,1,1.92
16420001274757,44.0,60,1,0.733
16420001274762,87.55,30,1,2.918
16420001274763,86.7,30,1,2.89
16420001274764,86.0,30,1,2.867
16420001275504,20.549999999999997,50,6,0.411
16420001275556,27.699999999999996,50,6,0.554
16420001275565,30.0,50,5,0.6
16420001275566,25.62,50,5,0.512
16420001275579,45.035000000000004,50,2,0.901
16420001275614,45.0,50,2,0.9
16420001275620,29.0,50,6,0.58
16420001275624,21.0,18,5,1.167
16420001275641,51.44999999999999,50,5,1.029
16420001275728,27.0,30,5,0.9
16420001283570,33.0,60,4,0.55
16420001283624,28.299999999999997,50,2,0.566
16420001283721,64.0,50,4,1.28
16420001283771,32.0,50,2,0.64
16420001283814,35.0,60,4,0.583
16420001283860,62.0,50,4,1.24
16420001283952,64.0,50,4,1.28
16420001283953,61.0,50,4,1.22
16420001284042,25.0,50,2,0.5
16420001284304,30.0,50,2,0.6
16420001284312,43.0,60,2,0.717
16420001284331,33.0,50,4,0.66
16420001284409,31.7,50,2,0.634
16420001284470,31.0,50,2,0.62
16420001284479,33.91,50,4,0.678
16420001284901,40.0,70,4,0.571
16420001284946,73.0,50,4,1.46
16420001284967,28.0,50,4,0.56
16420001284984,24.0,50,4,0.48
16420001285007,43.0,50,4,0.86
16420001285024,30.0,50,4,0.6
16420001285027,55.8,50,4,1.116
16420001285031,28.0,50,4,0.56
16420001285038,75.0,50,4,1.5
16420001285043,36.715,50,4,0.734
16420001285058,73.0,50,4,1.46
16420001285059,73.6,50,4,1.472
16420001285060,76.0,50,4,1.52
16420001285061,72.965,50,4,1.459
16420001285088,52.75,50,4,1.055
16420001285123,52.0,50,4,1.04
16420001285128,67.0,50,4,1.34
16420001285131,22.0,50,5,0.44
16420001285139,30.0,50,5,0.6
16420001285904,26.520000000000003,30,3,0.884
16420001285919,45.55999999999998,30,3,1.519
16420001286367,28.1,50,2,0.562
16420001286546,45.0,50,4,0.9
16420001286569,51.0,50,2,1.02
16420001286612,40.0,50,4,0.8
16420001286635,27.8,50,3,0.556
16420001286637,22.0,50,3,0.44
16420001286805,45.919999999999995,50,5,0.918
16420001286813,55.1,60,4,0.918
16420001286814,55.92999999999999,60,4,0.932
16420001286815,38.3,50,4,0.766
16420001286816,49.475,50,4,0.99
16420001286828,57.0,50,4,1.14
16420001286877,65.0,50,2,1.3
16420001286946,64.0,50,5,1.28
16420001286984,66.0,50,4,1.32
16420001287050,47.0,50,5,0.94
16420001287056,60.0,30,2,2.0
16420001287057,60.0,30,2,2.0
16420001287124,59.0,50,5,1.18
16420001287235,64.0,50,5,1.28
16420001287240,44.36999999999999,50,5,0.887
16420001287241,37.0,50,5,0.74
16420001287242,41.0,50,5,0.82
16420001287265,60.3,50,5,1.206
16420001287292,42.5,50,4,0.85
16420001287315,60.0,50,5,1.2
16420001287426,21.6,50,6,0.432
16420001287495,44.84000000000001,50,5,0.897
16420001287521,66.755,50,4,1.335
16420001287705,48.23999999999999,50,5,0.965
16420001287926,51.0,50,4,1.02
16420001288034,64.97,50,5,1.299
16420001288037,64.4,50,5,1.288
16420001288140,49.0,50,5,0.98
16420001288179,48.0,50,5,0.96
16420001288372,64.0,30,2,2.133
16420001288402,63.025,50,4,1.26
16420001288415,37.0,50,4,0.74
16420001288467,61.0,50,5,1.22
16420001288515,21.6,50,6,0.432
16420001288587,44.0,50,4,0.88
16420001288611,40.0,50,5,0.8
16420001288616,64.0,50,5,1.28
16420001288687,61.0,50,5,1.22
16420001288738,48.0,50,4,0.96
16420001288740,55.0,50,5,1.1
16420001288747,60.0,50,5,1.2
16420001288748,48.0,50,5,0.96
16420001288751,64.0,50,5,1.28
16420001288753,64.0,50,5,1.28
16420001288754,39.0,50,4,0.78
16420001288842,49.0,50,3,0.98
16420001288851,36.0,50,6,0.72
16420001288863,32.0,50,6,0.64
16420001289027,76.0,70,3,1.086
16420001290897,40.0,30,6,1.333
16420001290927,34.0,50,6,0.68
16420001290990,30.0,50,4,0.6
16420001291016,23.1,50,6,0.462
16420001291021,27.0,50,4,0.54
16420001291039,17.0,50,6,0.34
16420001291043,66.0,50,4,1.32
16420001291052,31.0,50,4,0.62
16420001291053,41.0,50,4,0.82
16420001291104,40.8,50,3,0.816
16420001291108,53.0,50,3,1.06
16420001291188,24.129999999999995,50,6,0.483
16420001291210,53.0,50,4,1.06
16420001291212,57.0,50,4,1.14
16420001291244,49.0,50,3,0.98
16420001291336,46.0,50,4,0.92
16420001291388,47.55,50,3,0.951
16420001291408,33.745,50,6,0.675
16420001291421,33.0,50,6,0.66
16420001291446,51.255,50,4,1.025
16420001291449,53.0,50,4,1.06
16420001291479,52.0,50,3,1.04
16420001291483,43.0,50,3,0.86
16420001291502,26.0,50,6,0.52
16420001291506,59.0,50,4,1.18
16420001291549,31.2,27,4,1.156
16420001291550,31.580000000000002,26,4,1.215
16420001291633,49.1,50,3,0.982
16420001291656,54.0,50,3,1.08
16420001291658,57.0,50,3,1.14
16420001291667,19.0,50,6,0.38
16420001291670,31.0,50,6,0.62
16420001291672,20.0,50,4,0.4
16420001291691,53.089999999999996,50,4,1.062
16420001291700,46.07000000000001,50,3,0.921
16420001291763,42.0,50,6,0.84
16420001291764,54.0,50,4,1.08
16420001291783,56.0,50,4,1.12
16420001291805,57.0,50,4,1.14
16420001291862,57.0,50,4,1.14
16420001291947,66.0,50,4,1.32
16420001291949,47.470000000000006,50,3,0.949
16420001291993,52.0,50,3,1.04
16420001292106,38.4,30,6,1.28
16420001292127,55.46999999999999,50,4,1.109
16420001292128,51.0,50,4,1.02
16420001292129,52.0,50,4,1.04
16420001292131,37.0,50,4,0.74
16420001292132,35.0,50,4,0.7
16420001292133,57.8,50,4,1.156
16420001292139,66.0,50,4,1.32
16420001292183,33.0,50,3,0.66
16420001292193,34.0,50,6,0.68
16420001292285,36.6,30,6,1.22
16420001292292,39.004999999999995,50,3,0.78
16420001292326,66.05499999999999,50,4,1.321
16420001292410,32.0,50,6,0.64
16420001292489,93.0,70,2,1.329
16420001292502,43.0,60,2,0.717
16420001292575,44.0,50,6,0.88
16420001292657,91.5,50,2,1.83
16420001292692,43.0,60,2,0.717
16420001292696,55.0,60,2,0.917
16420001292719,42.0,50,6,0.84
16420001292948,90.6,50,2,1.812
16420001292970,50.0,30,2,1.667
16420001293908,52.625,50,2,1.052
16420001293909,48.0,50,2,0.96
16420001293912,36.0,50,2,0.72
16420001293916,50.1,50,2,1.002
16420001293920,47.0,50,3,0.94
16420001293924,35.0,50,2,0.7
16420001293925,58.0,50,2,1.16
16420001293926,59.5,50,2,1.19
16420001293930,50.21,40,2,1.255
16420001293931,51.0,60,2,0.85
16420001293934,56.0,50,2,1.12
16420001293937,45.0,50,2,0.9
16420001293939,40.0,50,2,0.8
16420001293943,29.830000000000002,50,4,0.597
16420001293947,42.0,50,2,0.84
16420001293948,30.0,50,4,0.6
16420001293955,58.0,50,2,1.16
16420001293957,44.0,50,2,0.88
16420001293958,48.0,60,2,0.8
16420001293959,59.0,50,2,1.18
16420001293969,37.0,40,2,0.925
16420001293973,45.0,50,2,0.9
16420001293989,30.0,30,2,1.0
16420001293990,33.0,50,4,0.66
16420001293991,43.6,50,4,0.872
16420001293993,31.0,50,5,0.62
16420001293994,36.0,50,2,0.72
16420001293999,27.454999999999995,50,3,0.549
16420001294001,27.0,50,4,0.54
16420001294003,30.13,50,4,0.603
16420001294005,57.7,50,2,1.154
16420001294006,49.0,50,3,0.98
16420001294007,49.0,50,3,0.98
16420001294021,60.0,60,4,1.0
16420001294022,32.32,60,4,0.539
16420001294030,26.0,50,3,0.52
16420001294033,39.0,60,2,0.65
16420001294035,59.135000000000005,60,2,0.986
16420001294036,42.0,50,4,0.84
16420001294043,29.0,50,4,0.58
16420001294045,42.0,50,4,0.84
16420001294049,47.0,50,3,0.94
16420001294051,57.0,50,3,1.14
16420001294058,18.65999999999999,50,5,0.373
16420001294059,27.0,50,4,0.54
16420001294066,34.0,30,3,1.133
16420001294067,37.4,50,3,0.748
16420001294074,56.665,50,3,1.133
16420001294077,23.829999999999995,50,4,0.477
16420001294085,52.0,50,3,1.04
16420001294087,22.1,50,4,0.442
16420001294093,24.0,50,4,0.48
16420001294094,18.0,50,4,0.36
16420001294096,40.0,50,2,0.8
16420001294106,43.0,50,2,0.86
16420001294108,36.0,50,2,0.72
16420001294109,42.0,50,2,0.84
16420001294110,54.0,60,2,0.9
16420001294120,44.0,90,3,0.489
16420001294121,41.8,50,6,0.836
16420001294131,50.0,50,3,1.0
16420001294134,43.80499999999999,50,3,0.876
16420001294141,30.0,50,3,0.6
16420001294156,40.0,50,3,0.8
16420001294159,50.0,50,2,1.0
16420001294160,50.0,50,3,1.0
16420001294190,47.0,50,3,0.94
16420001294193,57.0,50,2,1.14
16420001294206,49.0,50,2,0.98
16420001294212,54.0,50,3,1.08
16420001294213,56.6,50,4,1.132
16420001294217,59.0,50,3,1.18
16420001294229,45.0,50,5,0.9
16420001294231,60.0,50,3,1.2
16420001294235,59.0,50,3,1.18
16420001294236,57.1,50,3,1.142
16420001294237,42.0,30,3,1.4
16420001294239,61.0,50,3,1.22
16420001294242,30.0,50,4,0.6
16420001294251,52.5,50,3,1.05
16420001294253,52.0,50,2,1.04
16420001294262,54.7,50,2,1.094
16420001294266,54.0,50,2,1.08
16420001294267,41.0,50,4,0.82
16420001294268,48.52999999999999,50,4,0.971
16420001294278,44.0,50,4,0.88
16420001294291,51.0,50,4,1.02
16420001294309,38.67,50,4,0.773
16420001294312,57.32999999999998,50,3,1.147
16420001294316,39.0,50,5,0.78
16420001294322,42.0,50,6,0.84
16420001294348,46.0,30,4,1.533
16420001294350,25.0,50,4,0.5
16420001294357,51.6,50,2,1.032
16420001294358,34.0,50,4,0.68
16420001294366,50.0,50,4,1.0
16420001294370,53.0,50,3,1.06
16420001294371,57.0,50,3,1.14
16420001294372,51.0,50,3,1.02
16420001294373,55.0,50,3,1.1
16420001294374,51.0,50,3,1.02
16420001294381,53.0,50,2,1.06
16420001294382,49.0,50,4,0.98
16420001294394,55.0,50,3,1.1
16420001294395,55.0,50,3,1.1
16420001294399,40.855,50,4,0.817
16420001294403,36.0,50,5,0.72
16420001294407,44.0,50,2,0.88
16420001294412,22.0,50,4,0.44
16420001294416,36.279999999999994,50,3,0.726
16420001294417,45.32,50,3,0.906
16420001294436,38.0,50,2,0.76
16420001294443,53.0,50,3,1.06
16420001294456,41.0,50,4,0.82
16420001294458,19.810000000000002,60,2,0.33
16420001294459,32.0,30,6,1.067
16420001294468,48.0,50,4,0.96
16420001294486,39.0,50,2,0.78
16420001294490,50.0,50,3,1.0
16420001294491,50.0,50,3,1.0
16420001294493,37.019999999999996,50,3,0.74
16420001294499,45.0,50,2,0.9
16420001294521,47.58499999999998,50,2,0.952
16420001294522,36.0,50,5,0.72
16420001294527,49.0,50,3,0.98
16420001294528,52.0,50,3,1.04
16420001294530,48.0,50,3,0.96
16420001294531,29.64,50,5,0.593
16420001294549,26.0,50,5,0.52
16420001294552,24.159999999999997,50,5,0.483
16420001294559,36.38999999999999,50,2,0.728
16420001294560,34.239999999999995,50,5,0.685
16420001294585,25.0,50,5,0.5
16420001294595,42.5,50,4,0.85
16420001294603,46.0,50,3,0.92
16420001294605,27.0,60,2,0.45
16420001294606,43.0,50,5,0.86
16420001294608,32.55499999999999,50,5,0.651
16420001294617,39.205000000000005,50,2,0.784
16420001294620,41.49499999999999,50,2,0.83
16420001294629,51.0,50,3,1.02
16420001294632,50.4,50,2,1.008
16420001294638,36.0,60,2,0.6
16420001294642,61.0,50,3,1.22
16420001294648,42.0,50,4,0.84
16420001294650,29.0,50,4,0.58
16420001294656,40.0,50,4,0.8
16420001294657,21.549999999999997,50,4,0.431
16420001294664,26.329999999999973,50,4,0.527
16420001294665,56.0,50,3,1.12
16420001294669,56.0,50,3,1.12
16420001294673,50.185,50,4,1.004
16420001294679,34.0,50,4,0.68
16420001294681,60.0,50,3,1.2
16420001294682,60.19,50,3,1.204
16420001294684,61.0,50,3,1.22
16420001294685,59.0,50,3,1.18
16420001294686,26.740000000000002,30,6,0.891
16420001294687,30.0,50,2,0.6
16420001294690,29.879999999999995,50,4,0.598
16420001294694,42.0,60,2,0.7
16420001294702,48.0,50,3,0.96
16420001294711,36.1,50,5,0.722
16420001294720,45.15999999999999,50,3,0.903
16420001294721,28.0,50,4,0.56
16420001294808,36.0,50,4,0.72
16420001294809,38.31999999999999,50,4,0.766
16420001294810,38.0,50,4,0.76
16420001294811,40.0,50,4,0.8
16420001294812,44.0,50,5,0.88
16420001294813,28.54,50,4,0.571
16420001294814,42.0,30,4,1.4
16420001294815,40.0,50,5,0.8
16420001294817,29.0,50,5,0.58
16420001294820,37.0,50,4,0.74
16420001294821,31.629999999999992,50,4,0.633
16420001294822,42.0,50,4,0.84
16420001294828,43.0,50,3,0.86
16420001294838,30.0,50,2,0.6
16420001294839,55.0,50,2,1.1
16420001294840,24.0,50,2,0.48
16420001294841,42.32999999999999,50,2,0.847
16420001294932,46.0,50,3,0.92
16420001294933,60.0,50,2,1.2
16420001294943,25.0,30,6,0.833
16420001294952,32.0,50,5,0.64
16420001294965,37.4,50,4,0.748
16420001294982,25.0,50,4,0.5
16420001294993,41.0,50,4,0.82
16420001294995,35.725,50,4,0.714
16420001295003,33.0,50,4,0.66
16420001295007,50.0,50,4,1.0
16420001295010,55.0,50,2,1.1
16420001295011,47.3,90,3,0.526
16420001295016,55.425,50,3,1.108
16420001295017,54.0,50,3,1.08
16420001295024,29.179999999999996,50,3,0.584
16420001295025,50.0,50,3,1.0
16420001295029,38.7,50,3,0.774
16420001295030,47.1,50,3,0.942
16420001295038,38.0,50,2,0.76
16420001295048,45.0,50,3,0.9
16420001295049,55.7,50,2,1.114
16420001295059,43.97,30,4,1.466
16420001295110,33.0,30,2,1.1
16420001295148,24.0,30,6,0.8
16420001295153,37.0,50,5,0.74
16420001295166,62.0,50,2,1.24
16420001295167,29.0,50,4,0.58
16420001295227,56.0,50,4,1.12
16420001299008,34.279999999999994,50,4,0.686
16420001299009,42.0,50,5,0.84
16420001299010,41.5,50,5,0.83
16420001299011,38.0,50,5,0.76
16420001299019,31.0,50,6,0.62
16420001299028,23.46999999999999,50,5,0.469
16420001299035,46.0,50,2,0.92
16420001299036,61.0,50,2,1.22
16420001299037,64.0,50,2,1.28
16420001299038,49.0,50,2,0.98
16420001299041,48.82999999999999,50,3,0.977
16420001299044,34.0,50,4,0.68
16420001299045,39.0,50,2,0.78
16420001299046,42.0,50,6,0.84
16420001299048,36.68,60,2,0.611
16420001299057,19.839999999999986,50,4,0.397
16420001299058,54.0,60,2,0.9
16420001299060,32.0,50,4,0.64
16420001299061,32.0,50,4,0.64
16420001299062,46.0,50,4,0.92
16420001299067,40.75,50,4,0.815
16420001299069,44.589999999999996,50,4,0.892
16420001299070,36.959999999999994,50,4,0.739
16420001299071,51.2,50,4,1.024
16420001299072,49.0,50,4,0.98
16420001299073,43.0,50,4,0.86
16420001299074,45.2,50,4,0.904
16420001299079,39.0,50,4,0.78
16420001299080,47.0,50,3,0.94
16420001299086,47.4,50,5,0.948
16420001299097,43.6,50,4,0.872
16420001299098,24.0,50,3,0.48
16420001299099,35.6,50,3,0.712
16420001299100,28.0,50,3,0.56
16420001299108,21.0,50,6,0.42
16420001299125,44.0,50,4,0.88
16420001299126,43.0,50,3,0.86
16420001299128,41.3,50,4,0.826
16420001299134,44.0,50,2,0.88
16420001299135,36.129999999999995,50,2,0.723
16420001299139,29.0,50,6,0.58
16420001299143,45.945,30,4,1.532
16420001299146,57.0,60,2,0.95
16420001299148,68.0,50,2,1.36
16420001299155,45.0,50,4,0.9
16420001299215,48.0,50,4,0.96
16420001299216,44.0,50,4,0.88
16420001299218,58.0,30,2,1.933
16420001299251,51.0,60,2,0.85
16420001299252,44.89499999999999,30,3,1.496
16420001299261,49.705,50,2,0.994
16420001299268,21.0,50,4,0.42
16420001299272,48.0,50,4,0.96
16420001299274,42.0,50,2,0.84
16420001299284,26.0,50,4,0.52
16420001299288,24.0,50,2,0.48
16420001299295,42.0,50,3,0.84
16420001299300,63.0,50,2,1.26
16420001299301,74.0,50,2,1.48
16420001299304,74.0,50,2,1.48
16420001299305,72.6,50,2,1.452
16420001299309,52.0,50,4,1.04
16420001299311,62.4,50,2,1.248
16420001299312,62.0,50,2,1.24
16420001299313,63.459999999999994,30,2,2.115
16420001299314,47.0,50,3,0.94
16420001299315,36.0,50,3,0.72
16420001299316,65.0,30,2,2.167
16420001299321,37.54,50,4,0.751
16420001299322,29.7,50,4,0.594
16420001299323,27.934999999999995,50,4,0.559
16420001299325,35.0,30,4,1.167
16420001299348,42.92999999999999,50,2,0.859
16420001299358,37.0,50,6,0.74
16420001299359,52.0,50,4,1.04
16420001299367,24.0,50,4,0.48
16420001299368,57.724999999999966,30,2,1.924
16420001299378,32.660000000000004,30,6,1.089
16420001299379,57.5,60,2,0.958
16420001299386,37.0,50,2,0.74
16420001299389,34.0,50,2,0.68
16420001299390,10.0,50,2,0.2
16420001299392,53.0,50,3,1.06
16420001299393,55.0,50,3,1.1
16420001299403,66.0,50,2,1.32
16420001299406,66.7,50,2,1.334
16420001299410,47.9,50,2,0.958
16420001299415,68.85,90,4,0.765
16420001299429,43.0,50,3,0.86
16420001299457,47.0,50,2,0.94
16420001299460,48.0,50,3,0.96
16420001299483,24.0,50,5,0.48
16420001299486,43.0,50,4,0.86
16420001299491,41.915,50,4,0.838
16420001299506,47.0,50,5,0.94
16420001299509,34.0,50,2,0.68
16420001299510,32.464999999999996,50,4,0.649
16420001299512,27.0,50,4,0.54
16420001299520,57.0,60,2,0.95
16420001299521,54.035000000000004,60,2,0.901
16420001299527,51.0,60,2,0.85
16420001299541,56.39999999999999,50,2,1.128
16420001299542,54.339999999999996,50,2,1.087
16420001299543,44.5,50,4,0.89
16420001299544,27.0,50,2,0.54
16420001299550,42.0,50,2,0.84
16420001299553,50.870000000000005,50,2,1.017
16420001299557,55.0,50,3,1.1
16420001299566,16.7,50,5,0.334
16420001299567,24.0,50,4,0.48
16420001299575,44.0,50,2,0.88
16420001299579,45.0,50,2,0.9
16420001299580,52.0,50,2,1.04
16420001299584,38.0,60,2,0.633
16420001299586,37.8,50,3,0.756
16420001299588,43.86,50,5,0.877
16420001299589,40.0,50,2,0.8
16420001299591,42.1,50,5,0.842
16420001299594,41.0,50,5,0.82
16420001299601,42.0,50,5,0.84
16420001299609,51.0,50,2,1.02
16420001299612,59.95,50,3,1.199
16420001299613,30.0,50,5,0.6
16420001299620,46.0,50,3,0.92
16420001299633,20.0,50,4,0.4
16420001299642,22.8,50,4,0.456
16420001299643,49.0,60,4,0.817
16420001299644,44.27999999999997,60,4,0.738
16420001299645,46.0,60,4,0.767
16420001299646,38.0,50,4,0.76
16420001299647,45.989999999999995,60,4,0.766
16420001299648,41.0,50,4,0.82
16420001299650,39.0,50,4,0.78
16420001299655,62.5,30,2,2.083
16420001299657,62.0,30,2,2.067
16420001299674,27.6,50,5,0.552
16420001299694,28.0,50,3,0.56
16420001299695,65.0,50,2,1.3
16420001299696,68.0,50,2,1.36
16420001299698,58.0,50,3,1.16
16420001299699,41.0,50,3,0.82
16420001299704,43.0,50,4,0.86
16420001299707,62.0,50,4,1.24
16420001299717,56.0,50,2,1.12
16420001299719,51.0,30,4,1.7
16420001299726,53.0,50,4,1.06
16420001299729,39.0,50,3,0.78
16420001299731,39.4,50,4,0.788
16420001299738,43.2,50,2,0.864
16420001299744,29.79,50,4,0.596
16420001299751,33.0,50,5,0.66
16420001299752,47.065,50,4,0.941
16420001299758,38.0,50,2,0.76
16420001299761,48.8,60,2,0.813
16420001299764,44.65999999999999,50,2,0.893
16420001299765,54.73500000000001,60,2,0.912
16420001299766,40.615,50,2,0.812
16420001299777,58.0,50,4,1.16
16420001299784,36.0,50,5,0.72
16420001299787,31.0,50,3,0.62
16420001299801,42.0,50,4,0.84
16420001299805,31.0,50,4,0.62
16420001299818,39.0,50,4,0.78
16420001299821,22.0,50,4,0.44
16420001299824,31.0,50,6,0.62
16420001299826,37.0,50,4,0.74
16420001299827,71.0,50,2,1.42
16420001299829,56.0,50,2,1.12
16420001299830,26.639999999999986,50,2,0.533
16420001299831,48.8,50,2,0.976
16420001299833,67.0,50,2,1.34
16420001299834,46.0,50,2,0.92
16420001299835,35.0,50,2,0.7
16420001299844,55.0,50,3,1.1
16420001299848,70.0,60,2,1.167
16420001299849,58.0,50,3,1.16
16420001299851,43.035000000000004,40,2,1.076
16420001299852,68.05,50,3,1.361
16420001299854,30.0,50,2,0.6
16420001299856,64.0,100,2,0.64
16420001299858,64.0,100,2,0.64
16420001299859,18.0,50,4,0.36
16420001299863,49.0,50,4,0.98
16420001299867,34.0,50,5,0.68
16420001299870,45.0,50,3,0.9
16420001299871,31.0,50,3,0.62
16420001299872,29.9,50,3,0.598
16420001299873,48.0,50,3,0.96
16420001299875,41.09499999999999,60,3,0.685
16420001299878,31.439999999999998,50,4,0.629
16420001299894,33.75,60,2,0.562
16420001299895,34.0,60,2,0.567
16420001299896,47.0,60,2,0.783
16420001299907,36.0,50,4,0.72
16420001299911,47.0,50,3,0.94
16420001299917,29.0,50,4,0.58
16420001299921,20.0,50,2,0.4
16420001299933,25.0,50,3,0.5
16420001299940,35.0,50,6,0.7
16420001299941,31.0,50,4,0.62
16420001299955,28.0,50,5,0.56
16420001299959,24.15,50,6,0.483
16420001299964,23.415,50,5,0.468
16420001299965,21.4,30,6,0.713
16420001299967,41.0,50,4,0.82
16420001299969,47.0,50,2,0.94
16420001299971,46.0,50,2,0.92
16420001299974,51.0,50,2,1.02
16420001299975,38.0,50,2,0.76
16420001299987,67.625,50,2,1.352
16420001299989,26.0,50,4,0.52
16420001299996,44.245,50,4,0.885
16420001300003,81.1,90,4,0.901
16420001300011,30.0,60,2,0.5
16420001300012,59.0,50,3,1.18
16420001300013,45.0,50,2,0.9
16420001300015,38.0,50,3,0.76
16420001300024,28.0,50,2,0.56
16420001300047,47.0,50,2,0.94
16420001300049,31.0,50,4,0.62
16420001300056,37.0,50,2,0.74
16420001300057,33.0,50,2,0.66
16420001300062,35.0,50,4,0.7
16420001300063,35.0,50,3,0.7
16420001300067,40.0,50,4,0.8
16420001300071,35.0,50,4,0.7
16420001300072,47.0,50,4,0.94
16420001300077,36.12,50,4,0.722
16420001300080,37.540000000000006,50,2,0.751
16420001300084,51.0,60,2,0.85
16420001300096,33.0,50,4,0.66
16420001300097,49.0,50,3,0.98
16420001300099,37.28999999999999,50,3,0.746
16420001300101,59.0,50,3,1.18
16420001300102,58.0,50,3,1.16
16420001300103,57.0,50,3,1.14
16420001300104,57.0,50,3,1.14
16420001300105,57.849999999999994,50,3,1.157
16420001300111,34.0,50,3,0.68
16420001300114,49.0,50,4,0.98
16420001300124,18.4,50,3,0.368
16420001300131,40.385,50,5,0.808
16420001300134,16.3,50,4,0.326
16420001300141,43.0,50,4,0.86
16420001300143,57.89999999999998,50,4,1.158
16420001300147,56.025,50,3,1.12
16420001300148,57.0,50,3,1.14
16420001300150,32.4,50,4,0.648
16420001300154,27.0,30,6,0.9
16420001300157,65.725,30,2,2.191
16420001300165,44.0,50,2,0.88
16420001300171,61.1,50,2,1.222
16420001300173,41.0,50,4,0.82
16420001300175,30.884999999999994,50,4,0.618
16420001300176,34.0,50,4,0.68
16420001300178,40.0,60,2,0.667
16420001300184,40.3,50,3,0.806
16420001300186,31.0,50,2,0.62
16420001300190,52.0,50,4,1.04
16420001300191,38.0,50,4,0.76
16420001300196,79.07000000000001,50,2,1.581
16420001300197,79.0,50,2,1.58
16420001300199,60.0,50,2,1.2
16420001300201,63.99499999999999,50,2,1.28
16420001300220,28.0,40,4,0.7
16420001300238,44.0,60,2,0.733
16420001300239,46.2,60,2,0.77
16420001300242,37.0,50,4,0.74
16420001300279,35.5,50,5,0.71
16420001300280,33.545,50,4,0.671
16420001300296,53.0,50,4,1.06
16420001300299,48.0,50,2,0.96
16420001300300,6.9,50,6,0.138
16420001300327,44.0,50,4,0.88
16420001300337,48.675000000000004,50,3,0.974
16420001300348,27.0,50,4,0.54
16420001300350,36.0,50,3,0.72
16420001300351,39.0,50,2,0.78
16420001300360,32.0,50,3,0.64
16420001300363,30.0,50,3,0.6
16420001300365,22.0,50,5,0.44
16420001300366,16.37000000000001,50,5,0.327
16420001300377,48.0,50,3,0.96
16420001300381,45.0,50,3,0.9
16420001300382,47.0,50,3,0.94
16420001300386,50.68999999999998,50,3,1.014
16420001300390,46.0,50,2,0.92
16420001300394,38.0,50,3,0.76
16420001300395,25.2,50,4,0.504
16420001300399,66.0,50,3,1.32
16420001300403,46.0,50,2,0.92
16420001300407,44.0,50,4,0.88
16420001300409,56.0,60,2,0.933
16420001300411,42.0,50,4,0.84
16420001300422,48.0,50,2,0.96
16420001300428,46.51999999999998,50,4,0.93
16420001300429,58.0,60,2,0.967
16420001300458,44.0,50,4,0.88
16420001300464,43.0,50,3,0.86
16420001300465,42.0,50,3,0.84
16420001300469,44.0,50,3,0.88
16420001300473,42.19499999999999,50,2,0.844
16420001300474,49.0,50,3,0.98
16420001300486,35.115,50,5,0.702
16420001300487,45.0,50,6,0.9
16420001300491,55.0,60,2,0.917
16420001300492,29.0,50,4,0.58
16420001300494,41.0,50,4,0.82
16420001300495,25.0,50,4,0.5
16420001300496,46.0,50,4,0.92
16420001300498,55.0,60,2,0.917
16420001300507,28.859999999999992,50,5,0.577
16420001300525,34.0,50,5,0.68
16420001300545,41.089999999999996,50,2,0.822
16420001300548,24.0,50,4,0.48
16420001300550,59.0,60,2,0.983
16420001300552,59.53,60,2,0.992
16420001300556,66.1,50,3,1.322
16420001300558,67.0,50,3,1.34
16420001300559,44.0,50,3,0.88
16420001300560,37.0,50,5,0.74
16420001300566,26.849999999999966,50,3,0.537
16420001300567,31.0,50,3,0.62
16420001300568,34.1,50,6,0.682
16420001300571,39.0,50,4,0.78
16420001300573,30.645,50,4,0.613
16420001300579,57.525,50,2,1.15
16420001300581,23.0,50,2,0.46
16420001300583,53.8,60,2,0.897
16420001300592,38.9,50,4,0.778
16420001300598,40.0,50,2,0.8
16420001300603,32.0,50,4,0.64
16420001300610,42.0,30,3,1.4
16420001300612,22.15,50,5,0.443
16420001300623,45.435,60,2,0.757
16420001300639,29.0,50,3,0.58
16420001300647,39.53000000000001,50,3,0.791
16420001300652,44.0,50,4,0.88
16420001300661,55.0,60,3,0.917
16420001300662,37.0,50,4,0.74
16420001300663,36.0,50,4,0.72
16420001300669,35.0,60,2,0.583
16420001300680,36.434999999999995,50,4,0.729
16420001300681,44.580000000000005,50,2,0.892
16420001300686,33.0,50,2,0.66
16420001300696,34.0,50,2,0.68
16420001300702,48.845,50,4,0.977
16420001300704,64.4,50,2,1.288
16420001300705,42.0,50,3,0.84
16420001300724,34.0,50,4,0.68
16420001300725,30.165000000000003,50,4,0.603
16420001300726,21.0,50,4,0.42
16420001300729,39.0,50,2,0.78
16420001300734,47.0,50,2,0.94
16420001300739,38.0,50,4,0.76
16420001300740,44.0,50,4,0.88
16420001300741,47.0,50,4,0.94
16420001300742,43.0,50,3,0.86
16420001300743,36.0,50,3,0.72
16420001300762,22.0,50,6,0.44
16420001300778,39.0,50,2,0.78
16420001300779,36.3,50,4,0.726
16420001300780,29.559999999999967,50,3,0.591
16420001300789,54.0,50,3,1.08
16420001300793,48.9,50,5,0.978
16420001300798,32.0,50,4,0.64
16420001300803,43.0,30,4,1.433
16420001300805,38.0,50,2,0.76
16420001300808,40.335,50,2,0.807
16420001300817,43.4,50,4,0.868
16420001300822,64.41999999999999,30,2,2.147
16420001300825,64.5,30,2,2.15
16420001300831,44.0,60,2,0.733
16420001300834,49.0,50,3,0.98
16420001300838,38.0,60,2,0.633
16420001300840,54.0,60,3,0.9
16420001300844,22.65,50,4,0.453
16420001300847,35.0,50,4,0.7
16420001300862,48.23500000000001,60,2,0.804
16420001300867,24.0,30,3,0.8
16420001300873,43.535000000000004,60,2,0.726
16420001300874,35.269999999999996,30,4,1.176
16420001300903,43.0,50,4,0.86
16420001300912,34.7,50,4,0.694
16420001300916,48.0,60,2,0.8
16420001300917,42.06999999999999,50,4,0.841
16420001300918,16.6,50,4,0.332
16420001300933,15.0,50,2,0.3
16420001300935,60.05,50,3,1.201
16420001300940,51.7,50,2,1.034
16420001300943,43.5,50,5,0.87
16420001300965,50.0,50,2,1.0
16420001300982,27.3,50,4,0.546
16420001300987,57.0,60,2,0.95
16420001301023,31.0,50,2,0.62
16420001301026,51.0,50,2,1.02
16420001301033,48.0,50,2,0.96
16420001301044,45.35999999999999,60,3,0.756
16420001301048,30.09,50,4,0.602
16420001301054,32.0,50,5,0.64
16420001301058,28.925,50,6,0.578
16420001301069,29.0,50,5,0.58
16420001301081,29.0,50,4,0.58
16420001301100,41.8,30,4,1.393
16420001301104,57.6,50,2,1.152
16420001301121,39.135000000000005,50,2,0.783
16420001301122,43.0,50,2,0.86
16420001301137,39.0,50,4,0.78
16420001301152,38.0,30,4,1.267
16420001301164,46.0,50,3,0.92
16420001301169,33.825,50,4,0.677
16420001301206,27.384999999999994,50,4,0.548
16420001301222,55.17,50,2,1.103
16420001301229,39.28,50,5,0.786
16420001301230,33.0,50,4,0.66
16420001301234,49.4,50,4,0.988
16420001301242,30.0,50,4,0.6
16420001301252,39.0,50,4,0.78
16420001301331,46.0,50,4,0.92
16420001301335,61.0,60,2,1.017
16420001301339,39.0,50,4,0.78
16420001301364,31.939999999999998,30,4,1.065
16420001301365,29.0,30,4,0.967
16420001301476,61.0,50,3,1.22
16420001301477,57.0,50,3,1.14
16420001301479,56.0,50,4,1.12
16420001301494,30.4,40,4,0.76
16420001301521,33.0,30,4,1.1
16420001301567,24.0,50,6,0.48
16420001301609,52.0,50,4,1.04
16420001301616,29.0,50,3,0.58
16420001301631,36.94,50,6,0.739
16420001301723,69.025,50,2,1.38
16420001304355,100.0,80,0,1.25
16420001304376,51.0,50,4,1.02
16420001304377,63.0,50,2,1.26
16420001304433,73.565,50,0,1.471
16420001304466,60.0,50,3,1.2
16420001304467,69.0,50,3,1.38
16420001304468,68.80000000000001,50,3,1.376
16420001304488,56.0,60,4,0.933
16420001304494,57.0,60,4,0.95
16420001304495,56.0,60,4,0.933
16420001304505,53.0,50,4,1.06
16420001304527,51.0,50,4,1.02
16420001304528,54.0,50,4,1.08
16420001304739,67.6,80,0,0.845
16420001304752,61.1,50,2,1.222
16420001304753,62.0,50,2,1.24
16420001304754,60.0,50,2,1.2
16420001304831,53.0,80,0,0.662
16420001304932,29.0,50,5,0.58
16420001304959,38.0,50,6,0.76
16420001304962,43.0,50,6,0.86
16420001304972,21.080000000000002,30,6,0.703
16420001304974,57.0,50,4,1.14
16420001304976,12.0,50,5,0.24
16420001305003,30.35,50,6,0.607
16420001305004,49.38999999999999,50,2,0.988
16420001305005,44.13499999999998,50,2,0.883
16420001305013,53.0,50,3,1.06
16420001305017,33.0,50,4,0.66
16420001305018,35.639999999999986,50,4,0.713
16420001305049,45.0,50,3,0.9
16420001305056,23.75,50,6,0.475
16420001305072,18.24,50,6,0.365
16420001305082,41.88999999999999,50,4,0.838
16420001305084,49.0,60,2,0.817
16420001305085,51.0,60,2,0.85
16420001305086,62.0,60,2,1.033
16420001305087,65.635,60,2,1.094
16420001305091,49.06,50,4,0.981
16420001305126,63.129999999999995,60,2,1.052
16420001305127,58.0,60,2,0.967
16420001305143,31.125,50,6,0.622
16420001305220,48.0,50,4,0.96
16420001305242,43.62,50,4,0.872
16420001305254,53.0,50,3,1.06
16420001305307,70.0,50,3,1.4
16420001305308,70.0,50,3,1.4
16420001305327,36.955,60,4,0.616
16420001305343,36.0,50,6,0.72
16420001305346,43.0,50,6,0.86
16420001305359,40.0,30,2,1.333
16420001305364,21.0,50,6,0.42
16420001305382,27.0,50,6,0.54
16420001305477,30.05,50,6,0.601
16420001305530,23.0,30,6,0.767
16420001305591,22.0,30,6,0.733
16420001305681,35.0,50,6,0.7
16420001305824,32.0,50,6,0.64
16420001306322,39.0,50,2,0.78
16420001306335,48.0,50,2,0.96
16420001306397,53.0,50,2,1.06
16420001306399,36.55999999999999,50,2,0.731
16420001306421,46.0,50,2,0.92
16420001306424,12.354999999999995,60,2,0.206
16420001306425,45.0,60,2,0.75
16420001306429,58.4,50,2,1.168
16420001306467,50.0,50,2,1.0
16420001306478,22.699999999999996,50,6,0.454
16420001306482,45.0,50,1,0.9
16420001306494,30.0,50,2,0.6
16420001306495,56.0,50,2,1.12
16420001306496,57.95,50,2,1.159
16420001306497,54.75,50,2,1.095
16420001306498,43.0,50,2,0.86
16420001306525,44.07000000000001,60,2,0.735
16420001306526,48.0,60,2,0.8
16420001306559,50.115,50,4,1.002
16420001306572,41.0,50,1,0.82
16420001306616,32.0,60,2,0.533
16420001306617,35.0,60,2,0.583
16420001306732,49.0,50,1,0.98
16420001306835,20.0,50,6,0.4
16420001306938,50.0,50,1,1.0
16420001306939,57.0,50,1,1.14
16420001306940,52.0,60,2,0.867
16420001306974,47.0,60,2,0.783
16420001307016,23.0,50,6,0.46
16420001307530,32.0,50,3,0.64
16420001307531,40.0,50,3,0.8
16420001307535,36.370000000000005,60,2,0.606
16420001307536,37.0,60,2,0.617
16420001307542,29.0,50,2,0.58
16420001307543,48.529999999999994,50,2,0.971
16420001307544,37.0,50,2,0.74
16420001307546,41.1,50,2,0.822
16420001307555,26.63000000000001,50,4,0.533
16420001307558,73.2,70,3,1.046
16420001307573,36.0,60,2,0.6
16420001307574,42.0,60,2,0.7
16420001307606,38.45,50,4,0.769
16420001307611,54.0,60,2,0.9
16420001307628,51.0,50,2,1.02
16420001307629,49.0,50,2,0.98
16420001307635,47.0,50,3,0.94
16420001307640,29.0,50,3,0.58
16420001307641,36.0,50,3,0.72
16420001307644,18.0,50,4,0.36
16420001307648,23.0,30,3,0.767
16420001307661,44.0,50,3,0.88
16420001307663,51.339999999999996,30,3,1.711
16420001307676,27.5,30,3,0.917
16420001307677,24.5,30,3,0.817
16420001307681,59.0,50,3,1.18
16420001307706,82.635,70,3,1.18
16420001307709,36.0,50,3,0.72
16420001307725,38.6,50,4,0.772
16420001307733,26.0,50,4,0.52
16420001307738,34.91000000000001,50,3,0.698
16420001307758,74.0,50,3,1.48
16420001307759,51.0,50,3,1.02
16420001307763,49.0,50,3,0.98
16420001307770,27.209999999999997,50,2,0.544
16420001307773,28.0,50,4,0.56
16420001307779,52.995,60,3,0.883
16420001307780,57.294999999999995,60,3,0.955
16420001307782,20.0,50,3,0.4
16420001307783,47.0,50,3,0.94
16420001307789,20.0,50,5,0.4
16420001307790,32.0,50,5,0.64
16420001307793,67.6,60,2,1.127
16420001307794,35.0,30,3,1.167
16420001307807,37.015,50,2,0.74
16420001307811,57.2,50,3,1.144
16420001307823,37.70999999999999,50,2,0.754
16420001307824,41.0,60,2,0.683
16420001307831,47.5,50,2,0.95
16420001307835,46.0,50,2,0.92
16420001307850,55.475,50,3,1.11
16420001307887,69.0,50,3,1.38
16420001308010,29.20999999999998,50,4,0.584
16420001308028,42.0,50,4,0.84
16420001308029,35.0,50,4,0.7
16420001308065,54.10999999999999,50,2,1.082
16420001308069,69.09,50,3,1.382
16420001308626,38.0,30,4,1.267
16420001308707,51.0,50,2,1.02
16420001308743,62.0,50,3,1.24
16420001308858,47.8,50,2,0.956
16420001308865,35.0,50,6,0.7
16420001308878,35.0,50,3,0.7
16420001308893,54.0,50,2,1.08
16420001308931,50.95,50,2,1.019
16420001309091,28.39,30,6,0.946
16420001309144,66.0,60,2,1.1
16420001309157,46.975,50,2,0.94
16420001309185,51.4,50,5,1.028
16420001309225,46.0,60,2,0.767
16420001309392,42.0,50,2,0.84
16420001309433,38.0,50,2,0.76
16420001309463,65.0,50,1,1.3
16420001309466,45.0,30,4,1.5
16420001309484,20.0,50,3,0.4
16420001309550,49.0,50,2,0.98
16420001309551,55.0,50,4,1.1
16420001309570,50.0,50,2,1.0
16420001309651,47.0,50,3,0.94
16420001309796,37.0,60,4,0.617
16420001309846,41.0,60,2,0.683
16420001309853,38.879999999999995,50,2,0.778
16420001309854,62.0,50,3,1.24
16420001309873,52.3,50,2,1.046
16420001309889,25.4,50,3,0.508
16420001309926,54.855,60,2,0.914
16420001310025,34.12,50,4,0.682
16420001310040,23.299999999999997,30,6,0.777
16420001310079,49.0,60,2,0.817
16420001310097,46.0,30,6,1.533
16420001310195,36.0,50,2,0.72
16420001310205,40.6,30,6,1.353
16420001310245,31.0,50,2,0.62
16420001310246,35.1,50,2,0.702
16420001310258,35.0,50,2,0.7
16420001310259,39.0,50,2,0.78
16420001310318,26.0,50,3,0.52
16420001310324,25.0,50,2,0.5
16420001310325,38.0,50,2,0.76
16420001310326,26.0,50,2,0.52
16420001310483,55.0,50,2,1.1
16420001310523,56.0,60,2,0.933
16420001310524,56.0,60,2,0.933
16420001310560,42.0,50,2,0.84
16420001310581,41.0,50,3,0.82
16420001310582,31.0,50,3,0.62
16420001310588,28.0,50,2,0.56
16420001310610,62.0,60,2,1.033
16420001310625,59.0,60,4,0.983
16420001310628,42.80999999999999,50,4,0.856
16420001310629,40.0,50,4,0.8
16420001310712,55.0,50,2,1.1
16420001310726,43.1,30,4,1.437
16420001310734,54.0,60,2,0.9
16420001310812,54.0,60,2,0.9
16420001310816,52.025,50,5,1.04
16420001310850,34.0,50,2,0.68
16420001310885,55.0,50,4,1.1
16420001310921,30.8,30,6,1.027
16420001310944,54.0,60,2,0.9
16420001310988,24.0,50,3,0.48
16420001311079,42.8,30,6,1.427
16420001311080,19.0,50,2,0.38
16420001311086,54.035000000000004,60,2,0.901
16420001311146,36.0,50,2,0.72
16420001311263,45.85,30,6,1.528
16420001311296,46.0,50,2,0.92
16420001311309,22.0,50,6,0.44
16420001311318,43.0,50,2,0.86
16420001311355,43.964999999999996,50,2,0.879
16420001311356,55.379999999999995,50,2,1.108
16420001311442,50.0,50,5,1.0
16420001311499,19.95,30,6,0.665
16420001311522,40.0,30,6,1.333
16420001311545,56.57000000000001,50,1,1.131
16420001311557,41.0,30,6,1.367
16420001311658,39.55,30,6,1.318
16420001311671,50.0,50,5,1.0
16420001311806,26.0,30,6,0.867
16420001311812,33.0,50,4,0.66
16420001311893,66.0,50,1,1.32
16420001311945,68.0,50,1,1.36
16420001313163,30.0,50,4,0.6
16420001313165,35.0,50,3,0.7
16420001313186,49.214999999999996,50,4,0.984
16420001313187,47.9,50,4,0.958
16420001313189,31.0,50,6,0.62
16420001313190,55.0,50,4,1.1
16420001313191,51.0,50,3,1.02
16420001313192,49.0,50,3,0.98
16420001313193,40.525000000000006,30,2,1.351
16420001313194,37.0,40,2,0.925
16420001313196,38.0,40,2,0.95
16420001313197,34.239999999999995,60,2,0.571
16420001313198,38.0,50,4,0.76
16420001313199,18.619999999999994,50,4,0.372
16420001313200,25.0,50,4,0.5
16420001313201,30.975,50,4,0.62
16420001313206,50.0,50,2,1.0
16420001313207,49.58,60,2,0.826
16420001313208,34.0,50,2,0.68
16420001313249,55.035000000000004,50,2,1.101
16420001313256,49.0,50,3,0.98
16420001313260,57.0,50,4,1.14
16420001313272,41.0,50,4,0.82
16420001313273,38.0,50,5,0.76
16420001313274,41.0,50,5,0.82
16420001313278,49.0,30,2,1.633
16420001313279,50.0,30,2,1.667
16420001313280,51.7,30,2,1.723
16420001313281,41.0,50,2,0.82
16420001313282,30.80000000000001,50,3,0.616
16420001313285,42.8,50,3,0.856
16420001313286,42.0,50,3,0.84
16420001313287,42.0,50,3,0.84
16420001313288,32.0,50,3,0.64
16420001313289,59.0,50,4,1.18
16420001313293,40.0,50,3,0.8
16420001313294,34.0,50,3,0.68
16420001313297,32.0,50,5,0.64
16420001313298,31.550000000000004,50,4,0.631
16420001313300,47.230000000000004,50,3,0.945
16420001313301,61.0,50,3,1.22
16420001313302,61.0,50,3,1.22
16420001313303,48.0,50,3,0.96
16420001313306,43.0,50,3,0.86
16420001313307,33.62,50,3,0.672
16420001313309,34.86999999999999,50,4,0.697
16420001313311,43.0,30,5,1.433
16420001313314,21.0,50,4,0.42
16420001313315,45.0,50,2,0.9
16420001313316,50.5,50,2,1.01
16420001313317,39.150000000000006,50,2,0.783
16420001313324,29.7,50,6,0.594
16420001313326,29.115,50,2,0.582
16420001313327,63.0,50,3,1.26
16420001313330,63.0,50,3,1.26
16420001313335,41.0,60,2,0.683
16420001313336,54.0,60,2,0.9
16420001313342,45.0,50,4,0.9
16420001313343,44.0,50,3,0.88
16420001313344,42.0,50,3,0.84
16420001313346,45.0,60,2,0.75
16420001313349,23.0,50,6,0.46
16420001313352,33.0,50,4,0.66
16420001313357,45.934999999999995,50,4,0.919
16420001313362,28.0,50,2,0.56
16420001313363,24.0,50,2,0.48
16420001313368,52.14000000000001,60,2,0.869
16420001313371,50.0,50,1,1.0
16420001313372,20.0,50,5,0.4
16420001313381,33.915,50,4,0.678
16420001313385,28.0,50,5,0.56
16420001313386,19.0,50,5,0.38
16420001313387,31.0,50,4,0.62
16420001313388,54.0,50,4,1.08
16420001313389,43.0,50,4,0.86
16420001313390,30.0,60,4,0.5
16420001313391,41.7,50,2,0.834
16420001313392,23.0,50,4,0.46
16420001313394,25.0,50,4,0.5
16420001313395,37.0,50,4,0.74
16420001313396,28.0,50,4,0.56
16420001313397,48.515,30,2,1.617
16420001313398,38.0,30,2,1.267
16420001313405,45.285000000000004,50,2,0.906
16420001313408,44.644999999999996,50,2,0.893
16420001313409,46.46,50,2,0.929
16420001313420,29.0,50,4,0.58
16420001313424,18.0,50,4,0.36
16420001313425,30.0,50,6,0.6
16420001313426,44.0,50,4,0.88
16420001313433,26.9,50,3,0.538
16420001313434,34.0,50,4,0.68
16420001313446,29.0,50,5,0.58
16420001313448,29.0,50,5,0.58
16420001313464,39.0,50,4,0.78
16420001313469,54.0,50,3,1.08
16420001313470,36.915,30,1,1.23
16420001313477,36.739999999999995,50,4,0.735
16420001313479,25.0,60,4,0.417
16420001313486,25.0,50,4,0.5
16420001313487,11.649999999999999,18,5,0.647
16420001313490,31.0,50,2,0.62
16420001313494,49.0,50,3,0.98
16420001313498,54.0,50,4,1.08
16420001313499,23.8,18,5,1.322
16420001313500,30.944999999999997,50,4,0.619
16420001313501,32.0,50,4,0.64
16420001313510,53.0,50,4,1.06
16420001313511,34.0,50,3,0.68
16420001313512,44.0,50,3,0.88
16420001313513,22.0,50,4,0.44
16420001313514,37.96999999999999,50,2,0.759
16420001313519,28.0,50,3,0.56
16420001313520,44.9,50,3,0.898
16420001313521,38.0,50,3,0.76
16420001313544,49.0,50,2,0.98
16420001313563,17.0,50,4,0.34
16420001313574,46.0,50,3,0.92
16420001313575,33.0,50,2,0.66
16420001313576,28.74,50,5,0.575
16420001313577,32.0,50,4,0.64
16420001313579,38.879999999999995,50,3,0.778
16420001313583,31.0,27,4,1.148
16420001313584,33.0,28,4,1.179
16420001313589,22.154999999999994,50,4,0.443
16420001313590,32.6,50,4,0.652
16420001313593,41.0,50,4,0.82
16420001313594,47.35,50,4,0.947
16420001313595,50.0,50,4,1.0
16420001313597,28.0,50,4,0.56
16420001313602,37.0,50,4,0.74
16420001313612,40.0,60,2,0.667
16420001313613,35.565,50,2,0.711
16420001313614,29.0,50,3,0.58
16420001313617,19.944999999999997,30,6,0.665
16420001313632,29.0,50,4,0.58
16420001313639,47.855,50,2,0.957
16420001313641,50.94,50,4,1.019
16420001313644,28.2,50,4,0.564
16420001313645,58.0,60,2,0.967
16420001313653,30.0,50,2,0.6
16420001313654,36.029999999999994,50,2,0.721
16420001313656,44.0,50,4,0.88
16420001313665,49.0,60,4,0.817
16420001313673,29.0,50,4,0.58
16420001313684,33.010000000000005,50,5,0.66
16420001313687,39.0,60,4,0.65
16420001313692,36.94,50,4,0.739
16420001313695,41.0,50,4,0.82
16420001313709,41.0,30,1,1.367
16420001313710,25.0,50,2,0.5
16420001313712,48.0,50,3,0.96
16420001313723,38.0,50,4,0.76
16420001313730,36.0,30,4,1.2
16420001313736,28.0,50,5,0.56
16420001313750,41.3,50,5,0.826
16420001313752,32.0,50,3,0.64
16420001313753,36.0,50,3,0.72
16420001313755,37.30499999999999,50,2,0.746
16420001313756,23.0,50,6,0.46
16420001313757,51.0,50,2,1.02
16420001313759,28.0,50,5,0.56
16420001313799,31.0,50,2,0.62
16420001313802,53.0,50,3,1.06
16420001313805,39.824999999999996,50,3,0.796
16420001313808,26.0,50,3,0.52
16420001313809,48.0,50,3,0.96
16420001313820,39.92,50,3,0.798
16420001313823,33.0,60,4,0.55
16420001313831,24.6,50,4,0.492
16420001313848,12.4,50,4,0.248
16420001313850,10.44,50,4,0.209
16420001313851,23.0,50,3,0.46
16420001313866,28.0,50,4,0.56
16420001313898,36.0,50,4,0.72
16420001313903,42.0,30,4,1.4
16420001313908,28.85,50,4,0.577
16420001313999,39.0,60,4,0.65
16420001314989,54.0,50,2,1.08
16420001314990,56.0,50,2,1.12
16420001314991,32.5,30,5,1.083
16420001314992,36.0,50,2,0.72
16420001314994,27.0,50,3,0.54
16420001315017,24.0,50,4,0.48
16420001315034,44.0,50,3,0.88
16420001315035,58.0,50,3,1.16
16420001315036,57.7,50,3,1.154
16420001315037,57.0,50,3,1.14
16420001315038,45.5,50,3,0.91
16420001315044,40.0,50,2,0.8
16420001315045,42.0,50,2,0.84
16420001315081,39.0,50,6,0.78
16420001315102,29.0,50,4,0.58
16420001315104,62.0,50,4,1.24
16420001315171,57.0,30,2,1.9
16420001315241,42.0,50,4,0.84
16420001315245,41.1,50,4,0.822
16420001315272,64.80000000000001,50,4,1.296
16420001315275,24.0,50,3,0.48
16420001315286,49.199999999999996,50,4,0.984
16420001315287,30.740000000000006,50,4,0.615
16420001315308,27.0,50,5,0.54
16420001315310,28.0,50,5,0.56
16420001315311,43.035000000000004,50,4,0.861
16420001315331,37.0,50,4,0.74
16420001315332,41.345,50,4,0.827
16420001315420,26.0,50,5,0.52
16420001315421,20.0,50,5,0.4
16420001315543,47.0,50,2,0.94
16420001315555,54.0,50,2,1.08
16420001315571,48.0,50,3,0.96
16420001315573,39.0,50,2,0.78
16420001315574,40.0,50,2,0.8
16420001315628,51.19999999999999,50,4,1.024
16420001315642,30.0,50,4,0.6
16420001315647,30.0,50,6,0.6
16420001315782,44.0,30,3,1.467
16420001315882,39.255,50,4,0.785
16420001315883,39.12,50,4,0.782
16420001315898,65.0,50,4,1.3
16420001315901,43.0,50,2,0.86
16420001315913,22.639999999999997,60,4,0.377
16420001315914,34.0,60,4,0.567
16420001315922,44.0,50,6,0.88
16420001316035,47.0,50,2,0.94
16420001316064,12.0,50,4,0.24
16420001316109,45.535,50,3,0.911
16420001316247,30.379999999999995,60,3,0.506
16420001316262,51.0,50,2,1.02
16420001316263,44.099999999999994,50,2,0.882
16420001316280,33.0,50,3,0.66
16420001316336,51.59499999999999,30,3,1.72
16420001316357,46.0,50,3,0.92
16420001316359,41.935,50,4,0.839
16420001316370,48.68,50,3,0.974
16420001316376,41.0,50,2,0.82
16420001316379,46.39999999999999,50,2,0.928
16420001316381,43.0,60,2,0.717
16420001316435,21.05,50,6,0.421
16420001316444,64.0,90,1,0.711
16420001316454,50.2,50,3,1.004
16420001316486,57.0,50,2,1.14
16420001316520,52.0,50,4,1.04
16420001316539,33.0,60,3,0.55
16420001316549,48.0,50,2,0.96
16420001316630,37.205000000000005,50,6,0.744
16420001316647,59.0,30,2,1.967
16420001316656,52.0,30,3,1.733
16420001316663,57.0,50,3,1.14
16420001316685,44.0,50,6,0.88
16420001316691,22.0,50,4,0.44
16420001316711,44.2,50,6,0.884
16420001316740,30.9,50,6,0.618
16420001316769,54.0,50,3,1.08
16420001316782,59.0,30,2,1.967
16420001316783,58.0,30,2,1.933
16420001316868,54.9,50,4,1.098
16420001316993,35.0,50,2,0.7
16420001317383,35.269999999999996,50,2,0.705
16420001317498,36.8,50,6,0.736
16420001318192,23.0,50,6,0.46
16420001318236,26.69999999999999,50,6,0.534
16420001318442,26.699999999999996,30,6,0.89
16420001318444,58.0,60,2,0.967
16420001318449,45.0,50,5,0.9
16420001318450,41.0,50,5,0.82
16420001318456,50.155,50,3,1.003
16420001318460,52.0,30,5,1.733
16420001318497,54.0,30,5,1.8
16420001318498,48.0,30,5,1.6
16420001318499,44.95,50,5,0.899
16420001318523,54.0,50,3,1.08
16420001318543,51.85,30,4,1.728
16420001318564,53.0,50,4,1.06
16420001318575,45.0,50,4,0.9
16420001318581,49.0,50,4,0.98
16420001318609,24.6,50,2,0.492
16420001318641,57.0,50,2,1.14
16420001318654,56.4,50,3,1.128
16420001318655,59.0,50,2,1.18
16420001318686,53.0,30,4,1.767
16420001318693,41.17,50,6,0.823
16420001318696,39.0,50,6,0.78
16420001318697,45.264999999999986,50,3,0.905
16420001318707,45.0,50,3,0.9
16420001318721,55.0,50,3,1.1
16420001318724,51.0,50,4,1.02
16420001318767,55.0,50,4,1.1
16420001318774,71.0,50,2,1.42
16420001318779,66.8,50,2,1.336
16420001318793,41.12,30,6,1.371
16420001318828,22.0,50,5,0.44
16420001318871,56.055,50,2,1.121
16420001318872,54.0,50,2,1.08
16420001318894,49.0,50,3,0.98
16420001318941,38.0,50,3,0.76
16420001318942,54.0,60,2,0.9
16420001318945,61.0,30,3,2.033
16420001318948,58.0,50,3,1.16
16420001319008,50.0,50,2,1.0
16420001319026,58.0,50,4,1.16
16420001319027,58.650000000000006,50,4,1.173
16420001319028,56.6,50,4,1.132
16420001319086,56.0,50,4,1.12
16420001319089,37.0,50,2,0.74
16420001319095,50.894999999999996,50,3,1.018
16420001319099,51.47,50,3,1.029
16420001319144,57.7,50,4,1.154
16420001319170,40.685,50,4,0.814
16420001319171,41.0,50,4,0.82
16420001319183,20.299999999999997,50,6,0.406
16420001319184,51.0,50,3,1.02
16420001319185,40.24000000000001,50,3,0.805
16420001319186,61.2,50,3,1.224
16420001319187,48.5,50,3,0.97
16420001319188,60.0,50,3,1.2
16420001319199,54.0,50,5,1.08
16420001319200,50.0,50,5,1.0
16420001319201,52.1,50,5,1.042
16420001319202,55.0,50,5,1.1
16420001319203,55.07999999999997,50,5,1.102
16420001319225,58.0,50,3,1.16
16420001319242,30.135,50,2,0.603
16420001319250,53.989999999999995,50,4,1.08
16420001319296,56.485,50,3,1.13
16420001319315,57.8,50,3,1.156
16420001319317,55.0,50,4,1.1
16420001319345,57.0,50,3,1.14
16420001319382,57.0,50,2,1.14
16420001319385,59.0,50,2,1.18
16420001319443,54.0,50,2,1.08
16420001319475,24.07,50,6,0.481
16420001319484,50.0,50,2,1.0
16420001319502,54.0,50,4,1.08
16420001319503,52.0,50,4,1.04
16420001319506,61.0,50,3,1.22
16420001319508,60.0,50,3,1.2
16420001319553,59.0,30,2,1.967
16420001319617,58.0,50,2,1.16
16420001319676,40.0,50,6,0.8
16420001319677,35.0,50,3,0.7
16420001319682,56.36,50,2,1.127
16420001319715,36.0,50,6,0.72
16420001319888,35.0,50,6,0.7
16420001320081,48.339999999999996,50,4,0.967
16420001320124,64.0,50,4,1.28
16420001320133,60.0,50,2,1.2
16420001320208,36.0,50,3,0.72
16420001320301,36.0,30,5,1.2
16420001320453,38.0,50,4,0.76
16420001320490,53.0,50,4,1.06
16420001320499,52.0,50,3,1.04
16420001320584,33.0,50,2,0.66
16420001320928,52.3,50,4,1.046
16420001321107,38.0,50,5,0.76
16420001321212,54.6,50,3,1.092
16420001321301,39.0,50,2,0.78
16420001321399,36.0,50,6,0.72
16420001321426,47.0,50,5,0.94
16420001321509,67.1,50,2,1.342
16420001321873,33.33,50,6,0.667
16420001321892,36.0,50,6,0.72
16420001322212,56.0,50,4,1.12
16420001322612,42.089999999999996,30,2,1.403
16420001322645,42.35,50,2,0.847
16420001322646,43.0,50,2,0.86
16420001322647,46.0,40,2,1.15
16420001322649,51.0,50,2,1.02
16420001322651,57.510000000000005,50,4,1.15
16420001322652,58.79499999999999,50,4,1.176
16420001322656,56.1,50,2,1.122
16420001322657,52.324999999999996,60,2,0.872
16420001322659,49.73500000000001,50,2,0.995
16420001322660,50.0,40,2,1.25
16420001322664,51.0,50,2,1.02
16420001322668,36.0,50,2,0.72
16420001322671,76.0,50,2,1.52
16420001322672,62.0,50,2,1.24
16420001322673,67.0,50,2,1.34
16420001322674,69.0,50,2,1.38
16420001322675,76.0,50,2,1.52
16420001322690,51.58,50,2,1.032
16420001322705,47.0,50,2,0.94
16420001322717,60.0,50,3,1.2
16420001322718,58.0,50,3,1.16
16420001322720,49.0,60,2,0.817
16420001322723,57.0,50,2,1.14
16420001322737,61.5,50,4,1.23
16420001322801,57.0,50,3,1.14
16420001322813,48.0,50,2,0.96
16420001322816,58.0,50,2,1.16
16420001322817,52.0,60,2,0.867
16420001322844,46.34499999999999,50,6,0.927
16420001322852,66.0,90,1,0.733
16420001322854,52.0,50,2,1.04
16420001322884,72.0,50,2,1.44
16420001322885,38.6,50,2,0.772
16420001322886,72.0,50,2,1.44
16420001322887,32.0,50,2,0.64
16420001322891,54.6,50,2,1.092
16420001322915,42.0,50,6,0.84
16420001322922,47.0,50,2,0.94
16420001322932,91.27000000000001,90,2,1.014
16420001322935,64.0,50,0,1.28
16420001322948,52.0,50,3,1.04
16420001322949,57.0,50,3,1.14
16420001322951,58.0,50,3,1.16
16420001323029,57.0,50,2,1.14
16420001323030,56.3,50,2,1.126
16420001323052,32.66999999999996,50,4,0.653
16420001323217,56.0,50,4,1.12
16420001323246,57.04,50,2,1.141
16420001323247,41.0,50,6,0.82
16420001323250,64.0,50,3,1.28
16420001323297,87.0,30,1,2.9
16420001323302,25.4,50,6,0.508
16420001323307,67.0,40,2,1.675
16420001323309,91.0,70,2,1.3
16420001323329,48.21999999999998,50,2,0.964
16420001323334,23.54000000000001,50,2,0.471
16420001323412,45.07000000000001,50,2,0.901
16420001323413,37.0,60,2,0.617
16420001323420,56.589999999999996,50,4,1.132
16420001323469,50.95,60,2,0.849
16420001323471,41.48999999999999,50,4,0.83
16420001323495,51.0,60,2,0.85
16420001323496,47.0,60,2,0.783
16420001323499,59.0,50,2,1.18
16420001323504,47.0,50,6,0.94
16420001323522,45.964999999999996,60,2,0.766
16420001323523,59.0,50,2,1.18
16420001323544,47.0,50,2,0.94
16420001323560,41.25,50,6,0.825
16420001323574,59.0,40,2,1.475
16420001323576,56.0,40,2,1.4
16420001323582,38.2,50,4,0.764
16420001323590,50.650000000000006,50,2,1.013
16420001323600,39.0,50,4,0.78
16420001323603,46.0,50,4,0.92
16420001323705,40.0,50,6,0.8
16420001323719,31.48,50,1,0.63
16420001323745,55.0,50,2,1.1
16420001323750,40.0,30,5,1.333
16420001323783,53.370000000000005,50,2,1.067
16420001323793,65.9,40,2,1.648
16420001323807,61.0,50,4,1.22
16420001323852,61.0,50,4,1.22
16420001323877,41.0,50,2,0.82
16420001323884,43.0,50,2,0.86
16420001323901,35.0,50,4,0.7
16420001323902,63.0,50,3,1.26
16420001323904,42.0,50,2,0.84
16420001323911,55.9,50,4,1.118
16420001323916,57.1,50,4,1.142
16420001323944,75.0,60,1,1.25
16420001324006,42.0,30,5,1.4
16420001324019,40.615,30,5,1.354
16420001324090,56.2,50,2,1.124
16420001324091,45.0,50,2,0.9
16420001324094,45.879999999999974,50,2,0.918
16420001324095,44.0,50,2,0.88
16420001324096,28.700000000000003,50,2,0.574
16420001324097,51.98,50,2,1.04
16420001324098,46.0,50,2,0.92
16420001324099,50.565,50,2,1.011
16420001324107,68.33500000000001,60,2,1.139
16420001324110,42.0,60,2,0.7
16420001324119,61.0,30,2,2.033
16420001324236,47.0,50,3,0.94
16420001324239,63.0,50,4,1.26
16420001324302,34.0,50,3,0.68
16420001324303,34.0,50,3,0.68
16420001324324,37.0,50,4,0.74
16420001324332,85.0,80,0,1.062
16420001324333,78.0,80,0,0.975
16420001324339,40.0,50,6,0.8
16420001324364,48.0,50,2,0.96
16420001324368,61.25,50,2,1.225
16420001324376,27.660000000000004,50,3,0.553
16420001324384,91.0,70,2,1.3
16420001324387,57.0,60,2,0.95
16420001324389,46.7,30,4,1.557
16420001324390,49.0,30,4,1.633
16420001324391,25.0,50,3,0.5
16420001324416,46.0,50,2,0.92
16420001324453,28.0,50,4,0.56
16420001324455,44.0,50,5,0.88
16420001324470,38.0,50,4,0.76
16420001324476,23.0,50,4,0.46
16420001324478,61.73500000000001,50,2,1.235
16420001324521,48.0,50,2,0.96
16420001324528,51.75,40,2,1.294
16420001324534,61.0,50,4,1.22
16420001324544,55.0,60,4,0.917
16420001324548,85.0,70,3,1.214
16420001324550,45.0,50,2,0.9
16420001324584,52.0,30,4,1.733
16420001324588,28.244999999999997,50,2,0.565
16420001324602,48.0,60,2,0.8
16420001324608,31.0,50,2,0.62
16420001324793,38.76999999999999,30,2,1.292
16420001324872,42.175000000000004,50,2,0.844
16420001324881,59.0,50,2,1.18
16420001324882,48.0,50,2,0.96
16420001324909,57.1,50,3,1.142
16420001324913,44.0,60,2,0.733
16420001324914,40.0,50,2,0.8
16420001324930,42.0,60,2,0.7
16420001324952,58.73500000000001,30,2,1.958
16420001324953,48.0,50,4,0.96
16420001324954,59.0,60,2,0.983
16420001324959,54.0,60,2,0.9
16420001324964,47.0,50,2,0.94
16420001324973,50.5,50,2,1.01
16420001325001,45.4,50,3,0.908
16420001325005,31.0,50,6,0.62
16420001325041,57.7,60,2,0.962
16420001325102,14.0,50,4,0.28
16420001325118,64.33,60,2,1.072
16420001325119,47.0,60,2,0.783
16420001325142,52.0,50,3,1.04
16420001325168,60.92,50,4,1.218
16420001325171,61.68999999999998,60,2,1.028
16420001325174,47.0,30,4,1.567
16420001325183,61.5,50,3,1.23
16420001325200,69.0,60,2,1.15
16420001325220,38.4,50,2,0.768
16420001325262,51.0,60,2,0.85
16420001325278,41.0,60,2,0.683
16420001325281,32.0,30,2,1.067
16420001325300,36.0,50,6,0.72
16420001325301,56.0,50,3,1.12
16420001325303,28.0,50,3,0.56
16420001325310,58.4,50,4,1.168
16420001325328,68.0,50,2,1.36
16420001325349,75.0,70,1,1.071
16420001325350,46.0,60,2,0.767
16420001325359,32.0,50,2,0.64
16420001325399,42.0,50,4,0.84
16420001325524,67.0,60,2,1.117
16420001325552,33.0,50,6,0.66
16420001325562,26.889999999999997,50,2,0.538
16420001325563,44.0,50,2,0.88
16420001325590,27.0,30,2,0.9
16420001325592,37.0,50,2,0.74
16420001325640,55.0,30,2,1.833
16420001325641,51.779999999999994,30,2,1.726
16420001325659,54.0,50,2,1.08
16420001325662,70.0,50,3,1.4
16420001325663,67.53,50,3,1.351
16420001325664,68.0,50,3,1.36
16420001325674,65.95,50,3,1.319
16420001325675,67.0,50,3,1.34
16420001325676,91.5,70,2,1.307
16420001325677,66.28499999999998,50,4,1.326
16420001325698,61.0,50,4,1.22
16420001325724,61.135000000000005,60,2,1.019
16420001325725,50.220000000000006,50,2,1.004
16420001325726,39.0,50,2,0.78
16420001325730,57.0,50,4,1.14
16420001325773,47.035000000000004,50,2,0.941
16420001325778,62.45,50,4,1.249
16420001325782,47.0,50,2,0.94
16420001325840,43.0,30,5,1.433
16420001325855,37.32,50,4,0.746
16420001325875,29.0,30,5,0.967
16420001326013,59.445,50,4,1.189
16420001326033,64.69,50,4,1.294
16420001326037,49.56,50,4,0.991
16420001326040,33.19,50,2,0.664
16420001326042,90.0,50,2,1.8
16420001326043,39.0,50,6,0.78
16420001326045,63.0,50,3,1.26
16420001326046,31.5,50,6,0.63
16420001326047,89.4,50,2,1.788
16420001326048,92.0,50,2,1.84
16420001326050,91.0,90,2,1.011
16420001326092,42.0,50,2,0.84
16420001326114,52.0,60,2,0.867
16420001326125,49.0,60,2,0.817
16420001326183,32.0,50,6,0.64
16420001326202,72.0,70,4,1.029
16420001326276,56.025,50,2,1.12
16420001326394,41.0,50,1,0.82
16420001326402,67.0,50,2,1.34
16420001326414,46.615,60,2,0.777
16420001326498,60.0,50,2,1.2
16420001326532,59.0,50,4,1.18
16420001326545,49.0,30,2,1.633
16420001326575,27.0,30,6,0.9
16420001326584,60.0,50,2,1.2
16420001326655,29.0,50,6,0.58
16420001326669,56.0,50,4,1.12
16420001326670,54.0,50,4,1.08
16420001326712,68.0,60,2,1.133
16420001326755,48.26499999999999,30,0,1.609
16420001326791,61.4,60,2,1.023
16420001326802,35.0,50,2,0.7
16420001326807,60.0,50,2,1.2
16420001326843,35.0,30,5,1.167
16420001326849,59.0,40,2,1.475
16420001326870,48.5,40,4,1.212
16420001326894,56.0,50,4,1.12
16420001326908,33.0,30,2,1.1
16420001326948,75.0,50,3,1.5
16420001326987,62.8,30,2,2.093
16420001327007,44.129999999999995,50,4,0.883
16420001327016,31.7,50,4,0.634
16420001327043,50.725,50,4,1.014
16420001327084,36.0,30,6,1.2
16420001327090,47.0,50,2,0.94
16420001327094,51.0,50,2,1.02
16420001327128,39.0,30,6,1.3
16420001327133,56.0,50,4,1.12
16420001327151,64.0,60,2,1.067
16420001327157,66.6,60,2,1.11
16420001327213,45.349999999999994,50,2,0.907
16420001327248,40.0,50,2,0.8
16420001327249,48.0,60,2,0.8
16420001327292,45.8,50,2,0.916
16420001327317,68.0,60,2,1.133
16420001327400,49.0,50,2,0.98
16420001327406,44.0,50,2,0.88
16420001327431,63.17,50,2,1.263
16420001327492,36.0,50,2,0.72
16420001327500,43.0,60,2,0.717
16420001327501,41.635000000000005,50,2,0.833
16420001327502,50.0,50,2,1.0
16420001327503,51.0,50,2,1.02
16420001327530,52.0,50,4,1.04
16420001327535,51.0,60,2,0.85
16420001327538,49.0,50,2,0.98
16420001327552,64.7,60,2,1.078
16420001327567,44.47,60,2,0.741
16420001327568,57.0,60,2,0.95
16420001327578,33.0,50,6,0.66
16420001327582,56.0,50,4,1.12
16420001327583,36.065,50,2,0.721
16420001327637,53.1,50,4,1.062
16420001327651,49.0,50,4,0.98
16420001327665,64.0,60,2,1.067
16420001327668,57.0,30,2,1.9
16420001327783,54.0,50,2,1.08
16420001327849,62.3,50,1,1.246
16420001327857,34.769999999999996,50,2,0.695
16420001327894,64.0,50,2,1.28
16420001327896,59.0,50,4,1.18
16420001327905,61.0,50,2,1.22
16420001327969,61.0,60,2,1.017
16420001328014,59.73500000000001,40,3,1.493
16420001328047,75.0,50,3,1.5
16420001328225,41.0,50,4,0.82
16420001328266,51.815,50,2,1.036
16420001328330,81.0,50,1,1.62
16420001328350,63.2,50,2,1.264
16420001328369,75.0,60,2,1.25
16420001328372,77.0,100,2,0.77
16420001328389,37.0,60,2,0.617
16420001328396,34.3,50,2,0.686
16420001328413,24.0,50,6,0.48
16420001328417,49.6,50,2,0.992
16420001328446,58.0,50,4,1.16
16420001328450,49.0,50,2,0.98
16420001328503,71.0,50,3,1.42
16420001328508,67.0,50,4,1.34
16420001328534,61.6,50,2,1.232
16420001328560,58.8,50,4,1.176
16420001328569,61.0,50,4,1.22
16420001328570,55.07,50,4,1.101
16420001328571,60.92,50,4,1.218
16420001328578,63.0,50,2,1.26
16420001328599,48.7,50,3,0.974
16420001328619,45.0,50,2,0.9
16420001328998,61.0,50,2,1.22
16420001329080,52.0,30,3,1.733
16420001329119,47.1,50,5,0.942
16420001329188,53.0,50,4,1.06
16420001329197,33.0,50,6,0.66
16420001329219,65.0,50,4,1.3
16420001329232,58.88999999999999,50,4,1.178
16420001329310,56.0,50,2,1.12
16420001329318,22.0,50,4,0.44
16420001329423,40.98,50,6,0.82
16420001329428,33.0,60,2,0.55
16420001329443,39.705000000000005,30,6,1.324
16420001329448,86.0,30,1,2.867
16420001329450,88.0,50,1,1.76
16420001329989,43.8,60,2,0.73
16420001330268,55.0,50,4,1.1
16420001330308,68.0,50,3,1.36
16420001330446,47.0,50,5,0.94
16420001330504,50.0,50,2,1.0
16420001330638,31.0,30,2,1.033
16420001330690,54.0,50,2,1.08
16420001330750,59.5,50,4,1.19
16420001330841,67.0,50,3,1.34
16420001330863,45.0,50,6,0.9
16420001330901,53.2,50,2,1.064
16420001330908,59.0,50,4,1.18
16420001331026,14.0,50,6,0.28
16420001331218,35.0,30,6,1.167
16420001337042,36.0,50,4,0.72
16420001337046,40.160000000000004,30,6,1.339
16420001337047,47.535000000000004,50,2,0.951
16420001337051,51.0,30,4,1.7
16420001337066,66.0,60,2,1.1
16420001337068,57.0,30,3,1.9
16420001337069,57.09499999999999,50,3,1.142
16420001337074,69.0,60,2,1.15
16420001337075,63.0,60,2,1.05
16420001337077,67.0,60,2,1.117
16420001337079,53.0,50,2,1.06
16420001337083,53.535000000000004,50,2,1.071
16420001337087,44.160000000000004,50,5,0.883
16420001337107,39.0,30,3,1.3
16420001337108,46.0,30,3,1.533
16420001337111,46.26499999999999,60,2,0.771
16420001337119,37.0,30,6,1.233
16420001337126,51.085,50,4,1.022
16420001337134,50.0,30,2,1.667
16420001337146,52.525,50,4,1.05
16420001337153,41.0,60,2,0.683
16420001337155,52.0,50,2,1.04
16420001337166,47.0,30,4,1.567
16420001337207,63.0,60,2,1.05
16420001337210,52.0,50,5,1.04
16420001337236,48.0,30,4,1.6
16420001337237,48.0,50,4,0.96
16420001337250,47.0,50,2,0.94
16420001337258,41.0,50,5,0.82
16420001337264,55.2,50,5,1.104
16420001337265,47.8,50,2,0.956
16420001337268,51.0,60,2,0.85
16420001337271,51.5,50,2,1.03
16420001337283,43.0,50,2,0.86
16420001337290,57.8,50,5,1.156
16420001337305,44.0,50,4,0.88
16420001337308,43.0,50,4,0.86
16420001337324,46.0,50,4,0.92
16420001337335,55.0,50,2,1.1
16420001337336,54.0,50,2,1.08
16420001337342,54.8,60,2,0.913
16420001337369,46.0,50,4,0.92
16420001337380,11.0,50,6,0.22
16420001337385,55.0,50,2,1.1
16420001337388,38.0,50,2,0.76
16420001337405,41.0,30,4,1.367
16420001337416,32.0,30,4,1.067
16420001337434,41.4,50,2,0.828
16420001337435,42.0,50,2,0.84
16420001337438,45.1,50,6,0.902
16420001337443,53.1,50,2,1.062
16420001337444,66.0,50,2,1.32
16420001337447,64.0,50,2,1.28
16420001337458,47.52499999999999,60,2,0.792
16420001337465,49.989999999999995,50,3,1.0
16420001337470,43.0,50,5,0.86
16420001337475,45.0,30,2,1.5
16420001337491,52.2,50,3,1.044
16420001337527,34.0,50,2,0.68
16420001337530,54.0,50,3,1.08
16420001337538,59.0,50,2,1.18
16420001337544,41.0,30,6,1.367
16420001337564,58.3,50,2,1.166
16420001337578,63.0,50,3,1.26
16420001337580,52.349999999999994,60,2,0.872
16420001337581,55.0,60,2,0.917
16420001337588,33.0,50,4,0.66
16420001337613,42.220000000000006,60,2,0.704
16420001337617,43.2,50,2,0.864
16420001337621,56.0,50,2,1.12
16420001337631,32.875,50,5,0.658
16420001337640,43.540000000000006,50,4,0.871
16420001337641,53.0,50,2,1.06
16420001337647,38.0,50,2,0.76
16420001337654,46.5,60,2,0.775
16420001337666,47.0,50,4,0.94
16420001337674,53.0,50,4,1.06
16420001337692,31.0,50,5,0.62
16420001337720,46.0,50,2,0.92
16420001337728,53.1,50,4,1.062
16420001337735,53.0,50,2,1.06
16420001337758,26.229999999999997,60,2,0.437
16420001337762,63.49499999999999,50,2,1.27
16420001337764,53.0,50,2,1.06
16420001337774,57.0,50,2,1.14
16420001337775,44.0,50,4,0.88
16420001337799,44.0,50,4,0.88
16420001337807,45.794999999999995,50,4,0.916
16420001337808,62.8,50,3,1.256
16420001337824,41.0,30,2,1.367
16420001337868,55.0,50,5,1.1
16420001337881,58.875,50,5,1.178
16420001337900,32.919999999999995,50,3,0.658
16420001337904,53.0,50,4,1.06
16420001337916,65.5,50,2,1.31
16420001337920,37.0,50,6,0.74
16420001337923,54.7,50,4,1.094
16420001337924,46.0,50,4,0.92
16420001337935,51.9,50,4,1.038
16420001337940,25.239999999999984,50,4,0.505
16420001337957,28.0,30,2,0.933
16420001337975,50.0,60,2,0.833
16420001338040,58.0,50,4,1.16
16420001338044,50.0,50,3,1.0
16420001338053,32.0,50,5,0.64
16420001338062,40.0,60,2,0.667
16420001338065,45.0,60,2,0.75
16420001338072,52.0,50,4,1.04
16420001338073,52.0,50,4,1.04
16420001338094,40.599999999999994,50,5,0.812
16420001338096,45.959999999999994,50,4,0.919
16420001338114,53.2,50,4,1.064
16420001338153,53.0,50,3,1.06
16420001338174,49.0,50,2,0.98
16420001338176,55.0,50,2,1.1
16420001338180,37.0,50,2,0.74
16420001338229,43.0,60,2,0.717
16420001338306,44.0,50,2,0.88
16420001338313,57.0,50,5,1.14
16420001338355,57.0,50,2,1.14
16420001338384,51.0,50,4,1.02
16420001338448,53.0,50,2,1.06
16420001338458,42.0,60,2,0.7
16420001338459,30.0,60,2,0.5
16420001338466,57.0,50,2,1.14
16420001338481,65.705,50,3,1.314
16420001338534,53.0,50,3,1.06
16420001338560,54.52,30,4,1.817
16420001338600,64.0,50,2,1.28
16420001338628,43.0,50,5,0.86
16420001338650,66.0,60,2,1.1
16420001338667,19.8,50,6,0.396
16420001338712,39.0,50,5,0.78
16420001338729,53.0,50,3,1.06
16420001338730,52.0,50,2,1.04
16420001338735,61.0,50,4,1.22
16420001338736,47.0,50,4,0.94
16420001338774,60.364999999999995,50,3,1.207
16420001338794,47.0,50,2,0.94
16420001338807,57.0,50,4,1.14
16420001338845,48.0,60,2,0.8
16420001338846,57.0,50,2,1.14
16420001338848,49.0,50,2,0.98
16420001338870,31.2,30,2,1.04
16420001338910,50.0,30,4,1.667
16420001338922,39.3,50,2,0.786
16420001338931,25.0,50,6,0.5
16420001338939,43.64000000000001,50,2,0.873
16420001338943,42.0,50,6,0.84
16420001338944,44.0,50,6,0.88
16420001338958,44.0,30,2,1.467
16420001339135,46.0,50,6,0.92
16420001339140,25.0,50,5,0.5
16420001339145,28.0,50,4,0.56
16420001339185,30.0,50,5,0.6
16420001339241,33.0,60,2,0.55
16420001339272,57.0,50,5,1.14
16420001340500,43.0,50,3,0.86
16420001340509,40.0,50,6,0.8
16420001340512,56.0,50,2,1.12
16420001340515,53.69499999999999,50,2,1.074
16420001340516,49.5,40,3,1.238
16420001340532,64.0,50,4,1.28
16420001340543,49.0,50,2,0.98
16420001340545,39.0,50,4,0.78
16420001340547,53.0,50,2,1.06
16420001340549,12.0,50,4,0.24
16420001340557,27.0,50,6,0.54
16420001340562,62.0,60,2,1.033
16420001340566,46.0,50,4,0.92
16420001340576,42.0,60,2,0.7
16420001340585,57.5,60,4,0.958
16420001340591,55.8,50,4,1.116
16420001340611,43.0,60,2,0.717
16420001340616,42.0,50,5,0.84
16420001340619,36.559999999999995,50,4,0.731
16420001340626,43.1,50,4,0.862
16420001340629,52.0,40,3,1.3
16420001340632,30.0,50,2,0.6
16420001340662,49.7,50,4,0.994
16420001340669,55.0,50,2,1.1
16420001340670,61.0,50,2,1.22
16420001340673,50.0,50,4,1.0
16420001340703,20.0,50,4,0.4
16420001340704,43.0,50,3,0.86
16420001340710,56.0,60,4,0.933
16420001340711,57.0,60,4,0.95
16420001340712,57.285000000000004,60,4,0.955
16420001340713,57.30999999999999,60,4,0.955
16420001340715,33.0,50,6,0.66
16420001340731,60.0,60,2,1.0
16420001340733,33.0,50,3,0.66
16420001340755,54.0,50,2,1.08
16420001340764,60.0,60,2,1.0
16420001340781,33.0,50,4,0.66
16420001340789,38.0,50,4,0.76
16420001340806,60.0,50,2,1.2
16420001340807,60.0,50,2,1.2
16420001340825,54.0,50,3,1.08
16420001340828,50.220000000000006,50,3,1.004
16420001340834,62.81,60,2,1.047
16420001340836,62.0,60,2,1.033
16420001340849,36.0,50,6,0.72
16420001340869,23.0,50,6,0.46
16420001340888,50.2,50,3,1.004
16420001340890,50.0,50,3,1.0
16420001340898,36.0,50,2,0.72
16420001340942,52.0,50,4,1.04
16420001340947,56.0,50,3,1.12
16420001340954,49.0,50,3,0.98
16420001340978,43.0,50,6,0.86
16420001340999,40.14999999999998,50,3,0.803
16420001341001,79.0,50,1,1.58
16420001341019,26.049999999999983,50,6,0.521
16420001341029,20.8,50,4,0.416
16420001341039,39.0,50,4,0.78
16420001341061,63.335,60,2,1.056
16420001341078,42.0,50,4,0.84
16420001341102,58.0,50,3,1.16
16420001341107,45.870000000000005,50,4,0.917
16420001341202,46.0,50,2,0.92
16420001341273,59.5,50,6,1.19
16420001341275,55.8,50,4,1.116
16420001341348,50.06,50,2,1.001
16420001341357,36.839999999999996,50,4,0.737
16420001341366,46.0,50,4,0.92
16420001341383,55.0,50,3,1.1
16420001341472,39.0,50,3,0.78
16420001341495,45.0,50,5,0.9
16420001342856,56.88999999999999,50,2,1.138
16420001342875,54.0,50,2,1.08
16420001342897,56.8,50,2,1.136
16420001342924,55.0,50,2,1.1
16420001343045,24.0,50,4,0.48
16420001343068,23.0,50,4,0.46
16420001343795,42.834999999999994,50,4,0.857
16420001343802,40.45,50,4,0.809
16420001343806,52.0,50,4,1.04
16420001343807,53.0,50,4,1.06
16420001343811,58.0,50,6,1.16
16420001343821,39.78999999999999,50,3,0.796
16420001343822,50.504999999999995,50,3,1.01
16420001343823,34.0,50,3,0.68
16420001343825,63.0,50,3,1.26
16420001343828,41.0,50,4,0.82
16420001343830,32.0,50,4,0.64
16420001343837,59.0,30,2,1.967
16420001343844,42.0,50,4,0.84
16420001343851,55.5,50,4,1.11
16420001343862,44.0,50,6,0.88
16420001343866,34.0,50,4,0.68
16420001343913,41.0,50,5,0.82
16420001343914,48.05,50,4,0.961
16420001343917,55.0,50,4,1.1
16420001343919,53.0,50,4,1.06
16420001343922,48.11000000000001,50,4,0.962
16420001343934,50.16,50,3,1.003
16420001343936,50.0,50,4,1.0
16420001343986,34.0,50,4,0.68
16420001344025,29.0,50,5,0.58
16420001344031,22.0,50,5,0.44
16420001344042,42.56,50,4,0.851
16420001344052,44.14,50,4,0.883
16420001344058,46.0,50,4,0.92
16420001344076,28.0,50,4,0.56
16420001344114,60.0,60,2,1.0
16420001344120,22.0,50,3,0.44
16420001344123,45.2,50,4,0.904
16420001344137,55.0,50,4,1.1
16420001344141,56.0,50,2,1.12
16420001344142,55.6,50,2,1.112
16420001344143,60.0,50,2,1.2
16420001344148,31.0,50,4,0.62
16420001344150,30.0,30,4,1.0
16420001344154,27.0,50,3,0.54
16420001344163,39.849999999999966,50,3,0.797
16420001344172,47.0,50,6,0.94
16420001344184,34.0,50,5,0.68
16420001344185,28.0,30,4,0.933
16420001344186,36.0,50,5,0.72
16420001344187,35.0,50,5,0.7
16420001344189,38.0,50,4,0.76
16420001344193,26.0,50,4,0.52
16420001344206,39.18999999999999,50,4,0.784
16420001344233,56.0,50,4,1.12
16420001344234,40.75,50,4,0.815
16420001344237,55.0,50,4,1.1
16420001344238,24.129999999999995,50,3,0.483
16420001344256,35.0,50,3,0.7
16420001344257,38.28,50,3,0.766
16420001344258,36.480000000000004,50,3,0.73
16420001344260,29.0,50,4,0.58
16420001344323,19.0,50,4,0.38
16420001344334,37.0,50,3,0.74
16420001344336,64.3,50,2,1.286
16420001344342,25.0,50,4,0.5
16420001344345,40.0,50,4,0.8
16420001344346,45.0,50,4,0.9
16420001344347,51.0,50,4,1.02
16420001344348,57.0,50,4,1.14
16420001344349,58.5,50,4,1.17
16420001344350,59.0,50,4,1.18
16420001344379,38.565,60,4,0.643
16420001344380,37.0,50,4,0.74
16420001344408,54.0,50,2,1.08
16420001344409,59.275,60,2,0.988
16420001344435,25.0,50,4,0.5
16420001344437,24.009999999999998,50,4,0.48
16420001344453,22.0,50,4,0.44
16420001344454,38.8,50,2,0.776
16420001344457,63.0,50,2,1.26
16420001344477,62.0,50,2,1.24
16420001344482,11.0,50,5,0.22
16420001344486,37.0,50,3,0.74
16420001344488,31.1,50,4,0.622
16420001344489,19.0,50,4,0.38
16420001344496,56.0,50,4,1.12
16420001344502,45.0,50,4,0.9
16420001344519,65.0,50,4,1.3
16420001344527,19.575000000000003,30,5,0.653
16420001344528,21.575000000000003,30,5,0.719
16420001344539,43.0,50,4,0.86
16420001344542,34.0,50,5,0.68
16420001344544,34.0,50,5,0.68
16420001344545,34.0,50,5,0.68
16420001344603,70.0,50,4,1.4
16420001344612,36.0,30,5,1.2
16420001344614,63.0,50,2,1.26
16420001344615,34.6,30,5,1.153
16420001344616,31.6,30,5,1.053
16420001344620,42.0,50,4,0.84
16420001344639,41.0,50,4,0.82
16420001344654,61.0,50,2,1.22
16420001344659,12.0,50,6,0.24
16420001344663,44.0,50,4,0.88
16420001344664,41.0,50,4,0.82
16420001344679,63.404999999999994,50,2,1.268
16420001344680,62.0,50,2,1.24
16420001344735,51.5,50,4,1.03
16420001344737,21.914999999999996,50,3,0.438
16420001344740,19.0,50,3,0.38
16420001344744,39.0,50,4,0.78
16420001344806,36.629999999999995,50,3,0.733
16420001344808,34.0,50,3,0.68
16420001344823,27.0,50,3,0.54
16420001344838,54.0,50,2,1.08
16420001344859,57.085,50,2,1.142
16420001344866,38.0,50,4,0.76
16420001344869,64.0,50,3,1.28
16420001344903,47.0,50,4,0.94
16420001344921,48.50499999999999,60,4,0.808
16420001344926,30.0,50,4,0.6
16420001344938,31.464999999999996,50,6,0.629
16420001344944,92.4,70,1,1.32
16420001344953,47.625,60,2,0.794
16420001344987,29.794999999999998,50,4,0.596
16420001344988,31.009999999999998,50,4,0.62
16420001345002,41.0,50,4,0.82
16420001345003,39.0,50,4,0.78
16420001345013,59.0,50,2,1.18
16420001345037,31.9,50,4,0.638
16420001345041,42.989999999999995,50,4,0.86
16420001345042,67.0,50,4,1.34
16420001345043,40.0,50,4,0.8
16420001345067,44.535000000000004,50,3,0.891
16420001345076,48.0,50,4,0.96
16420001345123,46.0,50,4,0.92
16420001345236,46.0,50,3,0.92
16420001345264,63.62,50,3,1.272
16420001345290,50.0,50,3,1.0
16420001345304,64.07000000000001,60,2,1.068
16420001345316,51.0,50,4,1.02
16420001345317,44.5,50,4,0.89
16420001345332,56.56999999999999,50,2,1.131
16420001345333,50.1,50,2,1.002
16420001345350,35.0,50,5,0.7
16420001345416,35.0,50,4,0.7
16420001345417,37.0,50,4,0.74
16420001345440,53.5,50,4,1.07
16420001345447,18.0,50,4,0.36
16420001345452,38.0,50,4,0.76
16420001345496,53.0,70,3,0.757
16420001345502,93.0,70,1,1.329
16420001345547,55.0,50,2,1.1
16420001345567,62.0,50,3,1.24
16420001345572,61.0,50,3,1.22
16420001345574,47.78000000000001,50,4,0.956
16420001345643,60.0,50,2,1.2
16420001345705,59.0,50,2,1.18
16420001345800,29.0,50,4,0.58
16420001347688,42.705,50,2,0.854
16420001347689,50.870000000000005,60,4,0.848
16420001347690,69.0,60,4,1.15
16420001347691,55.0,60,4,0.917
16420001347692,66.3,60,4,1.105
16420001347702,44.0,50,3,0.88
16420001347708,43.81999999999999,50,4,0.876
16420001347710,29.615,50,5,0.592
16420001347712,44.0,50,4,0.88
16420001347805,47.0,50,4,0.94
16420001347810,35.0,60,4,0.583
16420001347860,56.1,30,4,1.87
16420001347873,42.0,30,4,1.4
16420001347895,53.0,50,3,1.06
16420001347896,60.575,50,2,1.212
16420001347899,53.0,50,4,1.06
16420001347900,16.0,40,4,0.4
16420001347937,54.529999999999994,50,3,1.091
16420001347959,64.0,30,3,2.133
16420001347964,47.035000000000004,30,4,1.568
16420001347970,26.5,30,5,0.883
16420001347981,48.0,30,5,1.6
16420001347997,42.0,50,5,0.84
16420001348013,63.31,50,3,1.266
16420001348021,64.0,50,2,1.28
16420001348031,42.065,50,5,0.841
16420001348032,55.0,30,3,1.833
16420001348043,65.0,50,2,1.3
16420001348060,63.0,50,2,1.26
16420001348061,21.0,30,5,0.7
16420001348091,48.0,30,4,1.6
16420001348110,48.7,50,4,0.974
16420001348120,44.0,30,5,1.467
16420001348133,49.0,30,3,1.633
16420001348151,61.585,50,2,1.232
16420001348178,53.0,50,3,1.06
16420001348190,64.0,50,4,1.28
16420001348191,65.0,50,4,1.3
16420001348194,48.0,50,3,0.96
16420001348211,66.0,40,3,1.65
16420001348255,54.0,50,4,1.08
16420001348256,39.0,50,4,0.78
16420001348257,35.0,30,4,1.167
16420001348273,57.0,30,3,1.9
16420001348275,49.0,30,4,1.633
16420001348279,46.9,50,5,0.938
16420001348280,29.3,50,5,0.586
16420001348281,36.0,30,5,1.2
16420001348297,42.135000000000005,50,2,0.843
16420001348301,56.0,50,4,1.12
16420001348302,54.0,50,4,1.08
16420001348308,62.0,50,4,1.24
16420001348311,28.0,30,4,0.933
16420001348334,55.1,50,3,1.102
16420001348353,59.0,50,2,1.18
16420001348354,31.0,18,5,1.722
16420001348386,66.385,60,3,1.106
16420001348397,64.0,50,4,1.28
16420001348401,67.0,50,4,1.34
16420001348404,49.0,30,3,1.633
16420001348405,46.0,50,3,0.92
16420001348414,46.0,50,2,0.92
16420001348416,65.0,50,2,1.3
16420001348417,54.0,50,2,1.08
16420001348419,63.0,30,2,2.1
16420001348420,63.0,50,2,1.26
16420001348421,58.0,30,2,1.933
16420001348422,65.0,30,2,2.167
16420001348423,61.5,60,2,1.025
16420001348424,26.0,50,2,0.52
16420001348425,34.1,30,4,1.137
16420001348439,56.0,30,3,1.867
16420001348443,49.0,40,4,1.225
16420001348448,33.635000000000005,50,2,0.673
16420001348450,52.0,30,4,1.733
16420001348536,50.4,50,4,1.008
16420001348543,60.54,50,2,1.211
16420001348564,33.0,30,5,1.1
16420001348571,30.0,30,2,1.0
16420001348572,55.995,30,4,1.866
16420001348573,56.0,30,4,1.867
16420001348574,57.0,40,4,1.425
16420001348575,59.0,30,4,1.967
16420001348586,34.0,50,6,0.68
16420001348601,50.144999999999996,50,4,1.003
16420001348643,62.0,50,2,1.24
16420001348660,34.5,30,3,1.15
16420001348676,58.0,60,3,0.967
16420001348693,50.5,50,3,1.01
16420001348702,50.0,30,3,1.667
16420001348723,50.0,30,3,1.667
16420001348747,40.0,30,4,1.333
16420001348748,50.0,50,4,1.0
16420001348750,47.81999999999999,30,4,1.594
16420001348751,50.615,30,4,1.687
16420001348752,34.0,50,2,0.68
16420001348759,23.0,90,3,0.256
16420001348784,38.8,50,6,0.776
16420001348790,49.91,30,4,1.664
16420001348864,54.0,30,4,1.8
16420001348865,53.4,50,4,1.068
16420001348886,62.96,50,4,1.259
16420001348897,27.0,50,2,0.54
16420001348899,67.0,50,4,1.34
16420001348900,62.82999999999999,50,4,1.257
16420001348901,64.0,50,4,1.28
16420001348928,39.22,30,4,1.307
16420001348948,60.0,50,2,1.2
16420001348954,57.0,50,2,1.14
16420001348955,58.0,50,2,1.16
16420001348956,63.0,50,2,1.26
16420001348959,62.0,50,2,1.24
16420001348960,57.0,50,2,1.14
16420001348961,59.0,50,2,1.18
16420001348976,50.0,50,3,1.0
16420001348988,33.0,30,2,1.1
16420001348990,57.839999999999996,50,2,1.157
16420001349005,42.0,50,2,0.84
16420001349009,43.0,50,4,0.86
16420001349023,56.2,30,3,1.873
16420001349024,57.0,30,3,1.9
16420001349036,44.0,50,4,0.88
16420001349047,51.0,50,4,1.02
16420001349060,64.0,50,3,1.28
16420001349081,52.81999999999998,50,3,1.056
16420001349094,44.0,30,3,1.467
16420001349097,40.0,40,4,1.0
16420001349107,49.88999999999999,50,2,0.998
16420001349119,65.035,50,2,1.301
16420001349136,63.0,30,3,2.1
16420001349139,44.045,50,3,0.881
16420001349178,48.0,50,4,0.96
16420001349222,22.0,30,4,0.733
16420001349228,44.135000000000005,50,2,0.883
16420001349246,65.0,50,3,1.3
16420001349248,68.7,70,3,0.981
16420001349254,36.97999999999999,50,5,0.74
16420001349274,43.0,60,4,0.717
16420001349313,53.915,60,3,0.899
16420001349315,56.0,60,3,0.933
16420001349316,57.7,60,3,0.962
16420001349367,55.0,50,3,1.1
16420001349372,30.0,30,5,1.0
16420001349395,35.099999999999994,30,5,1.17
16420001349457,37.04,50,6,0.741
16420001349472,57.0,30,2,1.9
16420001349482,47.0,50,4,0.94
16420001349500,45.0,50,2,0.9
16420001349501,66.0,50,2,1.32
16420001349542,66.0,50,2,1.32
16420001349637,52.04,50,3,1.041
16420001349685,57.4,60,2,0.957
16420001349688,52.849999999999966,30,4,1.762
16420001349689,53.0,50,4,1.06
16420001349690,42.464999999999996,50,5,0.849
16420001349712,35.690000000000005,50,2,0.714
16420001349741,50.0,50,4,1.0
16420001349774,45.4,30,4,1.513
16420001349794,66.0,50,2,1.32
16420001349795,65.0,50,2,1.3
16420001349797,65.3,50,2,1.306
16420001349854,56.615,50,3,1.132
16420001349858,40.605,50,4,0.812
16420001349921,36.0,50,2,0.72
16420001349937,49.8,50,4,0.996
16420001349943,29.619999999999997,30,2,0.987
16420001349974,52.015,50,4,1.04
16420001349979,30.0,30,2,1.0
16420001349994,73.0,50,2,1.46
16420001350041,45.339999999999996,30,4,1.511
16420001350042,51.0,50,4,1.02
16420001350110,73.0,50,2,1.46
16420001350111,36.0,30,2,1.2
16420001350129,73.0,50,2,1.46
16420001350134,47.0,30,5,1.567
16420001350170,38.0,30,2,1.267
16420001350180,44.0,50,2,0.88
16420001350185,58.0,30,4,1.933
16420001350187,40.449999999999996,30,2,1.348
16420001350203,61.82999999999999,50,2,1.237
16420001350264,42.80999999999999,50,2,0.856
16420001350266,58.0,50,2,1.16
16420001350268,33.8,50,2,0.676
16420001350274,54.0,30,3,1.8
16420001350298,38.92,30,2,1.297
16420001350400,46.0,50,2,0.92
16420001350413,59.0,50,2,1.18
16420001350707,37.0,30,2,1.233
16420001350709,39.0,30,2,1.3
16420001350734,30.0,30,5,1.0
16420001350757,69.97999999999999,50,2,1.4
16420001350853,60.0,30,4,2.0
16420001350872,30.0,30,2,1.0
16420001350967,72.0,50,2,1.44
16420001353211,38.71999999999999,50,3,0.774
16420001353212,31.150000000000002,50,3,0.623
16420001353213,33.4,50,3,0.668
16420001353214,31.0,50,2,0.62
16420001353216,33.0,50,4,0.66
16420001353220,22.0,50,3,0.44
16420001353221,34.0,50,3,0.68
16420001353222,32.96999999999999,50,3,0.659
16420001353223,25.0,50,3,0.5
16420001353231,41.7,50,3,0.834
16420001353232,40.29499999999999,60,3,0.672
16420001353233,42.0,60,3,0.7
16420001353234,37.0,50,3,0.74
16420001353250,31.0,50,2,0.62
16420001353251,30.0,50,2,0.6
16420001353253,38.0,50,4,0.76
16420001353256,34.33,50,3,0.687
16420001353257,30.5,50,2,0.61
16420001353258,24.0,50,2,0.48
16420001353259,38.0,60,2,0.633
16420001353260,30.0,50,2,0.6
16420001353262,37.75999999999999,50,3,0.755
16420001353265,52.0,40,3,1.3
16420001353269,27.794999999999995,50,2,0.556
16420001353271,48.0,40,3,1.2
16420001353272,38.0,50,4,0.76
16420001353281,30.244999999999987,50,4,0.605
16420001353283,35.96,50,4,0.719
16420001353284,27.0,50,2,0.54
16420001353294,39.0,50,4,0.78
16420001353302,35.0,50,4,0.7
16420001353304,40.0,50,4,0.8
16420001353308,28.0,50,3,0.56
16420001353321,32.0,50,3,0.64
16420001353323,22.34499999999999,50,3,0.447
16420001356194,63.7,50,3,1.274
16420001357603,53.0,50,4,1.06
16420001358156,63.0,60,3,1.05
16420001358157,53.0,50,3,1.06
16420001358158,55.0,50,3,1.1
16420001358160,32.0,60,3,0.533
16420001358161,55.6,50,3,1.112
16420001358267,53.0,50,3,1.06
16420001358285,50.0,50,3,1.0
16420001358313,45.410000000000004,50,3,0.908
16420001358337,53.8,50,4,1.076
16420001358340,38.0,36,2,1.056
16420001358579,26.0,50,4,0.52
16420001358739,35.0,50,4,0.7
16420001358743,28.0,50,4,0.56
16420001358892,53.0,50,4,1.06
16420001358926,46.0,50,4,0.92
16420001358957,35.7,50,5,0.714
16420001359100,50.0,50,4,1.0
16420001359195,41.62999999999999,50,4,0.833
16420001359325,41.0,50,3,0.82
16420001359442,32.0,50,5,0.64
16420001359443,44.0,50,5,0.88
16420001359575,50.0,50,4,1.0
16420001359576,46.61000000000001,50,4,0.932
16420001359593,48.0,50,4,0.96
16420001359598,45.0,50,4,0.9
16420001359619,45.0,50,4,0.9
16420001359683,33.0,30,3,1.1
16420001359876,43.6,30,4,1.453
16420001359908,33.0,50,5,0.66
16420001359933,37.20999999999998,50,3,0.744
16420001359947,37.0,50,3,0.74
16420001360101,45.0,50,4,0.9
16420001360128,38.0,50,4,0.76
16420001360187,35.93999999999998,30,4,1.198
16420001360225,37.0,20,3,1.85
16420001360335,30.239999999999984,50,4,0.605
16420001360336,30.0,50,4,0.6
16420001360386,47.0,50,3,0.94
16420001360396,21.624999999999982,50,4,0.432
16420001360476,25.0,50,3,0.5
16420001360512,54.0,50,3,1.08
16420001360632,48.0,50,3,0.96
16420001360718,38.61000000000001,50,4,0.772
16420001360831,43.0,50,4,0.86
16420001360880,37.0,50,2,0.74
16420001360885,92.0,50,2,1.84
16420001360886,87.77000000000001,50,2,1.755
16420001360915,51.0,50,4,1.02
16420001360970,45.0,30,4,1.5
16420001361172,49.0,60,3,0.817
16420001361173,46.1,60,3,0.768
16420001361195,55.044999999999995,50,4,1.101
16420001361247,38.64,50,4,0.773
16420001361352,49.0,50,4,0.98
16420001361370,44.0,50,5,0.88
16420001361409,59.0,50,3,1.18
16420001361410,43.0,50,5,0.86
16420001361413,59.0,50,3,1.18
16420001361582,58.0,50,3,1.16
16420001361583,53.6,50,3,1.072
16420001361585,47.0,50,5,0.94
16420001361637,51.06,50,4,1.021
16420001361667,46.0,50,5,0.92
16420001361719,44.0,50,4,0.88
16420001361821,39.0,34,2,1.147
16420001361826,43.085,50,3,0.862
16420001361837,60.9,50,4,1.218
16420001361892,29.0,50,5,0.58
16420001361928,26.0,50,6,0.52
16420001361953,55.0,50,4,1.1
16420001361954,48.0,30,4,1.6
16420001361955,48.0,30,4,1.6
16420001362016,67.0,50,4,1.34
16420001362022,53.0,50,4,1.06
16420001362171,43.0,50,3,0.86
16420001362218,52.0,50,4,1.04
16420001362270,52.0,50,4,1.04
16420001362314,23.0,50,5,0.46
16420001362326,28.0,50,4,0.56
16420001362359,37.0,50,4,0.74
16420001362406,35.0,50,4,0.7
16420001362408,30.1,50,4,0.602
16420001362409,28.0,50,4,0.56
16420001362448,30.0,50,4,0.6
16420001362509,51.46,50,3,1.029
16420001362511,37.13,30,2,1.238
16420001362530,38.0,50,4,0.76
16420001362531,37.059999999999995,50,4,0.741
16420001362532,37.0,30,4,1.233
16420001362534,33.94,30,4,1.131
16420001362535,35.0,50,4,0.7
16420001362536,27.79,50,4,0.556
16420001362537,42.0,30,4,1.4
16420001362539,33.0,30,4,1.1
16420001362540,35.4,50,4,0.708
16420001362541,38.910000000000004,50,4,0.778
16420001362542,38.0,50,4,0.76
16420001362543,38.0,50,4,0.76
16420001362544,37.22,50,4,0.744
16420001362550,40.855,50,3,0.817
16420001362752,60.0,50,2,1.2
16420001362753,56.92999999999999,50,2,1.139
16420001362805,27.0,30,5,0.9
16420001362834,59.0,50,2,1.18
16420001362835,45.529999999999994,50,2,0.911
16420001362836,59.5,50,2,1.19
16420001362837,47.0,50,2,0.94
16420001362861,47.0,50,4,0.94
16420001362862,73.0,50,2,1.46
16420001362981,79.7,70,3,1.139
16420001363094,43.0,50,4,0.86
16420001363098,43.8,50,3,0.876
16420001363099,36.0,50,5,0.72
16420001363100,40.0,36,2,1.111
16420001363203,46.0,50,4,0.92
16420001363226,39.0,50,3,0.78
16420001363227,35.5,30,5,1.183
16420001363229,38.5,30,5,1.283
16420001363238,41.32999999999999,50,3,0.827
16420001363462,35.42999999999999,60,3,0.59
16420001363476,55.44999999999999,50,4,1.109
16420001363501,49.0,50,4,0.98
16420001363537,32.455,30,2,1.082
16420001363539,38.0,30,2,1.267
16420001363542,34.0,30,2,1.133
16420001363641,43.7,50,3,0.874
16420001363719,23.934999999999995,50,4,0.479
16420001363726,36.0,50,4,0.72
16420001363727,41.38,50,4,0.828
16420001363729,25.0,50,4,0.5
16420001363752,41.0,50,4,0.82
16420001363844,33.059999999999995,50,4,0.661
16420001363861,47.0,50,4,0.94
16420001364115,46.879999999999995,50,4,0.938
16420001364116,46.68999999999999,50,4,0.934
16420001364117,39.0,50,4,0.78
16420001364118,48.989999999999995,50,4,0.98
16420001364119,50.0,50,4,1.0
16420001364122,60.0,50,4,1.2
16420001364123,48.504999999999995,50,4,0.97
16420001364124,37.67999999999997,50,4,0.754
16420001364125,52.0,50,4,1.04
16420001364126,54.0,50,4,1.08
16420001364127,52.425,50,4,1.048
16420001364128,63.0,50,4,1.26
16420001364130,60.0,50,4,1.2
16420001364249,55.0,30,4,1.833
16420001364355,53.0,50,3,1.06
16420001364490,45.0,50,5,0.9
16420001364491,40.10499999999999,50,5,0.802
16420001364579,35.5,50,4,0.71
16420001364729,38.0,50,4,0.76
16420001364761,42.7,50,3,0.854
16420001364811,25.419999999999995,50,4,0.508
16420001364812,35.2,50,2,0.704
16420001364815,28.769999999999992,50,4,0.575
16420001364927,49.0,50,4,0.98
16420001364951,55.0,50,4,1.1
16420001365029,40.0,50,2,0.8
16420001365098,47.42999999999999,50,3,0.949
16420001365100,48.0,50,3,0.96
16420001365102,46.0,50,3,0.92
16420001365105,47.0,50,3,0.94
16420001365129,55.0,50,4,1.1
16420001365135,49.0,50,4,0.98
16420001365209,43.4,50,6,0.868
16420001365251,61.0,50,2,1.22
16420001365252,61.0,50,2,1.22
16420001365398,22.259999999999998,50,4,0.445
16420001365498,51.0,50,3,1.02
16420001365533,22.1,30,2,0.737
16420001365584,24.0,50,4,0.48
16420001365585,48.0,50,3,0.96
16420001365666,53.785,50,4,1.076
16420001365668,53.0,50,4,1.06
16420001365683,57.0,50,3,1.14
16420001365686,38.225,30,4,1.274
16420001365799,55.685,50,3,1.114
16420001365800,55.0,50,4,1.1
16420001365919,34.0,25,4,1.36
16420001366049,41.1,50,3,0.822
16420001366074,43.0,50,4,0.86
16420001366109,40.0,50,4,0.8
16420001366110,47.9,50,4,0.958
16420001366180,46.0,20,3,2.3
16420001366249,51.0,50,4,1.02
16420001366370,52.0,50,4,1.04
16420001366417,60.0,50,4,1.2
16420001366429,50.0,50,4,1.0
16420001366432,51.0,50,4,1.02
16420001366467,63.849999999999994,50,4,1.277
16420001366468,63.0,50,4,1.26
16420001366469,48.0,50,4,0.96
16420001366470,35.725,50,4,0.714
16420001366471,43.0,50,4,0.86
16420001366517,47.0,50,4,0.94
16420001366673,63.0,50,4,1.26
16420001366782,60.0,50,3,1.2
16420001366812,32.4,50,4,0.648
16420001366817,42.0,50,4,0.84
16420001366826,58.0,50,4,1.16
16420001366831,38.0,50,5,0.76
16420001366832,34.0,50,5,0.68
16420001366883,55.0,50,4,1.1
16420001366996,49.0,50,3,0.98
16420001367001,51.0,50,3,1.02
16420001367040,42.0,50,3,0.84
16420001367045,57.0,50,4,1.14
16420001367046,60.6,50,4,1.212
16420001367047,54.0,50,4,1.08
16420001367048,51.0,50,4,1.02
16420001367049,56.2,50,4,1.124
16420001367050,44.3,50,4,0.886
16420001367051,43.220000000000006,50,4,0.864
16420001367052,27.1,50,4,0.542
16420001367053,57.0,50,4,1.14
16420001367054,47.0,50,4,0.94
16420001367055,27.0,50,4,0.54
16420001367056,40.980000000000004,50,4,0.82
16420001367057,32.0,50,4,0.64
16420001367058,53.0,50,4,1.06
16420001367059,39.5,50,4,0.79
16420001367060,30.0,50,4,0.6
16420001367062,51.0,50,4,1.02
16420001367076,50.05999999999999,50,4,1.001
16420001367167,35.0,40,4,0.875
16420001367168,35.0,40,4,0.875
16420001367188,34.0,30,5,1.133
16420001367284,57.0,50,4,1.14
16420001367285,59.0,50,4,1.18
16420001367312,46.0,60,4,0.767
16420001367912,58.0,50,4,1.16
16420001367921,53.0,50,2,1.06
16420001367955,42.9,50,4,0.858
16420001367994,38.37,50,4,0.767
16420001367996,49.0,50,3,0.98
16420001367998,58.0,50,3,1.16
16420001367999,57.0,50,3,1.14
16420001368000,62.3,50,3,1.246
16420001368092,17.0,50,6,0.34
16420001368226,43.05,50,5,0.861
16420001368254,51.405,60,4,0.857
16420001368383,57.2,50,2,1.144
16420001368530,27.0,50,4,0.54
16420001368571,61.005,50,4,1.22
16420001368573,57.0,50,4,1.14
16420001368716,27.014999999999993,50,6,0.54
16420001368741,38.0,50,4,0.76
16420001368792,48.0,50,3,0.96
16420001368842,44.0,50,2,0.88
16420001368856,47.0,50,5,0.94
16420001368896,27.019999999999992,50,6,0.54
16420001368899,29.0,50,4,0.58
16420001368980,55.0,50,4,1.1
16420001368998,54.98,50,4,1.1
16420001369128,27.4,30,5,0.913
16420001369204,54.585,60,4,0.91
16420001369205,54.785,60,4,0.913
16420001369271,33.0,50,4,0.66
16420001369384,43.144999999999996,50,4,0.863
16420001369385,41.0,50,4,0.82
16420001369468,31.0,50,4,0.62
16420001369529,32.0,30,4,1.067
16420001369635,59.864999999999995,50,3,1.197
16420001369636,54.410000000000004,50,3,1.088
16420001369707,15.600000000000001,30,6,0.52
16420001369772,33.0,28,4,1.179
16420001369797,36.0,30,2,1.2
16420001369921,51.0,50,3,1.02
16420001369926,45.0,50,4,0.9
16420001369961,53.10499999999999,50,4,1.062
16420001370003,54.0,30,4,1.8
16420001370122,53.8,50,3,1.076
16420001370142,23.310000000000002,50,3,0.466
16420001370341,31.0,30,2,1.033
16420001370488,45.0,50,3,0.9
16420001370490,30.0,50,5,0.6
16420001370643,90.57000000000001,70,2,1.294
16420001370746,49.0,50,4,0.98
16420001370861,47.75,50,4,0.955
16420001370864,38.015,50,4,0.76
16420001370898,58.0,50,4,1.16
16420001370933,32.56,50,5,0.651
16420001370993,54.0,50,4,1.08
16420001370994,52.01,50,4,1.04
16420001371026,54.0,50,3,1.08
16420001371055,39.03,50,3,0.781
16420001371174,52.0,50,4,1.04
16420001371179,46.0,50,2,0.92
16420001371180,53.0,50,2,1.06
16420001371205,43.0,60,3,0.717
16420001371221,48.0,50,4,0.96
16420001371223,58.0,50,4,1.16
16420001371244,26.0,50,4,0.52
16420001371322,46.489999999999995,50,4,0.93
16420001371328,47.0,50,4,0.94
16420001371334,21.0,50,6,0.42
16420001371376,69.985,50,4,1.4
16420001371555,49.0,50,3,0.98
16420001371601,37.0,33,2,1.121
16420001371653,40.0,50,4,0.8
16420001371689,44.985,50,3,0.9
16420001371690,51.5,50,3,1.03
16420001371722,53.0,50,3,1.06
16420001371871,45.0,50,3,0.9
16420001371874,41.0,50,3,0.82
16420001371957,42.0,50,2,0.84
16420001372017,35.2,30,4,1.173
16420001372047,47.0,50,4,0.94
16420001372108,53.415,50,4,1.068
16420001372109,51.33,50,4,1.027
16420001372153,39.0,50,4,0.78
16420001372236,47.0,50,4,0.94
16420001372240,48.0,50,4,0.96
16420001372243,37.0,50,4,0.74
16420001372246,42.98,50,6,0.86
16420001372270,34.46,50,4,0.689
16420001372278,50.0,50,4,1.0
16420001372351,34.230000000000004,50,4,0.685
16420001372405,50.0,50,4,1.0
16420001372423,53.0,50,4,1.06
16420001372448,53.720000000000006,50,4,1.074
16420001372528,31.0,50,4,0.62
16420001372569,29.0,50,3,0.58
16420001372579,41.0,50,4,0.82
16420001372589,16.71999999999998,50,5,0.334
16420001372590,21.0,50,5,0.42
16420001372655,47.0,30,3,1.567
16420001372657,52.0,50,3,1.04
16420001372659,45.7,30,3,1.523
16420001372701,36.25,50,3,0.725
16420001372724,55.69499999999999,50,4,1.114
16420001372779,44.665,50,4,0.893
16420001372781,55.45,50,4,1.109
16420001372782,64.0,50,4,1.28
16420001372876,91.0,70,2,1.3
16420001372904,50.0,50,3,1.0
16420001372917,29.610000000000003,50,3,0.592
16420001372949,28.0,30,6,0.933
16420001373057,45.0,50,4,0.9
16420001373069,54.0,50,3,1.08
16420001373121,58.0,50,4,1.16
16420001373157,89.0,70,2,1.271
16420001373270,65.0,50,4,1.3
16420001373275,52.30000000000001,50,5,1.046
16420001373281,48.0,50,3,0.96
16420001373286,14.0,50,6,0.28
16420001373287,24.0,50,6,0.48
16420001373289,38.0,30,2,1.267
16420001373290,34.910000000000004,30,2,1.164
16420001373312,52.0,50,4,1.04
16420001373359,47.0,50,4,0.94
16420001373379,52.0,50,3,1.04
16420001373410,23.029999999999998,50,3,0.461
16420001373472,28.0,50,6,0.56
16420001373481,22.46,50,5,0.449
16420001373533,23.714999999999996,30,2,0.79
16420001373540,82.0,70,3,1.171
16420001373551,62.0,50,4,1.24
16420001373552,67.0,50,4,1.34
16420001373624,42.0,50,2,0.84
16420001373644,54.0,50,4,1.08
16420001373676,27.0,50,4,0.54
16420001373772,41.0,50,4,0.82
16420001373773,41.0,50,4,0.82
16420001373802,65.0,50,2,1.3
16420001373809,38.0,50,2,0.76
16420001373810,57.475,50,2,1.15
16420001373811,44.0,50,2,0.88
16420001373836,28.0,50,6,0.56
16420001373976,33.8,30,2,1.127
16420001373977,39.0,30,2,1.3
16420001373980,35.0,30,2,1.167
16420001374003,42.0,50,4,0.84
16420001374158,51.0,60,4,0.85
16420001374354,28.0,50,6,0.56
16420001374377,13.0,50,6,0.26
16420001374484,55.0,50,3,1.1
16420001375752,57.0,50,3,1.14
16420001375982,42.0,50,3,0.84
16420001375983,46.0,50,3,0.92
16420001375984,48.0,50,3,0.96
16420001375985,52.0,50,3,1.04
16420001375986,39.0,50,3,0.78
16420001376555,33.74999999999999,30,5,1.125
16420001377886,39.0,30,4,1.3
16420001377906,18.509999999999998,50,6,0.37
16420001378087,60.0,50,3,1.2
16420001378499,47.0,50,4,0.94
16420001378682,38.349999999999994,50,4,0.767
16420001378798,51.0,50,4,1.02
16420001378799,52.0,50,4,1.04
16420001378834,18.729999999999997,50,6,0.375
16420001378874,65.3,50,3,1.306
16420001378875,65.92,90,3,0.732
16420001379046,42.0,50,4,0.84
16420001379095,13.0,50,6,0.26
16420001379220,24.0,50,3,0.48
16420001379272,24.0,50,4,0.48
16420001379365,73.30499999999999,50,2,1.466
16420001379380,13.249999999999982,50,3,0.265
16420001379385,36.385,30,5,1.213
16420001379463,44.0,50,6,0.88
16420001379772,34.04,30,5,1.135
16420001380889,26.054999999999996,50,5,0.521
16420001380896,33.0,30,2,1.1
16420001380920,30.0,50,6,0.6
16420001380922,29.605,60,5,0.493
16420001380925,94.3,90,1,1.048
16420001380926,21.26,50,6,0.425
16420001380932,30.0,50,2,0.6
16420001380942,39.0,50,2,0.78
16420001380947,47.425,50,2,0.948
16420001380950,68.0,50,2,1.36
16420001380951,69.67999999999999,50,2,1.394
16420001380959,45.635000000000005,50,2,0.913
16420001380965,28.155,50,5,0.563
16420001380966,32.0,50,5,0.64
16420001380967,27.0,50,6,0.54
16420001380970,42.0,50,2,0.84
16420001380971,43.0,50,2,0.86
16420001380986,33.085,30,2,1.103
16420001380996,52.0,50,4,1.04
16420001381004,34.0,50,5,0.68
16420001381005,30.0,50,5,0.6
16420001381007,28.0,50,5,0.56
16420001381010,24.649999999999977,50,6,0.493
16420001381015,96.4,90,1,1.071
16420001381019,49.6,50,4,0.992
16420001381022,38.0,50,4,0.76
16420001381023,50.2,50,4,1.004
16420001381025,90.0,80,1,1.125
16420001381027,89.7,80,1,1.121
16420001381031,34.0,30,2,1.133
16420001381035,29.0,60,5,0.483
16420001381042,39.0,30,2,1.3
16420001381052,27.0,50,6,0.54
16420001381057,95.0,90,1,1.056
16420001381062,30.0,30,2,1.0
16420001381078,96.0,90,1,1.067
16420001381079,30.0,30,2,1.0
16420001381096,37.075,30,2,1.236
16420001381099,30.0,50,5,0.6
16420001381137,95.0,90,1,1.056
16420001381141,27.0,50,5,0.54
16420001381147,28.0,60,5,0.467
16420001381277,37.0,50,2,0.74
16420001381285,42.0,50,4,0.84
16420001381286,39.0,30,5,1.3
16420001381300,46.0,50,4,0.92
16420001381354,63.86,50,3,1.277
16420001381358,45.845,30,6,1.528
16420001381359,54.0,50,6,1.08
16420001381360,54.0,30,6,1.8
16420001381362,56.83,50,6,1.137
16420001381369,68.0,50,3,1.36
16420001381371,37.2,50,2,0.744
16420001381399,13.0,60,2,0.217
16420001381405,39.61,30,3,1.32
16420001381406,35.0,50,4,0.7
16420001381407,29.0,50,4,0.58
16420001381409,39.0,50,3,0.78
16420001381412,30.0,50,4,0.6
16420001381418,55.105000000000004,50,6,1.102
16420001381463,31.05,30,5,1.035
16420001381471,51.125,50,6,1.022
16420001381481,32.0,27,4,1.185
16420001381484,56.0,50,3,1.12
16420001381485,59.0,50,3,1.18
16420001381502,29.0,50,5,0.58
16420001381516,27.384999999999994,50,5,0.548
16420001381517,26.0,50,5,0.52
16420001381518,27.0,50,5,0.54
16420001381519,26.0,50,5,0.52
16420001381520,28.0,50,5,0.56
16420001381525,48.0,50,2,0.96
16420001381526,44.0,50,2,0.88
16420001381530,33.164999999999985,50,3,0.663
16420001381556,40.0,50,2,0.8
16420001381572,37.0,50,3,0.74
16420001381574,34.0,50,4,0.68
16420001381584,42.0,60,2,0.7
16420001381609,56.419999999999995,50,3,1.128
16420001381628,76.0,40,2,1.9
16420001381643,71.1,50,2,1.422
16420001381669,64.0,60,2,1.067
16420001381683,38.1,50,4,0.762
16420001381757,70.96,50,4,1.419
16420001381758,66.09499999999998,50,4,1.322
16420001381760,33.144999999999996,50,2,0.663
16420001381764,48.0,60,4,0.8
16420001381765,45.0,50,4,0.9
16420001381774,41.0,50,2,0.82
16420001381791,39.035000000000004,50,2,0.781
16420001381808,57.0,50,6,1.14
16420001381820,65.3,50,2,1.306
16420001381822,62.7,50,2,1.254
16420001381823,65.0,50,2,1.3
16420001381825,60.1,50,2,1.202
16420001381829,18.0,50,3,0.36
16420001381830,21.9,50,3,0.438
16420001381884,31.0,24,4,1.292
16420001381911,63.0,60,2,1.05
16420001381912,63.0,60,2,1.05
16420001381931,34.55,50,4,0.691
16420001381942,72.2,50,2,1.444
16420001381944,73.9,50,2,1.478
16420001381945,72.2,50,2,1.444
16420001381946,64.01,50,2,1.28
16420001381947,71.625,50,2,1.432
16420001381948,66.0,50,2,1.32
16420001381956,32.0,50,3,0.64
16420001381990,30.0,50,3,0.6
16420001381991,29.0,50,3,0.58
16420001381992,25.275,50,4,0.505
16420001382002,31.0,50,4,0.62
16420001382026,33.0,30,3,1.1
16420001382027,55.0,50,4,1.1
16420001382028,57.0,50,4,1.14
16420001382035,25.1,50,4,0.502
16420001382103,29.4,50,4,0.588
16420001382135,49.0,50,3,0.98
16420001382149,39.0,50,3,0.78
16420001382150,35.0,50,3,0.7
16420001382169,23.0,60,2,0.383
16420001382184,46.0,50,6,0.92
16420001382201,35.120000000000005,50,5,0.702
16420001382213,38.379999999999995,50,3,0.768
16420001382251,25.1,50,4,0.502
16420001382273,36.0,30,2,1.2
16420001382274,39.0,30,2,1.3
16420001382275,69.0,50,3,1.38
16420001382308,47.35999999999999,50,4,0.947
16420001382334,51.0,50,6,1.02
16420001382336,50.05,50,3,1.001
16420001382341,35.0,50,6,0.7
16420001382393,55.505,30,4,1.85
16420001382394,55.115,30,4,1.837
16420001382403,55.0,50,6,1.1
16420001382434,46.0,50,4,0.92
16420001382440,41.0,50,6,0.82
16420001382498,71.7,50,2,1.434
16420001382510,89.07999999999998,50,1,1.782
16420001382511,89.0,50,1,1.78
16420001382524,46.0,50,6,0.92
16420001382592,67.955,50,4,1.359
16420001382593,67.0,50,4,1.34
16420001382609,30.9,50,4,0.618
16420001382671,40.0,50,3,0.8
16420001382673,37.0,50,4,0.74
16420001382705,68.0,50,3,1.36
16420001382716,34.0,50,3,0.68
16420001382741,69.0,50,3,1.38
16420001382753,88.0,70,2,1.257
16420001382772,90.0,70,2,1.286
16420001382776,87.0,70,2,1.243
16420001382784,90.0,70,2,1.286
16420001382792,65.0,50,2,1.3
16420001382799,30.0,50,3,0.6
16420001382801,75.4,50,2,1.508
16420001382802,75.83500000000001,50,2,1.517
16420001382803,75.0,50,2,1.5
16420001382815,35.065,60,2,0.584
16420001382827,71.3,50,2,1.426
16420001382832,28.95,50,5,0.579
16420001382867,30.0,50,3,0.6
16420001382875,23.0,50,6,0.46
16420001382893,71.0,50,3,1.42
16420001382895,73.0,50,3,1.46
16420001382897,66.235,50,2,1.325
16420001383001,29.0,50,4,0.58
16420001383037,66.11,50,4,1.322
16420001383038,66.11,50,4,1.322
16420001383042,24.0,50,6,0.48
16420001383065,28.314999999999998,50,3,0.566
16420001383151,31.35,50,4,0.627
16420001383194,68.0,50,3,1.36
16420001383195,68.615,50,3,1.372
16420001383393,31.0,50,4,0.62
16420001383422,22.0,50,6,0.44
16420001383429,46.0,60,2,0.767
16420001383509,22.725,50,4,0.454
16420001390657,69.0,50,2,1.38
16420001390658,70.0,50,2,1.4
16420001390739,64.0,50,2,1.28
16420001390748,57.0,30,2,1.9
16420001391026,48.0,50,3,0.96
16420001391063,45.0,50,3,0.9
16420001391070,44.565,30,3,1.485
16420001391072,44.0,30,3,1.467
16420001391105,47.505,50,6,0.95
16420001391114,64.765,60,2,1.079
16420001391163,71.0,50,2,1.42
16420001391164,71.3,50,2,1.426
16420001391165,38.0,30,5,1.267
16420001391266,48.0,50,3,0.96
16420001391269,51.70999999999998,50,3,1.034
16420001391270,59.0,50,2,1.18
16420001391271,60.48999999999999,50,2,1.21
16420001391293,47.0,50,6,0.94
16420001391405,59.0,50,3,1.18
16420001391406,58.0,50,3,1.16
16420001391414,54.0,60,3,0.9
16420001391415,55.139999999999986,60,3,0.919
16420001391615,50.0,50,2,1.0
16420001391624,79.0,50,2,1.58
16420001391625,89.0,50,2,1.78
16420001391626,91.0,50,2,1.82
16420001391627,72.67,50,2,1.453
16420001391628,92.0,50,2,1.84
16420001391629,92.0,70,2,1.314
16420001391630,93.0,70,2,1.329
16420001391631,91.2,70,2,1.303
16420001391636,47.0,50,6,0.94
16420001391743,68.55,50,4,1.371
16420001391757,66.0,50,4,1.32
16420001391835,48.0,50,4,0.96
16420001391927,53.0,50,4,1.06
16420001391928,50.3,50,4,1.006
16420001392058,41.0,30,5,1.367
16420001392117,55.0,50,3,1.1
16420001392199,52.0,50,5,1.04
16420001392226,77.0,50,2,1.54
16420001392425,50.980000000000004,30,3,1.699
16420001392426,36.0,50,3,0.72
16420001392428,27.0,50,3,0.54
16420001392434,32.29499999999999,50,2,0.646
16420001392435,27.86,50,4,0.557
16420001392443,18.0,50,5,0.36
16420001392444,20.0,50,5,0.4
16420001392479,32.0,50,3,0.64
16420001392484,38.385,50,4,0.768
16420001392488,85.0,50,2,1.7
16420001392511,54.0,50,5,1.08
16420001392546,45.0,30,4,1.5
16420001392577,40.0,30,2,1.333
16420001392622,66.0,50,3,1.32
16420001392623,66.0,50,3,1.32
16420001392635,43.0,50,3,0.86
16420001392636,25.0,50,3,0.5
16420001392773,48.879999999999995,30,3,1.629
16420001392774,46.0,50,3,0.92
16420001392920,44.0,50,3,0.88
16420001393018,53.0,50,3,1.06
16420001393111,51.5,50,2,1.03
16420001393574,49.0,30,3,1.633
16420001393578,50.650000000000006,30,3,1.688
16420001393584,38.0,50,4,0.76
16420001393602,60.0,60,2,1.0
16420001393635,43.0,50,4,0.86
16420001393636,44.0,50,4,0.88
16420001393638,28.4,50,3,0.568
16420001393779,28.0,50,2,0.56
16420001393913,27.2,50,2,0.544
16420001393940,30.2,50,2,0.604
16420001393941,67.0,50,2,1.34
16420001394123,51.789999999999985,50,2,1.036
16420001394132,57.120000000000005,30,2,1.904
16420001394222,36.1,50,3,0.722
16420001394306,39.0,50,5,0.78
16420001394486,55.0,40,6,1.375
16420001394487,60.0,40,6,1.5
16420001394496,54.9,50,3,1.098
16420001394536,37.0,30,2,1.233
16420001394604,70.1,50,2,1.402
16420001394605,70.535,50,2,1.411
16420001394633,60.0,60,2,1.0
16420001394683,52.089999999999996,60,2,0.868
16420001394889,65.0,50,2,1.3
16420001395086,74.0,50,2,1.48
16420001395087,74.0,50,2,1.48
16420001395088,75.3,50,2,1.506
16420001395171,59.235,50,4,1.185
16420001395172,56.01,50,4,1.12
16420001395211,30.0,50,4,0.6
16420001395306,26.014999999999997,50,3,0.52
16420001395308,29.58999999999999,50,2,0.592
16420001395418,76.0,50,2,1.52
16420001395968,30.0,50,4,0.6
16420001395969,29.30499999999999,50,4,0.586
16420001396179,47.0,30,4,1.567
16420001396180,46.0,30,4,1.533
16420001396297,27.1,60,2,0.452
16420001396382,27.4,50,6,0.548
16420001396424,40.0,60,2,0.667
16420001396425,37.48,60,2,0.625
16420001396427,59.0,50,2,1.18
16420001396495,30.0,50,4,0.6
16420001396581,49.0,50,3,0.98
16420001396587,36.0,50,3,0.72
16420001396655,47.0,50,6,0.94
16420001396673,51.935,50,2,1.039
16420001396835,71.0,50,4,1.42
16420001396849,65.0,60,2,1.083
16420001397007,29.0,30,2,0.967
16420001397039,44.0,50,3,0.88
16420001397154,48.0,50,2,0.96
16420001397685,60.0,50,2,1.2
16420001397846,36.0,50,5,0.72
16420001397848,35.175000000000004,50,5,0.704
16420001397849,65.0,60,2,1.083
16420001397850,65.0,60,2,1.083
16420001397851,64.0,60,2,1.067
16420001397852,66.0,60,2,1.1
16420001398210,53.989999999999995,60,2,0.9
16420001398222,54.0,50,2,1.08
16420001398263,80.30000000000001,30,1,2.677
16420001398345,82.0,80,1,1.025
16420001398402,34.8,50,5,0.696
16420001398404,30.759999999999998,50,5,0.615
16420001398422,45.0,50,3,0.9
16420001398701,35.0,30,2,1.167
16420001398702,35.0,30,2,1.167
16420001398843,46.0,50,6,0.92
16420001399543,27.0,50,2,0.54
16420001399864,63.0,50,4,1.26
16420001399865,57.0,50,4,1.14
16420001399948,45.6,50,6,0.912
16420001400079,50.0,50,6,1.0
16420001400109,28.0,50,4,0.56
16420001400720,33.075,50,4,0.662
16420001401138,51.0,50,2,1.02
16420001401253,43.0,50,4,0.86
16420001401359,32.0,50,3,0.64
16420001401591,47.1,50,6,0.942
16420001401700,50.0,50,2,1.0
16420001401771,81.0,30,1,2.7
16420001401921,91.0,50,2,1.82
16420001401922,89.0,50,2,1.78
16420001401923,89.0,50,2,1.78
16420001402192,33.0,30,4,1.1
16420001402193,31.0,30,4,1.033
16420001402374,71.0,80,2,0.888
16420001402514,25.4,50,4,0.508
16420001403439,60.985,50,2,1.22
16420001403662,41.0,50,2,0.82
16420001403663,37.0,30,2,1.233
16420001404134,56.0,30,2,1.867
16420001404135,56.0,30,2,1.867
16420001404183,40.0,50,5,0.8
16420001405664,28.0,60,2,0.467
16420001436738,52.539999999999985,50,4,1.051
16420001436739,50.0,40,4,1.25
16420001442116,40.0,50,5,0.8
16420001442117,30.0,50,5,0.6
16420001442121,57.19499999999999,50,4,1.144
16420001442128,57.0,50,4,1.14
16420001442133,50.0,50,2,1.0
16420001442139,57.0,30,2,1.9
16420001442143,61.0,50,4,1.22
16420001442153,45.0,50,6,0.9
16420001442161,34.0,50,4,0.68
16420001442182,65.0,50,4,1.3
16420001442199,41.81999999999999,50,6,0.836
16420001442200,63.0,50,2,1.26
16420001442240,26.0,50,5,0.52
16420001442249,47.0,50,2,0.94
16420001442259,99.0,90,1,1.1
16420001442266,62.0,50,2,1.24
16420001442274,53.0,50,4,1.06
16420001442303,57.14000000000001,30,2,1.905
16420001442331,53.0,50,6,1.06
16420001442339,66.0,50,4,1.32
16420001442382,48.0,50,2,0.96
16420001442383,32.0,50,3,0.64
16420001442412,37.0,50,5,0.74
16420001442413,46.3,50,5,0.926
16420001442428,94.0,90,1,1.044
16420001442442,48.0,50,5,0.96
16420001442484,57.6,30,2,1.92
16420001442487,38.0,50,4,0.76
16420001442498,75.89500000000001,70,3,1.084
16420001442502,43.5,50,2,0.87
16420001442511,32.05,50,5,0.641
16420001442539,55.0,50,6,1.1
16420001442555,45.25,50,6,0.905
16420001442572,33.77,50,3,0.675
16420001442573,36.0,50,3,0.72
16420001442580,12.0,50,6,0.24
16420001442612,55.8,50,4,1.116
16420001442633,15.0,50,6,0.3
16420001442649,46.7,50,3,0.934
16420001442653,17.0,30,6,0.567
16420001442656,44.91,50,6,0.898
16420001442657,60.0,50,3,1.2
16420001442659,65.42000000000002,50,2,1.308
16420001442660,41.0,90,3,0.456
16420001442662,41.0,50,4,0.82
16420001442689,40.0,50,3,0.8
16420001442704,26.0,50,4,0.52
16420001442710,26.524999999999995,50,4,0.53
16420001442725,31.0,50,4,0.62
16420001442726,27.0,50,4,0.54
16420001442738,46.2,50,4,0.924
16420001442739,55.0,50,4,1.1
16420001442742,46.0,50,3,0.92
16420001442744,45.0,50,2,0.9
16420001442755,35.955,50,6,0.719
16420001442795,56.0,50,4,1.12
16420001442807,49.0,50,3,0.98
16420001442808,69.0,90,1,0.767
16420001442814,57.0,50,4,1.14
16420001442831,42.0,50,6,0.84
16420001442892,34.0,50,6,0.68
16420001442917,35.0,50,3,0.7
16420001442946,23.389999999999997,50,3,0.468
16420001442973,23.0,50,4,0.46
16420001442983,40.0,50,2,0.8
16420001442984,43.0,50,2,0.86
16420001443004,46.0,50,3,0.92
16420001443028,54.0,50,3,1.08
16420001443077,28.0,50,6,0.56
16420001443103,26.0,50,3,0.52
16420001443122,50.0,50,3,1.0
16420001443134,66.0,50,2,1.32
16420001443146,36.0,50,2,0.72
16420001443250,33.129999999999995,50,4,0.663
16420001443262,47.58,40,3,1.19
16420001443288,48.0,50,5,0.96
16420001443317,14.5,50,3,0.29
16420001443395,35.0,50,6,0.7
16420001443427,56.0,50,4,1.12
16420001443531,48.0,50,4,0.96
16420001443558,42.95,50,2,0.859
16420001443614,50.0,50,3,1.0
16420001443616,36.0,50,4,0.72
16420001443655,30.0,50,6,0.6
16420001443667,37.0,50,6,0.74
16420001443682,33.81,50,6,0.676
16420001443769,60.0,50,3,1.2
16420001443773,54.0,50,3,1.08
16420001443864,58.0,50,4,1.16
16420001443914,77.0,90,3,0.856
16420001443915,77.0,90,3,0.856
16420001444020,45.07,50,6,0.901
16420001444170,34.0,30,6,1.133
16420001444252,36.0,50,4,0.72
16420001444263,36.25,50,2,0.725
16420001444267,62.0,50,2,1.24
16420001444274,40.0,30,3,1.333
16420001444302,72.0,50,3,1.44
16420001444364,47.0,50,2,0.94
16420001444433,32.3,50,3,0.646
16420001444471,56.0,30,2,1.867
16420001444534,41.71,50,6,0.834
16420001444571,33.0,50,6,0.66
16420001444603,71.0,50,2,1.42
16420001444735,38.0,50,2,0.76
16420001444819,44.720000000000006,50,2,0.894
16420001444846,62.0,50,2,1.24
16420001444849,57.0,50,4,1.14
16420001444851,61.0,50,3,1.22
16420001444925,63.0,50,3,1.26
16420001445069,72.0,50,2,1.44
16420001445252,75.3,90,1,0.837
16420001445261,69.0,50,3,1.38
16420001445305,45.0,50,3,0.9
16420001445310,52.0,50,3,1.04
16420001450312,41.0,50,3,0.82
16420001450333,46.0,30,1,1.533
16420001450334,47.0,30,1,1.567
16420001450382,30.094999999999995,60,2,0.502
16420001450423,36.0,50,4,0.72
16420001450484,46.74000000000001,60,2,0.779
16420001450485,47.67500000000001,60,2,0.795
16420001450542,23.0,90,3,0.256
16420001450561,27.0,50,4,0.54
16420001450586,22.0,30,6,0.733
16420001450612,39.0,50,4,0.78
16420001450620,26.0,50,3,0.52
16420001450624,37.0,50,4,0.74
16420001450753,25.0,50,3,0.5
16420001450755,63.64,50,3,1.273
16420001450757,63.7,50,3,1.274
16420001450785,28.7,50,3,0.574
16420001450794,44.0,50,4,0.88
16420001450837,30.31,50,4,0.606
16420001450917,38.0,50,3,0.76
16420001450918,39.0,50,3,0.78
16420001450923,41.0,50,2,0.82
16420001450925,16.879999999999995,50,4,0.338
16420001450942,38.0,30,3,1.267
16420001450958,36.0,30,3,1.2
16420001450981,39.0,50,4,0.78
16420001450989,33.0,50,4,0.66
16420001451026,23.2,50,4,0.464
16420001451059,104.0,100,1,1.04
16420001451060,100.3,100,1,1.003
16420001451090,30.96,50,6,0.619
16420001451123,38.0,50,3,0.76
16420001451165,27.7,50,2,0.554
16420001451166,34.77,50,2,0.695
16420001451185,36.660000000000004,50,6,0.733
16420001451218,72.0,40,2,1.8
16420001451303,40.0,50,3,0.8
16420001451308,35.0,50,4,0.7
16420001451309,34.0,50,4,0.68
16420001451311,41.06000000000002,50,3,0.821
16420001451339,75.435,40,2,1.886
16420001451367,38.0,50,3,0.76
16420001451396,29.1,50,6,0.582
16420001451434,33.73500000000001,50,2,0.675
16420001451442,40.784999999999975,50,2,0.816
16420001451466,100.6,100,1,1.006
16420001451474,30.0,50,4,0.6
16420001451556,77.0,90,3,0.856
16420001451664,24.0,50,4,0.48
16420001451702,104.1,100,1,1.041
16420001451732,37.0,50,4,0.74
16420001451746,24.0,50,3,0.48
16420001451831,22.54,60,2,0.376
16420001452330,54.2,50,4,1.084
16420001452331,54.2,50,4,1.084
16420001452364,44.1,50,4,0.882
16420001452425,46.0,60,2,0.767
16420001460686,47.0,50,4,0.94
16420001460697,51.0,50,4,1.02
16420001460700,48.0,50,4,0.96
16420001460705,37.0,50,4,0.74
16420001460728,44.0,50,4,0.88
16420001460743,53.0,50,4,1.06
16420001460746,55.64999999999998,50,3,1.113
16420001460747,57.4,50,3,1.148
16420001460764,23.0,50,6,0.46
16420001460783,83.0,70,3,1.186
16420001460799,37.7,50,6,0.754
16420001460803,42.0,50,5,0.84
16420001460832,51.0,50,4,1.02
16420001460834,33.92,50,6,0.678
16420001460843,29.0,50,3,0.58
16420001460846,55.0,50,4,1.1
16420001460861,54.0,50,4,1.08
16420001460879,27.15999999999999,50,3,0.543
16420001460906,49.32000000000001,50,4,0.986
16420001460924,26.0,50,6,0.52
16420001460929,54.919999999999995,50,4,1.098
16420001460930,49.794999999999995,50,4,0.996
16420001460933,57.0,50,4,1.14
16420001460944,86.0,70,3,1.229
16420001460971,39.45,50,6,0.789
16420001460977,51.185,50,4,1.024
16420001461013,41.0,50,4,0.82
16420001461014,45.1,50,4,0.902
16420001461015,45.0,50,4,0.9
16420001461045,41.63,50,6,0.833
16420001461133,37.0,50,6,0.74
16420001461146,42.0,30,6,1.4
16420001461184,61.0,50,4,1.22
16420001461185,61.855,50,4,1.237
16420001461195,52.0,50,4,1.04
16420001461206,63.0,50,4,1.26
16420001461207,50.585,50,4,1.012
16420001461216,45.61,50,4,0.912
16420001461217,48.0,50,4,0.96
16420001461231,34.6,50,6,0.692
16420001461240,44.0,50,4,0.88
16420001461246,45.0,50,4,0.9
16420001461248,46.0,50,4,0.92
16420001461288,37.0,50,6,0.74
16420001461291,36.35,50,6,0.727
16420001461292,46.54,50,4,0.931
16420001461295,83.0,70,3,1.186
16420001461319,49.0,50,4,0.98
16420001461338,58.519999999999996,50,4,1.17
16420001461350,49.510000000000005,50,4,0.99
16420001461372,45.0,50,4,0.9
16420001461382,51.0,50,4,1.02
16420001461383,51.0,50,4,1.02
16420001461485,84.0,70,3,1.2
16420001461554,46.5,50,4,0.93
16420001461560,18.099999999999998,50,3,0.362
16420001461561,28.764999999999997,50,3,0.575
16420001461622,34.0,50,3,0.68
16420001461626,33.9,30,6,1.13
16420001461653,61.0,50,4,1.22
16420001461690,62.0,50,4,1.24
16420001461731,40.0,50,4,0.8
16420001461767,30.7,30,6,1.023
16420001461768,34.85,30,6,1.162
16420001461804,42.0,30,6,1.4
16420001461830,40.269999999999996,50,5,0.805
16420001461869,79.8,70,3,1.14
16420001461915,37.55,50,6,0.751
16420001461925,32.26,30,6,1.075
16420001461937,31.0,50,3,0.62
16420001461989,21.0,50,3,0.42
16420001461997,53.2,50,4,1.064
16420001462042,35.0,50,4,0.7
16420001462056,32.8,50,6,0.656
16420001462058,47.0,50,4,0.94
16420001462071,38.0,30,6,1.267
16420001462084,34.75,50,6,0.695
16420001462097,38.0,50,6,0.76
16420001462143,52.0,50,4,1.04
16420001462186,33.480000000000004,50,6,0.67
16420001462194,29.0,30,6,0.967
16420001462234,43.0,50,4,0.86
16420001462245,35.0,50,6,0.7
16420001462296,86.0,70,3,1.229
16420001462309,37.0,30,6,1.233
16420001467392,24.95,30,6,0.832
16420001467414,25.0,30,6,0.833
16420001467418,23.15,30,6,0.772
16420001467419,42.0,50,6,0.84
16420001467424,35.0,30,6,1.167
16420001467428,32.6,50,6,0.652
16420001467435,23.93,50,6,0.479
16420001467484,41.135,50,6,0.823
16420001467495,34.0,30,6,1.133
16420001467497,36.0,50,6,0.72
16420001467499,19.0,50,6,0.38
16420001467505,21.63,50,6,0.433
16420001467511,27.4,50,6,0.548
16420001467543,30.75,50,6,0.615
16420001467546,20.7,50,6,0.414
16420001467548,16.400000000000006,50,5,0.328
16420001467549,17.8,50,5,0.356
16420001467557,66.0,50,3,1.32
16420001467568,39.14,50,6,0.783
16420001467580,45.0,50,6,0.9
16420001467597,25.095,30,6,0.836
16420001467613,38.88999999999999,50,6,0.778
16420001467624,36.0,30,6,1.2
16420001467625,39.0,50,6,0.78
16420001467642,27.2,18,4,1.511
16420001467653,38.0,50,6,0.76
16420001467654,36.0,50,6,0.72
16420001467655,19.085,50,6,0.382
16420001467658,25.0,30,6,0.833
16420001467662,54.0,50,3,1.08
16420001467680,25.7,50,6,0.514
16420001467683,21.174999999999997,30,6,0.706
16420001467685,28.55,30,6,0.952
16420001467692,21.0,50,6,0.42
16420001467698,49.345,50,6,0.987
16420001467699,56.205000000000005,30,6,1.874
16420001467701,20.55,30,6,0.685
16420001467712,37.25,50,6,0.745
16420001467718,28.8,30,6,0.96
16420001467735,41.0,30,6,1.367
16420001467768,16.8,30,6,0.56
16420001467800,33.0,50,6,0.66
16420001467807,25.0,30,6,0.833
16420001467822,49.0,50,6,0.98
16420001467824,37.62999999999999,30,6,1.254
16420001467849,28.0,50,6,0.56
16420001467853,35.6,50,6,0.712
16420001467862,37.0,50,6,0.74
16420001467863,23.285,50,6,0.466
16420001467869,26.0,50,6,0.52
16420001467880,35.3,30,6,1.177
16420001467889,25.0,50,6,0.5
16420001467895,27.789999999999996,30,6,0.926
16420001467901,24.799999999999997,30,6,0.827
16420001467914,59.0,30,2,1.967
16420001467915,64.94,30,2,2.165
16420001467917,69.0,60,2,1.15
16420001467919,57.0,30,2,1.9
16420001467920,67.0,30,2,2.233
16420001467928,45.0,50,6,0.9
16420001467931,36.43999999999998,30,6,1.215
16420001467949,21.0,50,6,0.42
16420001467953,33.0,40,6,0.825
16420001467971,34.2,50,6,0.684
16420001467983,31.0,30,6,1.033
16420001467990,85.0,70,3,1.214
16420001467995,57.0,50,3,1.14
16420001468003,36.55,30,6,1.218
16420001468011,25.1,50,6,0.502
16420001468012,35.945,50,6,0.719
16420001468014,41.849999999999994,50,6,0.837
16420001468023,39.0,30,6,1.3
16420001468031,27.099999999999998,50,6,0.542
16420001468034,21.0,50,6,0.42
16420001468036,37.0,50,6,0.74
16420001468040,33.55,50,6,0.671
16420001468051,51.0,50,3,1.02
16420001468056,45.3,30,4,1.51
16420001468057,29.2,50,6,0.584
16420001468061,38.0,30,6,1.267
16420001468062,31.0,50,6,0.62
16420001468066,44.0,60,4,0.733
16420001468115,22.9,50,6,0.458
16420001468121,43.915,50,6,0.878
16420001468126,30.0,30,6,1.0
16420001468129,50.0,50,3,1.0
16420001468133,41.0,30,6,1.367
16420001468136,26.5,30,6,0.883
16420001468157,40.0,50,6,0.8
16420001468172,19.8,50,6,0.396
16420001468177,24.1,30,6,0.803
16420001468212,34.0,50,6,0.68
16420001468237,32.0,50,6,0.64
16420001468243,42.0,30,6,1.4
16420001468245,41.0,50,5,0.82
16420001468268,31.1,30,6,1.037
16420001468281,28.0,30,6,0.933
16420001468282,36.615,30,6,1.221
16420001468283,35.0,50,6,0.7
16420001468300,23.0,50,6,0.46
16420001468322,43.0,18,6,2.389
16420001468326,30.5,30,6,1.017
16420001468329,32.9,30,6,1.097
16420001468336,22.0,30,6,0.733
16420001468340,29.0,30,5,0.967
16420001468343,36.0,30,6,1.2
16420001468356,32.4,50,6,0.648
16420001468359,26.6,50,6,0.532
16420001468377,47.55,30,6,1.585
16420001468381,40.0,50,6,0.8
16420001468382,34.0,30,6,1.133
16420001468411,35.0,30,6,1.167
16420001468413,36.955,50,6,0.739
16420001468420,25.0,30,6,0.833
16420001468424,27.0,30,6,0.9
16420001468425,33.0,30,6,1.1
16420001468432,30.24,30,6,1.008
16420001468437,33.25,30,6,1.108
16420001468440,30.0,30,6,1.0
16420001468470,39.0,30,6,1.3
16420001468494,32.65,30,6,1.088
16420001468514,22.38,50,6,0.448
16420001468522,34.0,50,6,0.68
16420001468540,41.0,50,5,0.82
16420001468553,30.0,50,3,0.6
16420001468567,39.0,50,6,0.78
16420001468569,35.7,50,6,0.714
16420001468570,31.0,50,6,0.62
16420001468585,38.0,50,6,0.76
16420001468590,46.0,30,6,1.533
16420001468591,51.0,30,6,1.7
16420001468597,29.0,30,6,0.967
16420001468600,39.0,60,2,0.65
16420001468615,36.0,60,2,0.6
16420001468616,46.0,60,2,0.767
16420001468627,25.6,50,6,0.512
16420001468628,24.0,50,6,0.48
16420001468629,29.0,50,2,0.58
16420001468633,13.7,30,6,0.457
16420001468635,35.15,30,6,1.172
16420001468642,28.5,50,6,0.57
16420001468661,34.0,50,6,0.68
16420001468684,36.0,30,6,1.2
16420001468685,28.0,50,6,0.56
16420001468693,37.9,30,6,1.263
16420001468696,40.0,50,4,0.8
16420001468718,40.0,30,2,1.333
16420001468733,49.0,50,3,0.98
16420001468756,19.14999999999999,30,6,0.638
16420001468766,54.0,50,3,1.08
16420001468796,56.0,50,2,1.12
16420001468797,25.5,30,6,0.85
16420001468808,23.0,50,6,0.46
16420001468812,29.604999999999997,30,6,0.987
16420001468813,41.2,50,6,0.824
16420001468814,34.87,50,6,0.697
16420001468816,31.84,30,6,1.061
16420001468821,29.8,30,6,0.993
16420001468833,42.61,50,6,0.852
16420001468850,47.0,50,6,0.94
16420001468853,42.0,30,6,1.4
16420001468854,31.0,50,6,0.62
16420001468858,39.8,30,6,1.327
16420001468859,63.0,50,6,1.26
16420001468860,54.0,30,6,1.8
16420001468861,52.0,50,6,1.04
16420001468863,41.0,50,6,0.82
16420001468891,42.0,50,6,0.84
16420001468908,34.5,30,6,1.15
16420001468915,46.51999999999998,60,3,0.775
16420001468926,28.0,50,6,0.56
16420001468948,42.0,60,2,0.7
16420001468954,45.5,30,6,1.517
16420001468963,33.0,50,6,0.66
16420001468973,28.8,30,6,0.96
16420001468979,26.0,30,4,0.867
16420001469016,36.0,30,6,1.2
16420001469087,27.4,30,6,0.913
16420001469104,51.0,50,3,1.02
16420001469107,38.0,50,6,0.76
16420001469123,36.0,50,6,0.72
16420001469170,35.0,30,6,1.167
16420001469185,33.0,50,6,0.66
16420001469186,47.0,50,6,0.94
16420001469193,39.85,30,6,1.328
16420001469196,30.0,50,6,0.6
16420001469197,35.0,50,6,0.7
16420001469200,40.0,50,6,0.8
16420001469213,27.799999999999997,30,6,0.927
16420001469214,35.4,50,6,0.708
16420001469216,21.449999999999996,30,6,0.715
16420001469225,33.0,50,6,0.66
16420001469263,19.55,30,6,0.652
16420001469296,22.0,50,6,0.44
16420001469297,56.67499999999998,30,4,1.889
16420001469299,58.0,50,4,1.16
16420001469354,21.0,30,6,0.7
16420001469369,27.0,50,6,0.54
16420001469371,55.88999999999999,50,6,1.118
16420001469372,30.0,30,6,1.0
16420001469378,36.9,50,6,0.738
16420001469384,23.0,50,6,0.46
16420001469393,20.7,30,6,0.69
16420001469397,40.95,30,6,1.365
16420001469416,29.474999999999984,30,6,0.982
16420001469432,58.0,60,3,0.967
16420001469460,33.2,50,6,0.664
16420001469462,27.15,50,6,0.543
16420001469518,96.715,80,0,1.209
16420001469519,90.0,80,0,1.125
16420001469544,15.419999999999998,50,6,0.308
16420001469549,11.0,50,6,0.22
16420001469568,20.539999999999996,50,6,0.411
16420001469582,27.09,30,5,0.903
16420001469583,24.0,30,6,0.8
16420001469586,30.0,30,6,1.0
16420001469590,21.995,30,6,0.733
16420001469598,22.0,50,6,0.44
16420001469631,37.32,30,6,1.244
16420001469646,32.0,60,2,0.533
16420001469680,27.0,50,6,0.54
16420001469691,41.9,50,6,0.838
16420001469710,64.0,50,2,1.28
16420001469711,68.0,50,2,1.36
16420001469745,40.0,50,6,0.8
16420001469746,35.0,50,6,0.7
16420001469758,32.85,50,6,0.657
16420001469765,33.35,30,6,1.112
16420001469769,22.0,50,6,0.44
16420001469794,38.0,60,3,0.633
16420001469817,42.0,50,2,0.84
16420001469830,36.105,50,6,0.722
16420001469831,37.0,50,6,0.74
16420001469843,37.0,50,6,0.74
16420001469868,36.6,30,6,1.22
16420001469891,55.105000000000004,50,3,1.102
16420001469907,50.0,50,3,1.0
16420001469909,40.0,50,6,0.8
16420001469917,37.0,30,6,1.233
16420001469959,43.0,50,3,0.86
16420001469983,26.24,30,6,0.875
16420001469988,42.09,50,6,0.842
16420001470000,36.865,30,6,1.229
16420001470013,65.0,50,2,1.3
16420001470015,27.0,50,6,0.54
16420001470050,41.0,50,2,0.82
16420001470059,37.15,30,6,1.238
16420001470069,54.49999999999998,50,3,1.09
16420001470086,41.0,50,6,0.82
16420001470102,31.75,30,6,1.058
16420001470115,40.14,30,6,1.338
16420001470128,24.5,30,6,0.817
16420001470140,23.75,30,6,0.792
16420001470162,62.0,43,3,1.442
16420001470169,38.25,30,6,1.275
16420001470182,38.3,50,6,0.766
16420001470189,51.0,50,3,1.02
16420001470192,26.0,30,6,0.867
16420001470207,45.8,30,6,1.527
16420001470210,44.0,30,6,1.467
16420001470212,48.599999999999994,30,6,1.62
16420001470234,36.0,50,6,0.72
16420001470271,28.0,30,6,0.933
16420001470292,53.0,50,3,1.06
16420001470295,62.0,45,3,1.378
16420001470312,37.55,30,6,1.252
16420001470315,35.0,50,6,0.7
16420001470332,46.0,60,3,0.767
16420001470338,35.545,50,6,0.711
16420001470342,29.4,30,6,0.98
16420001470349,26.0,50,6,0.52
16420001470377,40.0,50,6,0.8
16420001470380,40.0,50,6,0.8
16420001470411,46.0,60,4,0.767
16420001470433,37.0,50,6,0.74
16420001470436,32.0,30,6,1.067
16420001470437,57.0,50,3,1.14
16420001470443,23.25,30,6,0.775
16420001470447,20.25,50,6,0.405
16420001470456,26.955,30,6,0.898
16420001470484,20.0,30,6,0.667
16420001470488,32.0,40,6,0.8
16420001470492,29.5,30,6,0.983
16420001470516,54.0,50,3,1.08
16420001470527,29.15,30,6,0.972
16420001470531,24.0,30,6,0.8
16420001470545,25.0,30,6,0.833
16420001470579,46.8,50,4,0.936
16420001470607,34.07,30,6,1.136
16420001470629,42.0,50,6,0.84
16420001470649,38.0,30,6,1.267
16420001470650,46.0,50,6,0.92
16420001470683,16.0,30,6,0.533
16420001470717,56.0,50,3,1.12
16420001470724,36.05,30,6,1.202
16420001470756,52.0,60,2,0.867
16420001470762,29.479999999999997,30,6,0.983
16420001470803,42.0,30,4,1.4
16420001470853,56.379999999999974,50,3,1.128
16420001470865,34.0,50,6,0.68
16420001470912,31.0,30,6,1.033
16420001470916,22.34,30,6,0.745
16420001470955,34.0,50,6,0.68
16420001470959,24.0,30,6,0.8
16420001470970,33.2,30,6,1.107
16420001470971,26.55,30,6,0.885
16420001470983,45.0,30,6,1.5
16420001470998,32.0,50,6,0.64
16420001470999,28.0,50,6,0.56
16420001471062,49.0,50,6,0.98
16420001471067,56.0,50,4,1.12
16420001471078,35.64,50,6,0.713
16420001471108,35.519999999999996,30,6,1.184
16420001471130,37.05,30,6,1.235
16420001471137,37.0,50,6,0.74
16420001471138,26.0,30,6,0.867
16420001471153,46.0,60,3,0.767
16420001471169,57.0,50,3,1.14
16420001471180,40.35,50,6,0.807
16420001471182,31.0,30,6,1.033
16420001471183,24.0,30,6,0.8
16420001471218,34.055,30,6,1.135
16420001471241,36.339999999999996,50,6,0.727
16420001471246,47.0,50,4,0.94
16420001471254,37.0,50,3,0.74
16420001471258,79.0,70,3,1.129
16420001471295,50.0,50,3,1.0
16420001471333,30.155,30,6,1.005
16420001471334,27.77,50,6,0.555
16420001471335,41.0,30,6,1.367
16420001471382,22.474999999999998,30,6,0.749
16420001471394,46.0,50,3,0.92
16420001471410,33.0,50,6,0.66
16420001471411,83.0,70,3,1.186
16420001471452,56.0,30,6,1.867
16420001471465,30.0,30,4,1.0
16420001471492,49.0,30,6,1.633
16420001471523,34.0,50,6,0.68
16420001471564,30.0,30,6,1.0
16420001471569,29.04,30,6,0.968
16420001471574,48.0,25,4,1.92
16420001471580,52.0,50,3,1.04
16420001471636,26.0,30,6,0.867
16420001471645,25.279999999999998,30,6,0.843
16420001471648,26.0,30,6,0.867
16420001471672,56.58,50,3,1.132
16420001471686,15.0,30,6,0.5
16420001471708,25.43,30,6,0.848
16420001471738,47.0,50,4,0.94
16420001471746,33.035,30,6,1.101
16420001471753,26.0,50,6,0.52
16420001471760,60.879999999999995,25,4,2.435
16420001471802,54.0,60,3,0.9
16420001471830,52.0,60,3,0.867
16420001471844,41.685,50,6,0.834
16420001471847,44.0,50,3,0.88
16420001471858,39.0,30,6,1.3
16420001471874,37.0,30,2,1.233
16420001471875,63.0,50,2,1.26
16420001471889,32.0,50,6,0.64
16420001471900,24.0,30,6,0.8
16420001471977,38.65,30,6,1.288
16420001472013,7.0,30,6,0.233
16420001472025,33.0,30,6,1.1
16420001472043,28.04,50,6,0.561
16420001472062,16.0,50,6,0.32
16420001473000,59.2,50,3,1.184
16420001473052,56.0,50,3,1.12
16420001473058,36.015,50,3,0.72
16420001473124,51.0,50,3,1.02
16420001473228,38.214999999999996,50,5,0.764
16420001473260,46.0,50,6,0.92
16420001473306,28.3,50,6,0.566
16420001473328,45.52499999999999,50,6,0.91
16420001473367,24.829999999999995,50,6,0.497
16420001473479,39.5,50,3,0.79
16420001473556,45.0,30,6,1.5
16420001473640,57.03,60,4,0.95
16420001473641,46.1,60,4,0.768
16420001473642,57.0,60,4,0.95
16420001473644,28.48,50,6,0.57
16420001473653,24.0,50,6,0.48
16420001473721,43.0,50,4,0.86
16420001473745,52.0,60,2,0.867
16420001473746,46.0,50,6,0.92
16420001473748,52.0,50,4,1.04
16420001473756,28.555,50,6,0.571
16420001473825,43.0,50,6,0.86
16420001473869,29.990000000000002,50,6,0.6
16420001473872,37.0,30,5,1.233
16420001473900,45.39,30,6,1.513
16420001473931,84.0,30,1,2.8
16420001474018,36.0,50,6,0.72
16420001474061,58.0,50,4,1.16
16420001474062,44.0,50,4,0.88
16420001474119,56.7,60,2,0.945
16420001474223,30.0,50,1,0.6
16420001474415,43.0,50,6,0.86
16420001474597,91.0,70,1,1.3
16420001474635,18.240000000000002,30,6,0.608
16420001474643,59.0,50,3,1.18
16420001474656,87.0,30,1,2.9
16420001474681,29.8,50,6,0.596
16420001474823,81.0,30,1,2.7
16420001474992,58.0,50,3,1.16
16420001475215,33.254999999999995,50,6,0.665
16420001475406,30.224999999999998,50,6,0.604
16420001475487,89.0,70,1,1.271
16420001478337,49.0,50,4,0.98
16420001478338,51.0,50,4,1.02
16420001478339,43.0,50,4,0.86
16420001478340,56.0,50,4,1.12
16420001478341,54.0,50,4,1.08
16420001478342,50.0,50,4,1.0
16420001478344,43.64,50,4,0.873
16420001478346,45.0,50,4,0.9
16420001478347,7.205000000000001,50,4,0.144
16420001478359,34.0,50,6,0.68
16420001478378,14.0,50,4,0.28
16420001478379,26.0,50,4,0.52
16420001478402,26.0,50,2,0.52
16420001478445,33.615,50,6,0.672
16420001478448,36.0,50,6,0.72
16420001478552,30.0,50,4,0.6
16420001478597,104.0,100,1,1.04
16420001478618,45.0,50,6,0.9
16420001478776,32.9,50,6,0.658
16420001478857,45.0,50,4,0.9
16420001478881,17.5,50,5,0.35
16420001478929,41.099999999999966,50,4,0.822
16420001478930,44.0,50,4,0.88
16420001478936,31.0,50,5,0.62
16420001478944,65.065,50,4,1.301
16420001478991,29.9,50,5,0.598
16420001478992,40.0,50,5,0.8
16420001479024,45.0,50,4,0.9
16420001479027,47.239999999999995,50,4,0.945
16420001479032,43.055,50,4,0.861
16420001479093,30.52,50,4,0.61
16420001479094,24.0,50,4,0.48
16420001479095,31.0,50,4,0.62
16420001479096,29.0,50,4,0.58
16420001479167,25.0,50,3,0.5
16420001479168,24.0,50,3,0.48
16420001479288,52.0,60,2,0.867
16420001479290,65.0,60,2,1.083
16420001479291,65.0,60,2,1.083
16420001479383,66.0,50,4,1.32
16420001479479,24.1,50,5,0.482
16420001479681,13.0,50,5,0.26
16420001479737,34.065,50,6,0.681
16420001479771,53.0,50,4,1.06
16420001479976,28.5,50,5,0.57
16420001480080,40.57000000000001,50,3,0.811
16420001480204,41.0,50,6,0.82
16420001480236,22.0,50,4,0.44
16420001480345,45.019999999999996,50,4,0.9
16420001480395,31.0,50,4,0.62
16420001480553,31.0,50,6,0.62
16420001480554,31.38500000000001,50,6,0.628
16420001480677,45.355,50,4,0.907
16420001480678,40.160000000000004,50,4,0.803
16420001480694,30.0,50,5,0.6
16420001480804,59.4,50,3,1.188
16420001481031,42.480000000000004,30,6,1.416
16420001481118,34.455,50,6,0.689
16420001481481,33.0,50,6,0.66
16420001481547,42.0,50,6,0.84
16420001481608,29.0,50,2,0.58
16420001481611,27.65,50,5,0.553
16420001481679,27.0,50,4,0.54
16420001481728,45.0,50,3,0.9
16420001482000,37.0,50,6,0.74
16420001482014,104.2,100,1,1.042
16420001482396,23.0,50,3,0.46
16420001482437,54.0,50,4,1.08
16420001482482,25.11,50,4,0.502
16420001483116,23.0,50,3,0.46
16420001483278,40.57999999999999,50,4,0.812
16420001483288,49.559999999999995,50,4,0.991
16420001483291,65.0,30,2,2.167
16420001483292,40.0,50,4,0.8
16420001483293,34.0,50,4,0.68
16420001483294,36.0,50,4,0.72
16420001483302,46.0,50,4,0.92
16420001483306,73.01,50,2,1.46
16420001483309,51.035000000000004,50,2,1.021
16420001483310,30.0,50,2,0.6
16420001483314,32.05,50,4,0.641
16420001483317,46.0,50,3,0.92
16420001483332,38.0,50,4,0.76
16420001483334,63.535000000000004,50,3,1.271
16420001483341,44.0,50,5,0.88
16420001483342,35.175000000000004,50,5,0.704
16420001483361,38.0,50,4,0.76
16420001483362,32.0,50,4,0.64
16420001483370,72.0,50,2,1.44
16420001483371,72.0,50,2,1.44
16420001483394,39.0,50,5,0.78
16420001483399,51.27,50,4,1.025
16420001483404,33.0,50,2,0.66
16420001483417,24.0,40,2,0.6
16420001483445,57.0,50,3,1.14
16420001483455,32.0,50,2,0.64
16420001483456,41.78999999999999,50,4,0.836
16420001483465,29.830000000000002,30,4,0.994
16420001483469,48.0,60,2,0.8
16420001483470,50.0,60,2,0.833
16420001483471,26.0,50,2,0.52
16420001483472,28.0,50,2,0.56
16420001483476,17.4,90,1,0.193
16420001483480,43.0,50,5,0.86
16420001483481,43.1,50,4,0.862
16420001483489,35.0,50,4,0.7
16420001483507,29.82499999999999,40,6,0.746
16420001483508,28.575000000000003,30,4,0.953
16420001483517,61.0,90,3,0.678
16420001483519,62.0,50,3,1.24
16420001483520,74.0,90,3,0.822
16420001483521,61.0,90,3,0.678
16420001483523,63.0,50,3,1.26
16420001483542,72.6,80,2,0.908
16420001483546,41.0,50,3,0.82
16420001483548,63.75999999999999,90,1,0.708
16420001483550,36.0,50,5,0.72
16420001483551,31.0,50,5,0.62
16420001483552,18.0,50,5,0.36
16420001483561,27.0,50,4,0.54
16420001483562,11.0,50,4,0.22
16420001483576,42.0,30,6,1.4
16420001483579,34.894999999999996,50,3,0.698
16420001483583,23.0,90,1,0.256
16420001483605,71.0,80,2,0.888
16420001483607,60.0,50,3,1.2
16420001483611,36.0,50,4,0.72
16420001483618,63.2,50,3,1.264
16420001483620,52.0,50,4,1.04
16420001483627,17.0,50,3,0.34
16420001483628,28.6,50,4,0.572
16420001483642,27.1,50,2,0.542
16420001483645,28.7,50,4,0.574
16420001483646,30.0,50,4,0.6
16420001483656,43.9,50,2,0.878
16420001483658,43.0,50,2,0.86
16420001483668,46.470000000000006,50,2,0.929
16420001483691,62.849999999999994,50,3,1.257
16420001483698,53.6,50,3,1.072
16420001483701,51.73,50,2,1.035
16420001483702,50.2,50,2,1.004
16420001483703,49.0,50,2,0.98
16420001483709,56.0,50,3,1.12
16420001483735,38.0,30,2,1.267
16420001483736,37.755,30,2,1.259
16420001483780,42.3,50,4,0.846
16420001483786,63.0,50,4,1.26
16420001483794,68.0,50,2,1.36
16420001483795,67.21000000000001,60,2,1.12
16420001483796,67.0,50,2,1.34
16420001483797,67.0,50,2,1.34
16420001483805,28.0,50,6,0.56
16420001483808,61.88999999999999,50,4,1.238
16420001483814,32.08999999999998,50,4,0.642
16420001483822,43.35,50,3,0.867
16420001483831,24.0,30,4,0.8
16420001483832,24.0,30,4,0.8
16420001483837,33.4,50,6,0.668
16420001483859,63.0,50,3,1.26
16420001483874,26.9,50,4,0.538
16420001483875,22.079999999999995,50,4,0.442
16420001483881,49.0,50,3,0.98
16420001483882,42.7,50,3,0.854
16420001483900,63.0,50,3,1.26
16420001483920,35.0,50,4,0.7
16420001483921,36.7,50,4,0.734
16420001483962,30.905,30,2,1.03
16420001483970,22.0,50,4,0.44
16420001483973,42.0,30,6,1.4
16420001483981,63.0,50,4,1.26
16420001484013,24.0,50,4,0.48
16420001484039,35.47,50,4,0.709
16420001484044,64.11,50,2,1.282
16420001484046,48.48499999999998,50,3,0.97
16420001484047,46.0,50,3,0.92
16420001484063,35.9,50,6,0.718
16420001484064,39.1,50,6,0.782
16420001484066,18.0,50,4,0.36
16420001484080,37.0,50,4,0.74
16420001484087,37.5,50,4,0.75
16420001484088,37.0,50,4,0.74
16420001484120,16.914999999999996,50,3,0.338
16420001484131,63.80500000000001,50,3,1.276
16420001484142,44.144999999999996,50,3,0.883
16420001484143,52.0,50,3,1.04
16420001484144,47.0,50,3,0.94
16420001484173,34.589999999999996,50,4,0.692
16420001484176,39.0,50,2,0.78
16420001484211,56.0,50,3,1.12
16420001484217,49.0,50,2,0.98
16420001484221,64.1,50,2,1.282
16420001484230,46.0,60,2,0.767
16420001484240,74.0,50,3,1.48
16420001484244,29.1,40,6,0.728
16420001484289,63.0,50,3,1.26
16420001484295,50.4,50,3,1.008
16420001484301,52.0,50,3,1.04
16420001484310,52.0,50,4,1.04
16420001484370,29.0,50,3,0.58
16420001484374,28.0,50,4,0.56
16420001484381,73.0,50,2,1.46
16420001484396,26.479999999999993,30,2,0.883
16420001484402,30.0,40,2,0.75
16420001484407,44.0,50,3,0.88
16420001484416,41.754999999999995,60,2,0.696
16420001484455,28.1,60,2,0.468
16420001484462,47.10999999999999,60,3,0.785
16420001484508,30.0,60,2,0.5
16420001484510,72.0,90,1,0.8
16420001484513,72.0,90,1,0.8
16420001484540,55.8,50,3,1.116
16420001484564,38.98,50,2,0.78
16420001484600,39.0,50,5,0.78
16420001484619,94.44000000000001,80,2,1.18
16420001484625,27.0,50,2,0.54
16420001484644,71.7,50,2,1.434
16420001484645,71.83500000000001,50,2,1.437
16420001484757,48.0,50,3,0.96
16420001484762,37.0,50,4,0.74
16420001484763,23.0,50,4,0.46
16420001484770,30.229999999999997,50,3,0.605
16420001484771,42.3,50,3,0.846
16420001484772,45.0,50,3,0.9
16420001484815,41.84499999999999,90,3,0.465
16420001484829,50.0,50,3,1.0
16420001484833,54.0,50,3,1.08
16420001484861,45.0,50,4,0.9
16420001484928,53.0,50,4,1.06
16420001484937,55.0,50,3,1.1
16420001485017,74.73999999999998,50,3,1.495
16420001487705,40.0,50,5,0.8
16420001487706,37.499999999999986,50,5,0.75
16420001487772,42.0,50,2,0.84
16420001487781,35.0,50,5,0.7
16420001487787,49.0,50,2,0.98
16420001487803,41.0,50,3,0.82
16420001487804,42.0,50,3,0.84
16420001487815,40.0,30,2,1.333
16420001487839,56.635000000000005,60,2,0.944
16420001487840,56.0,60,2,0.933
16420001487855,49.0,50,5,0.98
16420001487870,37.885,33,2,1.148
16420001487983,56.4,50,2,1.128
16420001487994,38.0,50,5,0.76
16420001488010,56.0,30,2,1.867
16420001488023,56.0,50,5,1.12
16420001488028,38.935,60,2,0.649
16420001488029,38.5,60,2,0.642
16420001488056,55.0,50,3,1.1
16420001488090,55.0,90,3,0.611
16420001488097,48.0,50,4,0.96
16420001488104,101.07999999999998,100,1,1.011
16420001488117,47.0,50,2,0.94
16420001488118,39.0,50,3,0.78
16420001488123,56.0,90,3,0.622
16420001488140,46.0,50,4,0.92
16420001488152,56.0,90,3,0.622
16420001488160,32.0,50,6,0.64
16420001488170,54.230000000000004,50,5,1.085
16420001488202,35.5,18,2,1.972
16420001488242,55.0,50,3,1.1
16420001488243,54.0,50,4,1.08
16420001488244,57.0,50,4,1.14
16420001488251,46.0,50,3,0.92
16420001488252,58.0,30,2,1.933
16420001488253,58.0,30,2,1.933
16420001488285,49.0,50,2,0.98
16420001488301,29.0,50,2,0.58
16420001488305,49.3,50,4,0.986
16420001488316,44.0,50,5,0.88
16420001488373,56.0,50,2,1.12
16420001488383,37.56999999999999,50,4,0.751
16420001488390,39.0,50,4,0.78
16420001488391,41.0,50,4,0.82
16420001488405,36.725,50,6,0.734
16420001488414,50.0,50,4,1.0
16420001488419,103.0,100,1,1.03
16420001488434,38.64999999999999,50,5,0.773
16420001488466,52.7,50,2,1.054
16420001488480,56.0,50,3,1.12
16420001488485,17.0,50,6,0.34
16420001488487,55.0,50,3,1.1
16420001488507,50.0,90,3,0.556
16420001488516,25.0,50,3,0.5
16420001488517,27.814999999999998,50,3,0.556
16420001488547,46.0,50,3,0.92
16420001488568,28.0,50,4,0.56
16420001488617,55.044999999999995,50,4,1.101
16420001488631,35.1,50,6,0.702
16420001488634,53.0,90,3,0.589
16420001488665,38.0,50,3,0.76
16420001488680,57.0,50,2,1.14
16420001488681,57.639999999999986,50,2,1.153
16420001488690,27.7,50,3,0.554
16420001488696,40.0,50,4,0.8
16420001488728,35.3,50,4,0.706
16420001488729,47.0,90,3,0.522
16420001488733,34.2,50,3,0.684
16420001488738,38.77,50,3,0.775
16420001488775,55.0,50,3,1.1
16420001488856,69.3,70,3,0.99
16420001488857,37.0,50,6,0.74
16420001488877,43.540000000000006,30,6,1.451
16420001488892,55.0,50,5,1.1
16420001488926,24.394999999999996,50,6,0.488
16420001488962,36.92999999999999,50,5,0.739
16420001488963,34.419999999999995,50,5,0.688
16420001488973,50.0,50,4,1.0
16420001488996,62.0,50,2,1.24
16420001489010,42.0,30,6,1.4
16420001489019,20.0,50,4,0.4
16420001489021,94.8,100,1,0.948
16420001489037,32.8,50,6,0.656
16420001489067,50.0,60,2,0.833
16420001489073,68.0,50,2,1.36
16420001489075,68.0,50,2,1.36
16420001489097,33.099999999999994,50,6,0.662
16420001489101,29.9,50,5,0.598
16420001489102,35.0,50,5,0.7
16420001489109,32.0,50,3,0.64
16420001489111,30.0,30,2,1.0
16420001489119,49.0,50,4,0.98
16420001489156,54.0,50,2,1.08
16420001489169,28.424999999999997,50,3,0.568
16420001489181,57.0,30,2,1.9
16420001489189,60.0,50,2,1.2
16420001489279,60.7,50,2,1.214
16420001489313,51.0,100,1,0.51
16420001489351,43.0,50,4,0.86
16420001489390,55.0,50,4,1.1
16420001489413,42.849999999999994,50,6,0.857
16420001489422,52.0,50,4,1.04
16420001489455,50.0,50,3,1.0
16420001489474,36.08999999999999,50,5,0.722
16420001489493,47.30000000000001,50,5,0.946
16420001489559,56.8,100,1,0.568
16420001489700,51.0,50,2,1.02
16420001489706,26.95,50,5,0.539
16420001489736,57.0,50,3,1.14
16420001489801,47.44,50,4,0.949
16420001489908,65.0,50,1,1.3
16420001489909,94.865,100,1,0.949
16420001489910,49.0,50,1,0.98
16420001489915,24.175,50,5,0.484
16420001490098,51.11000000000001,50,3,1.022
16420001490123,55.0,50,3,1.1
16420001490127,55.0,50,4,1.1
16420001490136,57.0,50,4,1.14
16420001490163,44.0,50,4,0.88
16420001490171,55.33,50,2,1.107
16420001490199,56.0,60,2,0.933
16420001490466,23.0,50,4,0.46
16420001490532,35.0,50,4,0.7
16420001490578,39.0,50,3,0.78
16420001490670,27.0,50,6,0.54
16420001490919,45.8,50,1,0.916
16420001491012,48.31999999999999,50,4,0.966
16420001498943,35.0,50,6,0.7
16420001498945,54.0,50,2,1.08
16420001498998,56.375,30,4,1.879
16420001499006,49.0,50,4,0.98
16420001499029,35.665,50,3,0.713
16420001499030,41.2,50,3,0.824
16420001499037,36.0,50,6,0.72
16420001499045,56.0,30,4,1.867
16420001499049,34.0,50,6,0.68
16420001499073,59.0,50,2,1.18
16420001499158,47.0,50,4,0.94
16420001499175,55.0,50,4,1.1
16420001499222,48.76,50,4,0.975
16420001499407,78.55,50,1,1.571
16420001499412,79.2,50,1,1.584
16420001499506,49.0,50,6,0.98
16420001499732,44.0,30,5,1.467
16420001499733,49.0,50,5,0.98
16420001499734,32.685,30,6,1.09
16420001499772,74.0,90,3,0.822
16420001499773,66.0,90,3,0.733
16420001499774,73.0,90,3,0.811
16420001499775,63.0,90,3,0.7
16420001499776,73.92500000000001,90,3,0.821
16420001499960,44.0,30,6,1.467
16420001499961,37.980000000000004,50,4,0.76
16420001499990,55.0,50,4,1.1
16420001500017,49.0,50,4,0.98
16420001500286,45.8,30,5,1.527
16420001500317,49.0,50,5,0.98
16420001500399,56.0,50,4,1.12
16420001500959,23.1,50,6,0.462
16420001500992,20.7,50,6,0.414
16420001504792,48.0,50,5,0.96
16420001504800,47.434999999999995,50,5,0.949
16420001504812,70.7,90,3,0.786
16420001504837,40.0,30,6,1.333
16420001504853,47.0,50,3,0.94
16420001504859,98.0,90,1,1.089
16420001504886,73.025,50,3,1.461
16420001504890,45.47,50,6,0.909
16420001504912,56.0,50,3,1.12
16420001504981,46.0,30,3,1.533
16420001505043,73.0,50,3,1.46
16420001505078,47.0,50,3,0.94
16420001505091,72.92500000000001,50,3,1.459
16420001505139,71.0,50,3,1.42
16420001505140,93.08,90,1,1.034
16420001505188,76.60499999999999,70,3,1.094
16420001505242,40.0,50,6,0.8
16420001505249,63.6,50,3,1.272
16420001505250,72.345,70,3,1.034
16420001505251,50.0,50,3,1.0
16420001505386,89.0,70,2,1.271
16420001505387,89.0,70,2,1.271
16420001505388,89.105,70,2,1.273
16420001505397,53.7,50,2,1.074
16420001505400,17.0,50,3,0.34
16420001505403,54.0,50,3,1.08
16420001505410,43.0,50,4,0.86
16420001505413,30.0,60,2,0.5
16420001505422,37.0,50,4,0.74
16420001505504,63.1,50,4,1.262
16420001505507,53.1,50,3,1.062
16420001505525,49.0,50,6,0.98
16420001505533,16.0,50,3,0.32
16420001505534,33.75999999999999,50,3,0.675
16420001505549,44.0,30,4,1.467
16420001505569,30.825,50,6,0.616
16420001505585,41.0,50,4,0.82
16420001505605,47.0,50,4,0.94
16420001505606,50.6,50,4,1.012
16420001505618,29.579999999999973,50,2,0.592
16420001505652,65.39999999999999,50,4,1.308
16420001505653,65.03999999999999,50,4,1.301
16420001505699,35.0,50,4,0.7
16420001505700,55.0,30,4,1.833
16420001505701,50.0,50,4,1.0
16420001505702,44.8,50,4,0.896
16420001505703,48.0,50,4,0.96
16420001505704,54.0,30,4,1.8
16420001505709,32.0,50,6,0.64
16420001505711,57.470000000000006,60,2,0.958
16420001505712,66.0,60,2,1.1
16420001505718,42.6,50,3,0.852
16420001505729,49.0,60,2,0.817
16420001505820,47.0,50,3,0.94
16420001505821,46.0,50,3,0.92
16420001505824,47.0,50,3,0.94
16420001505825,25.700000000000003,50,6,0.514
16420001505898,60.1,50,4,1.202
16420001505907,53.0,50,3,1.06
16420001505979,64.0,60,2,1.067
16420001505980,63.7,60,2,1.062
16420001505990,38.5,50,6,0.77
16420001505999,37.0,50,3,0.74
16420001506022,27.0,50,6,0.54
16420001506023,35.0,50,6,0.7
16420001506063,38.0,30,6,1.267
16420001506066,37.1,50,6,0.742
16420001506069,42.0,50,4,0.84
16420001506071,39.474999999999966,50,3,0.789
16420001506085,37.08,30,6,1.236
16420001506096,38.025,30,6,1.267
16420001506102,40.0,50,2,0.8
16420001506315,34.0,30,6,1.133
16420001506348,15.0,30,6,0.5
16420001506351,46.0,50,2,0.92
16420001506352,33.0,50,2,0.66
16420001506353,39.0,50,2,0.78
16420001506354,52.0,50,2,1.04
16420001506375,63.07,50,3,1.261
16420001506376,60.0,50,3,1.2
16420001506377,63.0,50,3,1.26
16420001506378,61.0,40,2,1.525
16420001506379,62.0,50,3,1.24
16420001506380,89.0,50,2,1.78
16420001506381,89.0,50,2,1.78
16420001506382,64.0,40,2,1.6
16420001506383,89.0,50,2,1.78
16420001506386,51.0,50,3,1.02
16420001506387,50.0,50,3,1.0
16420001506390,44.2,60,2,0.737
16420001506421,34.0,50,6,0.68
16420001506422,27.0,50,6,0.54
16420001506423,40.0,30,6,1.333
16420001506430,24.0,30,6,0.8
16420001506433,64.0,50,2,1.28
16420001506436,58.81,60,4,0.98
16420001506458,42.86,50,2,0.857
16420001506470,30.049999999999983,30,6,1.002
16420001506471,37.96,30,6,1.265
16420001506474,31.0,50,5,0.62
16420001506488,26.0,50,4,0.52
16420001506491,19.084999999999997,50,4,0.382
16420001506499,26.0,30,5,0.867
16420001506518,28.954999999999995,50,2,0.579
16420001506519,46.81999999999998,50,2,0.936
16420001506521,51.0,50,4,1.02
16420001506531,52.0,50,6,1.04
16420001506597,37.0,50,6,0.74
16420001506629,37.5,40,4,0.938
16420001506631,33.4,30,5,1.113
16420001506648,38.68999999999998,40,4,0.967
16420001506668,42.0,30,6,1.4
16420001506683,42.075,30,6,1.402
16420001506684,45.0,20,6,2.25
16420001506746,64.9,50,4,1.298
16420001506787,33.0,30,2,1.1
16420001506791,26.0,30,6,0.867
16420001506796,46.59,50,4,0.932
16420001506797,56.0,50,6,1.12
16420001506798,37.864999999999995,60,4,0.631
16420001506804,48.714999999999996,50,2,0.974
16420001506810,51.0,50,2,1.02
16420001506831,42.379999999999995,50,4,0.848
16420001506852,48.0,50,3,0.96
16420001506853,27.0,50,4,0.54
16420001506859,24.55,30,6,0.818
16420001506890,50.0,50,4,1.0
16420001506891,37.0,50,4,0.74
16420001506911,57.4,30,2,1.913
16420001506920,50.0,60,2,0.833
16420001506926,33.45,50,4,0.669
16420001506936,29.0,30,6,0.967
16420001506937,25.0,50,4,0.5
16420001506953,56.5,50,2,1.13
16420001506979,59.0,50,3,1.18
16420001507028,52.0,50,2,1.04
16420001507029,29.0,50,3,0.58
16420001507030,38.3,50,3,0.766
16420001507033,28.0,50,3,0.56
16420001507057,32.055,50,2,0.641
16420001507061,22.0,50,4,0.44
16420001507072,32.0,50,3,0.64
16420001507080,39.0,30,4,1.3
16420001507083,45.0,30,6,1.5
16420001507099,28.0,50,4,0.56
16420001507121,49.0,50,3,0.98
16420001507150,53.0,50,4,1.06
16420001507153,50.0,40,4,1.25
16420001507155,47.915,50,4,0.958
16420001507183,36.0,50,4,0.72
16420001507185,44.0,50,6,0.88
16420001507192,34.0,50,4,0.68
16420001507193,36.2,50,4,0.724
16420001507194,33.0,50,2,0.66
16420001507212,54.0,50,4,1.08
16420001507234,45.0,50,4,0.9
16420001507235,44.66,50,4,0.893
16420001507242,52.0,50,2,1.04
16420001507244,46.0,50,2,0.92
16420001507246,52.0,50,4,1.04
16420001507251,37.0,60,2,0.617
16420001507258,58.0,50,6,1.16
16420001507265,50.0,30,6,1.667
16420001507275,41.0,50,6,0.82
16420001507305,34.85,30,6,1.162
16420001507326,62.535000000000004,50,2,1.251
16420001507328,30.0,30,6,1.0
16420001507332,35.0,30,5,1.167
16420001507389,41.36,50,2,0.827
16420001507390,29.0,50,2,0.58
16420001507400,39.0,50,2,0.78
16420001507401,34.115,50,2,0.682
16420001507406,36.0,50,4,0.72
16420001507408,45.0,50,4,0.9
16420001507409,40.0,50,4,0.8
16420001507418,33.8,50,4,0.676
16420001507419,51.0,60,4,0.85
16420001507420,52.0,60,4,0.867
16420001507445,36.73,50,4,0.735
16420001507465,44.99,50,4,0.9
16420001507477,38.0,50,2,0.76
16420001507499,53.28999999999999,50,6,1.066
16420001507501,26.03,30,6,0.868
16420001507516,28.3,50,4,0.566
16420001507521,61.835,60,3,1.031
16420001507522,47.0,60,2,0.783
16420001507524,49.0,60,2,0.817
16420001507527,36.0,60,4,0.6
16420001507547,54.0,50,4,1.08
16420001507548,40.0,50,4,0.8
16420001507573,40.0,50,4,0.8
16420001507581,29.44,30,6,0.981
16420001507601,50.379999999999974,50,3,1.008
16420001507610,52.4,50,3,1.048
16420001507611,43.0,60,2,0.717
16420001507617,53.48,60,2,0.891
16420001507621,90.0,80,1,1.125
16420001507623,90.0,80,1,1.125
16420001507631,59.0,60,2,0.983
16420001507632,49.0,60,2,0.817
16420001507633,32.7,50,5,0.654
16420001507634,23.0,50,5,0.46
16420001507635,22.0,50,5,0.44
16420001507636,31.0,50,5,0.62
16420001507649,48.0,50,4,0.96
16420001507650,47.0,50,4,0.94
16420001507661,33.22,30,2,1.107
16420001507676,62.0,50,2,1.24
16420001507677,62.0,50,2,1.24
16420001507678,49.0,50,2,0.98
16420001507679,68.0,40,2,1.7
16420001507680,70.0,50,2,1.4
16420001507681,52.0,50,2,1.04
16420001507682,29.0,50,3,0.58
16420001507684,33.7,50,4,0.674
16420001507706,41.01,50,4,0.82
16420001507728,35.0,50,2,0.7
16420001507729,35.6,50,2,0.712
16420001507733,23.0,50,4,0.46
16420001507737,22.4,50,4,0.448
16420001507739,42.0,50,2,0.84
16420001507747,65.1,50,4,1.302
16420001507748,66.0,50,4,1.32
16420001507755,27.244999999999997,30,6,0.908
16420001507808,28.0,50,3,0.56
16420001507848,35.0,50,4,0.7
16420001507866,20.0,60,2,0.333
16420001507870,34.0,30,6,1.133
16420001507872,36.92999999999999,40,4,0.923
16420001507876,55.0,50,6,1.1
16420001507883,29.0,30,4,0.967
16420001507896,42.0,50,5,0.84
16420001507910,62.1,50,3,1.242
16420001507915,38.790000000000006,50,5,0.776
16420001507916,28.8,30,6,0.96
16420001507954,53.0,50,4,1.06
16420001507955,27.0,50,4,0.54
16420001507957,61.0,60,3,1.017
16420001507964,33.0,50,6,0.66
16420001507998,42.0,30,5,1.4
16420001507999,55.0,60,2,0.917
16420001508000,61.0,60,2,1.017
16420001508001,48.0,60,2,0.8
16420001508002,38.0,60,2,0.633
16420001508003,52.32,60,2,0.872
16420001508005,47.2,60,2,0.787
16420001508006,44.0,60,2,0.733
16420001508013,26.95,30,6,0.898
16420001508014,58.91,30,2,1.964
16420001508015,55.0,30,2,1.833
16420001508020,43.0,50,4,0.86
16420001508034,37.0,50,4,0.74
16420001508035,40.0,19,4,2.105
16420001508036,20.849999999999998,50,4,0.417
16420001508037,31.9,50,4,0.638
16420001508045,25.335,30,6,0.844
16420001508078,55.0,50,3,1.1
16420001508088,44.525,50,2,0.89
16420001508090,33.0,50,6,0.66
16420001508094,30.0,50,2,0.6
16420001508113,39.0,50,2,0.78
16420001508134,26.0,50,2,0.52
16420001508173,64.0,50,3,1.28
16420001508174,65.66,50,3,1.313
16420001508175,61.0,50,3,1.22
16420001508192,43.60999999999998,50,6,0.872
16420001508193,36.0,50,6,0.72
16420001508197,51.0,50,4,1.02
16420001508284,41.23,60,2,0.687
16420001508300,56.0,60,4,0.933
16420001508301,61.655,60,4,1.028
16420001508302,55.0,60,4,0.917
16420001508321,50.0,60,2,0.833
16420001508327,51.3,40,4,1.282
16420001508328,39.0,40,4,0.975
16420001508351,32.0,30,6,1.067
16420001508365,70.535,60,2,1.176
16420001508368,37.7,60,4,0.628
16420001508389,24.0,30,6,0.8
16420001508397,24.0,30,6,0.8
16420001508405,27.889999999999997,30,6,0.93
16420001508490,52.0,50,4,1.04
16420001508513,58.0,30,2,1.933
16420001508542,38.4,50,6,0.768
16420001508552,35.775000000000006,50,4,0.716
16420001508571,66.0,50,2,1.32
16420001508629,26.0,60,2,0.433
16420001508630,47.945,60,2,0.799
16420001508653,43.94499999999999,50,2,0.879
16420001508669,24.0,50,3,0.48
16420001508670,26.0,50,3,0.52
16420001508788,27.775,30,6,0.926
16420001508880,35.010000000000005,40,4,0.875
16420001508888,59.0,30,2,1.967
16420001508897,37.0,30,4,1.233
16420001508901,41.0,50,6,0.82
16420001508908,52.0,50,4,1.04
16420001508921,38.0,50,2,0.76
16420001508928,51.0,50,4,1.02
16420001508931,27.715,30,5,0.924
16420001508933,52.0,50,3,1.04
16420001508938,49.0,50,3,0.98
16420001508940,25.64,30,5,0.855
16420001508946,31.97,50,6,0.639
16420001508947,34.0,30,6,1.133
16420001508952,45.0,34,4,1.324
16420001508956,52.0,50,2,1.04
16420001508960,54.870000000000005,50,2,1.097
16420001508981,49.0,60,2,0.817
16420001508984,81.0,70,3,1.157
16420001508987,68.0,70,3,0.971
16420001509008,22.0,50,4,0.44
16420001509021,49.0,30,4,1.633
16420001509026,96.0,90,1,1.067
16420001509027,94.0,90,1,1.044
16420001509028,89.735,90,1,0.997
16420001509029,96.8,90,1,1.076
16420001509032,39.220000000000006,50,2,0.784
16420001509071,33.0,50,2,0.66
16420001509099,46.0,50,3,0.92
16420001509114,22.0,50,2,0.44
16420001509151,46.0,50,3,0.92
16420001509152,30.919999999999998,50,4,0.618
16420001509154,27.0,50,5,0.54
16420001509172,52.349999999999966,50,3,1.047
16420001509183,48.0,50,2,0.96
16420001509184,32.3,50,6,0.646
16420001509225,64.0,50,4,1.28
16420001509226,64.0,50,4,1.28
16420001509234,27.0,30,6,0.9
16420001509242,71.0,60,2,1.183
16420001509243,71.0,60,2,1.183
16420001509244,69.0,60,2,1.15
16420001509257,31.685,30,6,1.056
16420001509295,47.8,60,2,0.797
16420001509334,58.0,50,4,1.16
16420001509348,45.0,50,4,0.9
16420001509350,58.0,60,2,0.967
16420001509354,40.0,50,2,0.8
16420001509358,31.0,60,2,0.517
16420001509386,41.0,50,5,0.82
16420001509399,24.0,30,6,0.8
16420001509431,29.0,50,3,0.58
16420001509454,32.0,50,2,0.64
16420001509457,31.0,50,3,0.62
16420001509458,41.0,50,3,0.82
16420001509459,39.0,50,3,0.78
16420001509460,35.0,50,3,0.7
16420001509471,52.0,50,4,1.04
16420001509518,44.0,60,2,0.733
16420001509534,40.1,60,2,0.668
16420001509542,52.0,50,2,1.04
16420001509571,38.2,50,3,0.764
16420001509604,30.8,30,6,1.027
16420001509648,29.0,50,5,0.58
16420001509660,51.0,50,4,1.02
16420001509661,51.3,50,4,1.026
16420001509714,40.0,60,2,0.667
16420001509775,49.0,50,4,0.98
16420001509776,50.0,50,4,1.0
16420001509797,41.0,50,4,0.82
16420001509807,31.0,50,2,0.62
16420001509815,38.559999999999995,50,4,0.771
16420001509817,37.51,30,5,1.25
16420001509827,51.21,50,4,1.024
16420001509828,59.0,60,4,0.983
16420001509908,35.565,50,2,0.711
16420001509949,43.2,50,3,0.864
16420001509979,31.0,30,6,1.033
16420001510022,45.529999999999994,50,2,0.911
16420001510046,45.0,60,2,0.75
16420001510081,57.06999999999999,50,4,1.141
16420001510125,31.0,50,5,0.62
16420001510137,32.0,30,5,1.067
16420001510169,45.0,50,4,0.9
16420001510247,36.0,50,6,0.72
16420001510305,32.0,50,5,0.64
16420001510309,33.0,30,5,1.1
16420001510394,31.38,30,6,1.046
16420001510396,32.665,60,2,0.544
16420001510397,63.0,50,2,1.26
16420001510405,53.045,50,4,1.061
16420001510410,48.0,50,6,0.96
16420001510412,29.0,50,2,0.58
16420001510413,33.0,50,3,0.66
16420001510415,32.2,50,3,0.644
16420001510505,48.0,60,2,0.8
16420001510554,33.0,30,6,1.1
16420001510616,49.7,50,4,0.994
16420001510620,40.15,30,5,1.338
16420001510644,51.0,60,2,0.85
16420001510672,41.3,50,2,0.826
16420001510698,27.0,50,4,0.54
16420001510699,26.729999999999993,50,4,0.535
16420001510722,24.0,30,6,0.8
16420001510743,47.0,50,6,0.94
16420001510755,39.95,50,4,0.799
16420001510768,38.0,60,2,0.633
16420001510771,31.0,30,6,1.033
16420001510786,38.75,30,6,1.292
16420001510788,66.0,70,4,0.943
16420001510820,31.0,30,6,1.033
16420001510853,46.0,50,4,0.92
16420001510884,47.435,60,2,0.791
16420001510889,51.0,30,4,1.7
16420001510890,53.0,30,4,1.767
16420001510895,28.0,50,2,0.56
16420001510896,40.0,50,2,0.8
16420001510924,26.0,50,2,0.52
16420001510925,45.0,50,5,0.9
16420001510931,33.0,30,6,1.1
16420001510954,59.0,60,2,0.983
16420001510955,59.379999999999995,60,2,0.99
16420001510961,24.0,60,4,0.4
16420001511016,43.68,50,2,0.874
16420001511017,41.0,50,2,0.82
16420001511064,55.0,60,3,0.917
16420001511082,32.0,30,6,1.067
16420001511123,41.0,60,2,0.683
16420001511262,26.75,50,4,0.535
16420001511286,55.0,50,2,1.1
16420001511331,38.0,50,2,0.76
16420001511332,51.81999999999999,30,2,1.727
16420001511334,33.0,60,4,0.55
16420001511353,27.819999999999993,30,6,0.927
16420001511417,38.9,50,6,0.778
16420001511424,43.0,60,2,0.717
16420001511489,58.545,50,3,1.171
16420001511496,33.3,30,6,1.11
16420001511525,33.95,30,6,1.132
16420001511542,63.0,90,1,0.7
16420001511862,51.75,50,2,1.035
16420001511938,27.6,30,6,0.92
16420001511949,22.875,50,5,0.458
16420001512089,33.86,50,2,0.677
16420001512095,47.0,50,6,0.94
16420001512199,32.75,50,6,0.655
16420001512200,37.0,50,6,0.74
16420001512226,58.0,50,4,1.16
16420001512332,76.0,90,1,0.844
16420001512655,25.0,30,6,0.833
16420001512715,26.0,50,6,0.52
16420001512718,56.78999999999999,50,4,1.136
16420001512827,32.0,30,6,1.067
16420001512904,47.12,50,4,0.942
16420001513218,47.0,50,6,0.94
16420001513294,29.0,50,5,0.58
16420001513295,26.28,30,6,0.876
16420001523578,48.6,50,4,0.972
16420001523579,53.0,50,4,1.06
16420001523610,31.0,50,6,0.62
16420001523647,46.0,50,4,0.92
16420001523648,48.0,50,4,0.96
16420001523724,44.0,50,4,0.88
16420001523732,38.0,50,4,0.76
16420001523756,26.0,30,4,0.867
16420001523797,31.4,50,6,0.628
16420001523803,25.0,50,6,0.5
16420001523834,48.0,50,3,0.96
16420001523836,48.7,50,3,0.974
16420001523837,58.0,50,3,1.16
16420001523844,32.0,50,6,0.64
16420001523857,30.835,50,6,0.617
16420001523877,33.400000000000006,18,6,1.856
16420001523912,62.0,50,2,1.24
16420001523913,62.0,50,2,1.24
16420001523969,26.349999999999994,50,6,0.527
16420001524055,32.0,50,6,0.64
16420001524060,29.0,18,6,1.611
16420001524157,32.28,30,6,1.076
16420001524830,25.98,50,4,0.52
16420001524901,19.30000000000001,50,4,0.386
16420001525079,45.0,50,4,0.9
16420001525097,41.0,50,4,0.82
16420001525250,36.0,50,6,0.72
16420001525403,35.0,50,6,0.7
16420001526110,43.0,60,4,0.717
16420001526212,41.0,60,4,0.683
16420001526213,49.30000000000001,60,4,0.822
16420001527608,45.0,50,4,0.9
16420001527612,44.0,50,4,0.88
16420001527633,34.0,50,5,0.68
16420001527640,24.0,50,5,0.48
16420001528567,43.0,50,6,0.86
16420001528599,23.7,30,6,0.79
16420001528617,31.25,50,6,0.625
16420001528649,50.0,18,5,2.778
16420001528683,21.5,50,6,0.43
16420001528707,32.19,30,6,1.073
16420001528716,33.0,50,6,0.66
16420001528734,32.0,50,6,0.64
16420001528763,36.88,30,6,1.229
16420001528784,44.065,30,5,1.469
16420001528809,48.0,50,3,0.96
16420001528833,29.0,30,6,0.967
16420001528840,25.0,50,3,0.5
16420001528846,21.0,50,6,0.42
16420001528852,31.2,50,5,0.624
16420001528853,31.0,18,5,1.722
16420001528880,30.0,50,6,0.6
16420001528883,31.909999999999997,50,6,0.638
16420001528888,30.0,30,6,1.0
16420001528890,30.0,50,6,0.6
16420001528909,37.6,50,4,0.752
16420001528948,29.0,30,6,0.967
16420001528962,24.74,30,6,0.825
16420001529046,30.0,50,5,0.6
16420001529055,27.5,30,6,0.917
16420001529065,40.0,50,5,0.8
16420001529084,29.0,30,4,0.967
16420001529087,20.6,50,3,0.412
16420001529105,25.2,30,6,0.84
16420001529107,40.0,30,4,1.333
16420001529152,27.105,30,6,0.904
16420001529215,24.0,30,6,0.8
16420001529223,78.4,70,1,1.12
16420001529225,31.169999999999995,18,5,1.732
16420001529233,47.9,30,4,1.597
16420001529234,48.6,30,4,1.62
16420001529239,36.0,50,6,0.72
16420001529243,33.0,50,3,0.66
16420001529271,42.0,50,6,0.84
16420001529284,52.71000000000001,50,3,1.054
16420001529322,35.0,50,6,0.7
16420001529324,23.0,30,6,0.767
16420001529349,46.0,50,5,0.92
16420001529427,25.0,50,6,0.5
16420001529445,30.0,50,6,0.6
16420001529478,39.0,50,6,0.78
16420001529517,30.0,30,6,1.0
16420001529535,48.809999999999995,30,4,1.627
16420001529738,42.0,30,5,1.4
16420001529764,45.0,40,6,1.125
16420001529792,33.0,30,2,1.1
16420001529803,56.0,50,3,1.12
16420001529939,32.50999999999999,50,6,0.65
16420001529960,52.0,50,3,1.04
16420001529980,35.75,30,6,1.192
16420001530057,38.0,50,6,0.76
16420001530058,27.58,30,6,0.919
16420001530060,29.0,50,6,0.58
16420001530070,35.5,50,6,0.71
16420001530082,46.0,50,4,0.92
16420001530120,35.0,50,4,0.7
16420001530133,22.1,30,6,0.737
16420001530137,57.589999999999996,50,4,1.152
16420001530305,44.0,30,6,1.467
16420001530327,37.0,50,4,0.74
16420001530430,29.0,50,6,0.58
16420001530438,36.0,50,4,0.72
16420001530440,32.0,50,4,0.64
16420001530443,35.0,30,4,1.167
16420001530453,35.0,50,5,0.7
16420001530484,47.3,50,4,0.946
16420001530524,38.0,50,6,0.76
16420001530553,25.315,50,6,0.506
16420001530593,55.0,50,3,1.1
16420001530633,24.0,30,6,0.8
16420001530634,33.05,50,6,0.661
16420001530794,26.159999999999997,30,6,0.872
16420001530803,30.75,50,6,0.615
16420001530880,28.25,50,6,0.565
16420001530960,25.0,50,6,0.5
16420001531014,25.0,50,6,0.5
16420001531025,37.7,50,6,0.754
16420001531028,26.54,50,6,0.531
16420001531060,28.659999999999997,30,6,0.955
16420001531081,69.195,90,1,0.769
16420001531122,24.4,30,6,0.813
16420001531130,30.900000000000006,50,5,0.618
16420001531163,26.0,30,6,0.867
16420001531213,30.0,30,6,1.0
16420001531227,44.0,90,3,0.489
16420001531273,59.0,30,1,1.967
16420001531274,61.5,50,1,1.23
16420001531286,35.0,50,3,0.7
16420001531287,39.0,50,3,0.78
16420001531295,35.0,30,2,1.167
16420001531332,60.0,50,4,1.2
16420001531333,65.82000000000001,50,4,1.316
16420001531334,65.95,50,4,1.319
16420001531385,43.8,30,6,1.46
16420001531521,38.95,30,6,1.298
16420001531569,35.9,50,6,0.718
16420001531585,46.0,50,4,0.92
16420001531588,39.0,30,4,1.3
16420001531602,33.55499999999999,50,6,0.671
16420001531627,47.0,30,4,1.567
16420001531628,47.0,30,4,1.567
16420001531651,21.89,50,6,0.438
16420001531670,28.25,50,6,0.565
16420001531797,38.0,50,6,0.76
16420001531798,30.0,30,6,1.0
16420001531847,51.0,30,1,1.7
16420001531886,33.78,50,6,0.676
16420001531891,33.0,30,6,1.1
16420001531909,44.9,50,5,0.898
16420001531939,31.0,50,6,0.62
16420001531973,30.0,30,6,1.0
16420001531995,49.0,50,3,0.98
16420001532034,73.0,90,1,0.811
16420001532060,22.0,50,6,0.44
16420001532061,22.199999999999996,50,6,0.444
16420001532105,54.3,60,2,0.905
16420001532202,50.46,50,4,1.009
16420001532243,36.0,30,2,1.2
16420001532249,30.3,30,6,1.01
16420001532304,37.7,50,6,0.754
16420001532330,28.0,30,6,0.933
16420001532405,80.0,50,1,1.6
16420001532480,26.19,30,6,0.873
16420001532594,25.0,30,5,0.833
16420001532630,71.0,80,2,0.888
16420001532687,46.3,30,4,1.543
16420001532695,34.6,50,6,0.692
16420001532697,36.0,30,6,1.2
16420001532766,63.8,50,3,1.276
16420001532767,63.0,30,3,2.1
16420001532874,42.0,30,6,1.4
16420001532877,38.8,30,6,1.293
16420001532908,26.0,50,5,0.52
16420001532909,35.88,50,6,0.718
16420001533103,30.5,30,6,1.017
16420001533149,32.3,30,6,1.077
16420001533268,27.834999999999997,50,6,0.557
16420001533270,45.0,50,6,0.9
16420001533320,53.0,50,2,1.06
16420001533346,34.0,30,6,1.133
16420001533376,31.0,50,6,0.62
16420001533462,31.0,30,6,1.033
16420001533493,35.0,50,6,0.7
16420001533521,32.5,30,4,1.083
16420001533585,46.0,30,2,1.533
16420001533586,69.28999999999999,50,2,1.386
16420001533597,31.759999999999998,30,6,1.059
16420001533721,30.14,30,6,1.005
16420001533740,49.25999999999999,50,2,0.985
16420001533750,46.0,70,1,0.657
16420001533755,29.5,30,6,0.983
16420001536595,39.650000000000006,50,4,0.793
16420001536823,72.0,50,3,1.44
16420001536826,47.0,50,4,0.94
16420001536842,67.475,30,3,2.249
16420001536843,26.0,50,6,0.52
16420001536878,49.449999999999996,50,4,0.989
16420001537012,24.909999999999993,50,4,0.498
16420001537039,23.0,30,6,0.767
16420001537040,37.4,50,6,0.748
16420001537172,48.42999999999999,50,4,0.969
16420001537294,27.240000000000006,50,4,0.545
16420001537314,52.57000000000001,50,4,1.051
16420001537665,29.0,50,6,0.58
16420001537666,23.0,30,6,0.767
16420001537839,43.8,50,2,0.876
16420001537840,50.3,50,2,1.006
16420001538192,31.14,50,4,0.623
16420001538299,60.0,50,2,1.2
16420001538419,47.9,50,4,0.958
16420001538489,35.02,50,4,0.7
16420001538628,60.0,50,3,1.2
16420001538656,24.759999999999998,50,5,0.495
16420001539317,72.0,30,3,2.4
16420001539345,65.0,40,3,1.625
16420001539426,62.0,30,3,2.067
16420001548609,38.0,50,4,0.76
16420001548636,34.2,50,2,0.684
16420001548637,32.21000000000001,50,2,0.644
16420001548638,55.0,50,2,1.1
16420001548639,43.0,50,2,0.86
16420001548656,32.0,30,4,1.067
16420001548698,60.0,60,2,1.0
16420001548713,29.1,30,4,0.97
16420001548714,24.0,30,4,0.8
16420001548716,38.0,30,4,1.267
16420001548854,19.0,30,4,0.633
16420001548965,46.0,50,2,0.92
16420001548970,48.46499999999999,50,2,0.969
16420001548971,60.0,50,2,1.2
16420001548972,54.0,50,2,1.08
16420001548973,58.0,50,2,1.16
16420001548974,47.0,50,2,0.94
16420001549040,44.0,50,2,0.88
16420001549051,22.6,50,2,0.452
16420001549121,58.0,50,4,1.16
16420001549160,58.225,50,2,1.164
16420001549221,42.519999999999996,50,3,0.85
16420001549268,56.0,50,2,1.12
16420001549294,59.0,60,2,0.983
16420001549327,59.0,60,2,0.983
16420001549339,53.849999999999994,50,2,1.077
16420001549460,58.0,50,4,1.16
16420001549505,45.7,50,3,0.914
16420001549511,51.475,50,4,1.03
16420001549523,57.0,50,4,1.14
16420001549638,47.18,50,2,0.944
16420001549921,59.77,60,2,0.996
16420001549963,68.0,70,3,0.971
16420001550003,60.0,60,2,1.0
16420001550106,40.0,50,4,0.8
16420001550145,52.0,50,4,1.04
16420001550249,59.0,60,2,0.983
16420001550277,62.0,70,3,0.886
16420001552271,46.7,30,3,1.557
16420001552279,39.9,30,3,1.33
16420001552298,81.535,50,2,1.631
16420001552320,59.0,50,2,1.18
16420001552345,42.0,50,3,0.84
16420001552446,71.0,50,2,1.42
16420001552464,33.0,50,3,0.66
16420001552466,70.0,50,2,1.4
16420001552488,46.0,50,4,0.92
16420001552491,52.86499999999999,50,2,1.057
16420001552503,32.720000000000006,50,4,0.654
16420001552511,39.0,50,4,0.78
16420001552512,35.0,50,4,0.7
16420001552515,38.925,50,4,0.778
16420001552559,29.0,50,3,0.58
16420001552560,32.0,50,3,0.64
16420001552561,33.0,50,3,0.66
16420001552567,38.0,50,2,0.76
16420001552583,45.0,50,4,0.9
16420001552596,35.324999999999996,50,3,0.706
16420001552597,39.379999999999995,50,3,0.788
16420001552605,31.314999999999998,30,3,1.044
16420001552617,61.8,60,2,1.03
16420001552622,68.57999999999997,50,2,1.372
16420001552623,69.0,50,2,1.38
16420001552624,70.0,50,2,1.4
16420001552625,70.7,50,2,1.414
16420001552626,70.0,50,2,1.4
16420001552627,69.0,50,2,1.38
16420001552628,71.0,50,2,1.42
16420001552631,71.0,50,2,1.42
16420001552632,70.0,50,2,1.4
16420001552633,65.43499999999997,30,2,2.181
16420001552634,73.0,50,2,1.46
16420001552635,73.0,50,2,1.46
16420001552636,70.0,50,2,1.4
16420001552637,70.0,50,2,1.4
16420001552638,69.0,50,2,1.38
16420001552646,33.7,50,2,0.674
16420001552669,72.0,40,2,1.8
16420001552670,76.0,40,2,1.9
16420001552671,72.0,40,2,1.8
16420001552673,72.0,40,2,1.8
16420001552674,76.0,40,2,1.9
16420001552675,76.0,40,2,1.9
16420001552676,76.0,40,2,1.9
16420001552677,71.07000000000001,40,2,1.777
16420001552678,72.0,40,2,1.8
16420001552683,45.0,50,4,0.9
16420001552691,34.0,50,3,0.68
16420001552704,38.690000000000005,50,4,0.774
16420001552711,26.41999999999998,50,5,0.528
16420001552712,24.064999999999998,50,5,0.481
16420001552755,50.0,50,2,1.0
16420001552757,36.6,50,3,0.732
16420001552794,84.0,50,2,1.68
16420001552795,84.8,43,2,1.972
16420001552796,84.0,50,2,1.68
16420001552797,83.2,42,2,1.981
16420001552798,84.535,44,2,1.921
16420001552799,85.0,50,2,1.7
16420001552800,84.605,44,2,1.923
16420001552801,84.5,44,2,1.92
16420001552802,84.7,44,2,1.925
16420001552803,84.5,43,2,1.965
16420001552804,84.7,41,2,2.066
16420001552805,84.0,47,2,1.787
16420001552807,81.0,37,2,2.189
16420001552808,85.0,50,2,1.7
16420001552809,84.8,44,2,1.927
16420001552816,37.0,50,3,0.74
16420001552817,60.0,50,2,1.2
16420001552840,30.0,50,4,0.6
16420001552855,37.0,60,2,0.617
16420001552878,43.0,50,4,0.86
16420001552903,45.0,50,4,0.9
16420001552958,44.239999999999995,50,4,0.885
16420001552960,30.0,50,4,0.6
16420001552969,36.0,50,4,0.72
16420001552971,46.0,50,4,0.92
16420001552993,36.705000000000005,60,2,0.612
16420001553003,25.0,50,5,0.5
16420001553012,24.0,30,6,0.8
16420001553086,52.0,50,3,1.04
16420001553087,47.0,50,3,0.94
16420001553088,42.0,50,3,0.84
16420001553089,53.30499999999999,50,3,1.066
16420001553090,39.0,50,3,0.78
16420001553091,47.675000000000004,50,3,0.954
16420001553101,70.0,50,2,1.4
16420001553109,43.0,50,4,0.86
16420001553112,30.0,50,5,0.6
16420001553114,16.0,50,6,0.32
16420001553115,30.47,50,5,0.609
16420001553151,46.0,50,4,0.92
16420001553156,37.62,50,4,0.752
16420001553161,33.0,18,4,1.833
16420001553162,61.0,50,2,1.22
16420001553188,63.48,50,2,1.27
16420001553190,30.979999999999997,50,3,0.62
16420001553203,29.38,50,4,0.588
16420001553208,28.0,50,6,0.56
16420001553224,63.0,50,2,1.26
16420001553249,39.7,50,4,0.794
16420001553258,48.105000000000004,50,4,0.962
16420001553275,39.555,50,4,0.791
16420001553276,44.0,50,4,0.88
16420001553278,57.0,40,2,1.425
16420001553313,71.395,50,3,1.428
16420001553314,71.0,50,3,1.42
16420001553323,47.0,50,4,0.94
16420001553351,48.525,50,4,0.97
16420001553356,27.0,50,3,0.54
16420001553383,68.0,60,2,1.133
16420001553395,27.33000000000001,50,2,0.547
16420001553404,49.0,50,5,0.98
16420001553408,76.0,50,2,1.52
16420001553411,35.0,50,5,0.7
16420001553412,54.0,40,3,1.35
16420001553414,32.0,50,4,0.64
16420001553448,38.779999999999994,50,3,0.776
16420001553449,37.0,50,3,0.74
16420001553477,18.759999999999998,50,6,0.375
16420001553498,26.625,50,3,0.532
16420001553499,35.3,50,3,0.706
16420001553528,65.77000000000001,60,2,1.096
16420001553529,66.0,60,2,1.1
16420001553559,56.36999999999999,50,2,1.127
16420001553582,29.0,50,3,0.58
16420001553597,33.475,30,3,1.116
16420001553630,40.0,50,4,0.8
16420001553641,70.0,50,2,1.4
16420001553642,18.104999999999997,50,3,0.362
16420001553656,32.989999999999995,50,5,0.66
16420001553662,18.0,50,6,0.36
16420001553702,30.0,50,5,0.6
16420001553711,33.0,50,2,0.66
16420001553712,46.695,50,4,0.934
16420001553723,48.0,50,4,0.96
16420001553724,44.14,50,4,0.883
16420001553726,38.0,50,4,0.76
16420001553759,92.0,70,2,1.314
16420001553761,68.535,60,2,1.142
16420001553768,40.0,50,4,0.8
16420001553782,30.0,50,3,0.6
16420001553787,40.0,50,4,0.8
16420001553825,51.0,50,4,1.02
16420001553832,47.77,50,2,0.955
16420001553841,52.61000000000001,50,4,1.052
16420001553848,31.7,30,6,1.057
16420001553899,31.0,50,3,0.62
16420001553900,34.0,50,3,0.68
16420001553909,26.779999999999998,50,6,0.536
16420001553916,76.0,50,2,1.52
16420001553918,89.0,50,2,1.78
16420001553919,76.0,50,2,1.52
16420001553926,50.125,50,2,1.002
16420001553945,32.6,50,2,0.652
16420001553971,28.0,50,5,0.56
16420001553985,64.07,50,6,1.281
16420001553998,31.55,50,5,0.631
16420001554000,63.0,50,2,1.26
16420001554007,19.689999999999998,50,4,0.394
16420001554011,49.1,50,4,0.982
16420001554055,47.0,50,4,0.94
16420001554056,48.489999999999995,50,4,0.97
16420001554063,24.955000000000002,50,4,0.499
16420001554135,22.8,30,6,0.76
16420001554150,45.779999999999994,50,4,0.916
16420001554242,32.6,50,2,0.652
16420001554257,61.0,50,2,1.22
16420001554279,28.89,50,4,0.578
16420001554372,56.9,40,3,1.422
16420001554437,59.0,50,2,1.18
16420001554439,32.0,60,4,0.533
16420001554440,35.0,60,4,0.583
16420001554441,34.0,60,4,0.567
16420001554451,63.0,60,2,1.05
16420001554474,58.459999999999994,40,2,1.461
16420001554475,60.18999999999998,50,2,1.204
16420001554509,47.0,50,4,0.94
16420001554527,50.65,50,4,1.013
16420001554558,45.485,50,4,0.91
16420001554570,57.83999999999999,50,2,1.157
16420001554598,34.0,60,2,0.567
16420001554600,31.0,50,4,0.62
16420001554604,29.0,50,4,0.58
16420001554674,53.0,50,4,1.06
16420001554694,13.714999999999998,50,3,0.274
16420001554714,47.0,50,4,0.94
16420001554808,18.21,50,6,0.364
16420001554867,36.0,50,2,0.72
16420001554881,44.0,50,5,0.88
16420001554882,22.15,50,5,0.443
16420001554893,32.0,50,6,0.64
16420001554900,40.0,30,2,1.333
16420001554901,47.45,18,2,2.636
16420001554902,54.655,50,2,1.093
16420001554903,43.849999999999994,18,2,2.436
16420001554934,24.0,30,6,0.8
16420001554954,55.0,60,2,0.917
16420001554955,59.6,60,2,0.993
16420001554975,44.05,50,4,0.881
16420001555014,29.0,50,6,0.58
16420001555037,48.0,50,4,0.96
16420001555248,24.0,50,3,0.48
16420001555293,36.78999999999999,50,4,0.736
16420001555322,26.0,50,6,0.52
16420001563405,38.5,18,4,2.139
16420001563408,37.0,50,2,0.74
16420001563409,36.575,50,2,0.732
16420001563410,36.4,30,2,1.213
16420001563411,37.6,30,2,1.253
16420001563412,37.48999999999999,30,2,1.25
16420001563424,67.4,50,3,1.348
16420001563425,54.0,50,3,1.08
16420001563427,37.0,30,2,1.233
16420001563476,30.0,50,4,0.6
16420001563535,56.0,50,6,1.12
16420001563624,51.0,50,3,1.02
16420001563631,51.5,50,3,1.03
16420001563683,55.205,50,3,1.104
16420001563697,33.0,28,4,1.179
16420001563715,53.0,50,3,1.06
16420001563725,43.2,50,4,0.864
16420001563726,55.67,50,3,1.113
16420001563739,86.0,80,1,1.075
16420001563766,30.0,50,6,0.6
16420001563809,41.0,50,2,0.82
16420001563870,52.69999999999999,50,6,1.054
16420001563907,47.0,60,2,0.783
16420001563909,41.39999999999998,60,2,0.69
16420001563922,55.0,30,4,1.833
16420001563923,55.0,30,4,1.833
16420001563924,55.0,30,4,1.833
16420001563933,59.0,50,2,1.18
16420001564010,52.0,50,6,1.04
16420001564011,56.0,50,6,1.12
16420001564012,56.0,50,6,1.12
16420001564030,47.6,50,3,0.952
16420001564033,46.0,50,6,0.92
16420001564052,71.935,50,2,1.439
16420001564053,64.0,50,2,1.28
16420001564095,62.0,50,2,1.24
16420001564118,31.0,50,6,0.62
16420001564121,35.864999999999995,50,6,0.717
16420001564136,27.7,30,2,0.923
16420001564152,46.0,50,3,0.92
16420001564153,56.0,50,3,1.12
16420001564160,43.0,50,6,0.86
16420001564259,37.0,50,6,0.74
16420001564308,61.0,50,2,1.22
16420001564309,63.5,50,2,1.27
16420001564320,22.0,50,6,0.44
16420001564399,52.075,50,3,1.042
16420001564407,63.0,50,2,1.26
16420001564417,63.0,50,2,1.26
16420001564448,63.3,50,2,1.266
16420001564451,59.0,50,2,1.18
16420001564471,53.0,50,1,1.06
16420001564478,46.6,60,2,0.777
16420001564493,54.0,50,2,1.08
16420001564495,63.0,50,2,1.26
16420001564496,71.235,50,2,1.425
16420001564544,48.0,50,2,0.96
16420001564568,52.6,50,2,1.052
16420001564630,51.0,50,6,1.02
16420001564648,42.3,60,2,0.705
16420001564664,42.0,50,6,0.84
16420001564670,44.0,50,6,0.88
16420001564715,47.0,50,2,0.94
16420001564844,43.0,50,6,0.86
16420001564911,83.0,80,1,1.038
16420001564966,33.0,50,6,0.66
16420001564976,26.229999999999997,50,6,0.525
16420001565121,48.0,50,2,0.96
16420001565430,51.0,50,1,1.02
16420001565443,31.2,30,2,1.04
16420001565449,30.9,50,6,0.618
16420001565547,27.0,30,2,0.9
16420001565735,35.7,30,2,1.19
16420001565760,61.0,50,2,1.22
16420001566015,84.3,80,1,1.054
16420001566129,24.18,50,6,0.484
16420001566348,47.0,50,6,0.94
16420001566568,32.0,50,6,0.64
16420001568702,64.0,50,4,1.28
16420001568703,62.0,50,4,1.24
16420001568713,89.135,70,2,1.273
16420001568714,88.0,70,2,1.257
16420001568715,90.0,70,2,1.286
16420001568740,50.0,60,2,0.833
16420001568769,56.0,50,2,1.12
16420001568787,29.8,50,5,0.596
16420001568799,89.0,50,2,1.78
16420001568807,47.4,50,4,0.948
16420001568808,48.0,50,4,0.96
16420001568815,32.0,50,4,0.64
16420001568898,89.0,50,2,1.78
16420001568900,52.0,60,2,0.867
16420001568902,55.0,60,2,0.917
16420001568907,29.0,50,5,0.58
16420001568912,27.0,50,5,0.54
16420001568976,45.0,50,3,0.9
16420001569013,59.0,50,2,1.18
16420001569014,36.0,50,2,0.72
16420001569015,30.0,50,2,0.6
16420001569016,59.375,50,2,1.188
16420001569049,54.0,50,2,1.08
16420001569050,52.0,50,2,1.04
16420001569087,28.0,50,4,0.56
16420001569155,42.98,50,4,0.86
16420001569173,63.0,50,3,1.26
16420001569206,46.0,50,6,0.92
16420001569217,27.2,50,5,0.544
16420001569226,65.42,50,2,1.308
16420001569227,66.0,50,3,1.32
16420001569247,44.0,30,4,1.467
16420001569262,48.0,30,2,1.6
16420001569268,44.0,50,4,0.88
16420001569326,25.924999999999983,50,4,0.518
16420001569327,46.67,30,4,1.556
16420001569372,18.195,50,4,0.364
16420001569377,51.160000000000004,50,5,1.023
16420001569385,28.6,50,6,0.572
16420001569414,32.0,50,5,0.64
16420001569416,56.9,60,2,0.948
16420001569417,50.0,50,6,1.0
16420001569427,51.175000000000004,60,4,0.853
16420001569428,61.0,60,4,1.017
16420001569429,56.0,50,3,1.12
16420001569430,54.0,50,3,1.08
16420001569433,64.2,60,4,1.07
16420001569447,66.14,60,2,1.102
16420001569503,66.445,50,3,1.329
16420001569504,66.0,50,3,1.32
16420001569506,47.0,50,3,0.94
16420001569559,56.0,50,4,1.12
16420001569572,65.36,50,3,1.307
16420001569643,48.30499999999999,50,3,0.966
16420001569645,33.0,50,5,0.66
16420001569651,28.329999999999995,50,5,0.567
16420001569683,45.675,50,6,0.914
16420001569693,66.0,60,4,1.1
16420001569749,59.425,50,2,1.188
16420001569760,21.634999999999998,50,5,0.433
16420001569772,42.0,50,6,0.84
16420001569813,43.0,50,6,0.86
16420001569867,52.0,50,4,1.04
16420001569875,50.55,30,2,1.685
16420001569892,52.0,50,4,1.04
16420001569893,42.0,50,2,0.84
16420001569894,53.5,50,2,1.07
16420001569896,46.0,50,4,0.92
16420001569899,31.0,50,6,0.62
16420001569918,38.0,50,6,0.76
16420001569941,35.0,50,4,0.7
16420001570010,52.0,50,4,1.04
16420001570014,66.0,60,2,1.1
16420001570056,39.69999999999999,50,6,0.794
16420001570099,37.0,50,4,0.74
16420001570100,42.21000000000001,50,4,0.844
16420001570105,49.0,50,6,0.98
16420001570132,54.0,50,6,1.08
16420001570188,52.0,50,6,1.04
16420001570191,32.16,50,6,0.643
16420001570218,64.0,50,2,1.28
16420001570322,39.0,50,4,0.78
16420001570370,31.705,50,6,0.634
16420001570379,48.0,50,6,0.96
16420001570399,47.0,50,5,0.94
16420001570400,31.0,50,4,0.62
16420001570479,89.0,50,2,1.78
16420001570483,54.0,60,2,0.9
16420001570517,28.39999999999999,50,5,0.568
16420001570654,48.0,50,6,0.96
16420001570672,56.0,60,2,0.933
16420001570676,21.0,50,5,0.42
16420001570770,35.50999999999999,50,6,0.71
16420001570775,49.379999999999995,50,6,0.988
16420001570780,51.475,50,6,1.03
16420001570831,54.0,60,2,0.9
16420001570843,49.0,50,5,0.98
16420001570850,55.0,60,2,0.917
16420001570860,21.25,50,6,0.425
16420001570910,21.8,50,6,0.436
16420001570942,34.150000000000006,50,4,0.683
16420001571086,21.0,50,6,0.42
16420001573727,51.0,50,4,1.02
16420001573755,47.0,50,5,0.94
16420001573756,40.0,50,5,0.8
16420001573769,56.8,50,5,1.136
16420001573797,16.0,30,4,0.533
16420001573801,54.0,50,4,1.08
16420001573825,36.8,50,5,0.736
16420001573829,46.0,30,4,1.533
16420001573837,24.8,50,6,0.496
16420001573849,50.0,40,6,1.25
16420001573861,26.0,50,6,0.52
16420001573865,52.059999999999995,50,4,1.041
16420001573875,52.0,50,4,1.04
16420001573876,53.0,50,4,1.06
16420001573902,54.25,50,5,1.085
16420001573927,56.26999999999999,50,5,1.125
16420001573928,41.0,50,4,0.82
16420001573929,30.0,50,5,0.6
16420001573930,50.0,50,5,1.0
16420001573931,38.0,50,4,0.76
16420001573932,51.0,50,4,1.02
16420001573933,41.349999999999994,50,4,0.827
16420001573934,31.0,50,5,0.62
16420001573935,42.55,50,5,0.851
16420001573936,42.0,50,5,0.84
16420001573937,45.0,50,5,0.9
16420001573938,36.0,50,4,0.72
16420001573939,42.0,50,4,0.84
16420001573940,57.0,50,5,1.14
16420001573941,51.64,50,5,1.033
16420001573942,35.09999999999999,50,5,0.702
16420001573943,52.0,50,4,1.04
16420001573944,36.0,50,5,0.72
16420001573945,43.0,50,5,0.86
16420001573946,40.94999999999999,50,5,0.819
16420001573947,30.0,50,4,0.6
16420001573948,42.0,50,5,0.84
16420001573949,51.6,50,4,1.032
16420001573950,37.0,50,5,0.74
16420001573951,31.0,50,4,0.62
16420001573952,39.725,50,4,0.794
16420001573953,34.0,50,5,0.68
16420001573954,25.0,50,5,0.5
16420001573959,54.589999999999996,50,4,1.092
16420001573972,38.83,50,5,0.777
16420001573976,50.0,50,4,1.0
16420001573981,44.769999999999996,50,4,0.895
16420001573983,29.0,50,4,0.58
16420001573993,47.0,90,3,0.522
16420001574002,28.044999999999995,50,4,0.561
16420001574006,65.0,50,3,1.3
16420001574016,43.0,50,3,0.86
16420001574039,34.0,50,4,0.68
16420001574041,65.0,50,3,1.3
16420001574042,65.37,50,3,1.307
16420001574043,65.0,50,3,1.3
16420001574047,40.0,50,6,0.8
16420001574055,33.0,50,4,0.66
16420001574056,55.0,50,2,1.1
16420001574092,31.0,50,2,0.62
16420001574099,40.0,60,2,0.667
16420001574100,35.0,50,2,0.7
16420001574117,46.0,50,2,0.92
16420001574119,43.0,30,4,1.433
16420001574123,59.31999999999999,50,4,1.186
16420001574144,34.38,50,4,0.688
16420001574156,28.549999999999983,50,4,0.571
16420001574157,34.0,50,6,0.68
16420001574159,39.0,50,4,0.78
16420001574186,66.0,50,2,1.32
16420001574208,39.0,50,4,0.78
16420001574210,36.0,50,4,0.72
16420001574223,43.0,50,6,0.86
16420001574225,41.0,50,6,0.82
16420001574248,18.0,50,2,0.36
16420001574255,47.0,50,4,0.94
16420001574271,46.0,50,6,0.92
16420001574292,46.0,90,3,0.511
16420001574306,32.85999999999994,50,2,0.657
16420001574314,25.0,50,4,0.5
16420001574315,20.0,50,4,0.4
16420001574325,27.055,50,6,0.541
16420001574335,51.0,50,6,1.02
16420001574344,45.27,60,2,0.755
16420001574345,52.0,60,2,0.867
16420001574346,52.0,60,2,0.867
16420001574347,61.5,50,2,1.23
16420001574348,62.0,50,2,1.24
16420001574364,65.6,100,2,0.656
16420001574365,66.0,100,2,0.66
16420001574366,66.0,50,2,1.32
16420001574370,45.0,50,4,0.9
16420001574375,56.0,50,2,1.12
16420001574376,58.0,50,2,1.16
16420001574377,61.4,50,2,1.228
16420001574378,60.0,50,2,1.2
16420001574398,43.90999999999998,50,2,0.878
16420001574399,48.0,50,2,0.96
16420001574433,44.0,50,4,0.88
16420001574434,40.0,50,4,0.8
16420001574444,47.015,50,6,0.94
16420001574445,44.0,50,6,0.88
16420001574446,52.0,50,6,1.04
16420001574447,52.09,50,6,1.042
16420001574449,37.6,50,2,0.752
16420001574450,39.0,50,2,0.78
16420001574494,24.0,50,6,0.48
16420001574520,49.0,60,3,0.817
16420001574521,48.0,60,3,0.8
16420001574524,29.8,50,4,0.596
16420001574525,31.134999999999998,50,4,0.623
16420001574527,42.5,48,4,0.885
16420001574562,36.44499999999999,50,4,0.729
16420001574568,46.0,50,3,0.92
16420001574569,46.0,50,3,0.92
16420001574570,43.0,50,6,0.86
16420001574584,39.0,50,2,0.78
16420001574585,41.535000000000004,50,2,0.831
16420001574618,25.0,50,4,0.5
16420001574619,25.0,50,4,0.5
16420001574633,44.6,50,2,0.892
16420001574649,24.85,50,4,0.497
16420001574671,27.24,50,6,0.545
16420001574681,63.0,50,3,1.26
16420001574698,43.7,50,6,0.874
16420001574715,21.0,50,6,0.42
16420001574732,25.865,50,6,0.517
16420001574763,29.129999999999995,50,2,0.583
16420001574768,48.86999999999999,40,6,1.222
16420001574811,28.0,50,4,0.56
16420001574822,32.0,50,6,0.64
16420001574823,56.0,50,2,1.12
16420001574824,58.0,50,2,1.16
16420001574830,31.0,50,4,0.62
16420001574850,27.85,50,4,0.557
16420001574853,43.0,50,4,0.86
16420001574865,34.0,50,6,0.68
16420001574870,44.0,50,4,0.88
16420001574936,69.0,90,3,0.767
16420001574937,74.0,90,3,0.822
16420001574938,77.53999999999999,90,3,0.862
16420001574939,77.88,90,3,0.865
16420001574940,63.0,50,3,1.26
16420001574978,64.0,50,4,1.28
16420001574987,69.0,70,3,0.986
16420001575106,34.0,50,2,0.68
16420001575107,31.0,50,2,0.62
16420001575130,69.03,70,3,0.986
16420001575162,70.0,70,3,1.0
16420001575199,62.0,50,4,1.24
16420001575277,54.0,30,4,1.8
16420001575377,40.0,50,2,0.8
16420001575416,27.0,50,6,0.54
16420001575453,72.0,100,2,0.72
16420001575454,72.3,100,2,0.723
16420001575545,26.0,50,2,0.52
16420001575662,35.599999999999994,50,6,0.712
16420001575697,26.359999999999992,50,2,0.527
16420001575701,39.7,50,2,0.794
16420001575769,28.314999999999998,50,3,0.566
16420001575821,20.0,30,4,0.667
16420001575824,28.0,50,6,0.56
16420001575869,55.0,30,4,1.833
16420001575885,43.0,50,6,0.86
16420001579651,57.0,50,5,1.14
16420001579714,25.99,50,6,0.52
16420001579721,38.0,50,6,0.76
16420001579726,39.0,50,6,0.78
16420001579754,61.8,50,2,1.236
16420001579895,42.7,50,6,0.854
16420001579896,66.0,50,4,1.32
16420001579972,45.16,50,4,0.903
16420001579973,46.0,50,4,0.92
16420001580084,51.285000000000004,50,3,1.026
16420001580172,69.0,50,4,1.38
16420001580238,62.0,50,3,1.24
16420001580247,55.0,50,4,1.1
16420001580316,64.1,50,5,1.282
16420001580431,61.0,50,3,1.22
16420001580567,27.0,30,6,0.9
16420001580622,43.0,50,6,0.86
16420001580650,24.0,30,6,0.8
16420001580890,46.0,30,4,1.533
16420001580903,58.555,50,2,1.171
16420001580904,59.0,50,2,1.18
16420001580919,50.0,90,3,0.556
16420001580970,53.839999999999996,50,4,1.077
16420001581029,65.0,50,4,1.3
16420001581059,56.0,50,3,1.12
16420001581060,59.0,50,3,1.18
16420001581094,45.4,90,3,0.504
16420001581128,57.0,50,2,1.14
16420001581184,40.0,30,4,1.333
16420001581204,60.0,50,3,1.2
16420001581267,62.0,50,2,1.24
16420001581294,53.544999999999995,50,5,1.071
16420001581319,57.0,50,2,1.14
16420001581351,51.0,50,4,1.02
16420001581477,53.67999999999999,50,4,1.074
16420001581561,48.36,50,6,0.967
16420001581659,66.0,50,2,1.32
16420001581660,66.0,50,2,1.32
16420001582142,45.0,50,6,0.9
16420001582311,44.58,50,6,0.892
16420001582334,47.975,90,3,0.533
16420001582335,52.0,90,3,0.578
16420001582340,67.0,50,4,1.34
16420001582405,54.0,50,5,1.08
16420001582830,51.0,50,4,1.02
16420001582957,51.8,50,4,1.036
16420001583295,42.66,50,6,0.853
16420001583659,47.7,50,4,0.954
16420001583665,60.480000000000004,50,3,1.21
16420001583666,58.2,50,3,1.164
16420001583692,44.79,50,4,0.896
16420001583737,23.1,50,6,0.462
16420001583741,47.4,50,4,0.948
16420001583742,40.08,50,6,0.802
16420001583746,73.57,90,3,0.817
16420001583752,37.135,50,2,0.743
16420001583792,12.3,50,6,0.246
16420001583840,31.9,50,4,0.638
16420001583849,49.0,50,5,0.98
16420001583929,65.4,50,3,1.308
16420001583951,89.00500000000001,70,2,1.272
16420001583952,49.995,50,4,1.0
16420001583955,47.425,50,4,0.948
16420001583974,48.9,50,4,0.978
16420001584008,45.919999999999995,50,4,0.918
16420001584020,33.525,50,6,0.67
16420001584043,43.9,50,5,0.878
16420001584100,56.1,50,4,1.122
16420001584105,45.625,50,5,0.912
16420001584126,64.6,50,3,1.292
16420001584186,89.16999999999999,70,2,1.274
16420001584235,74.21,90,3,0.825
16420001584236,71.8,90,3,0.798
16420001584237,73.9,90,3,0.821
16420001584238,69.255,90,3,0.77
16420001584239,67.14,90,3,0.746
16420001584278,58.1,50,3,1.162
16420001584288,34.464999999999996,50,5,0.689
16420001584310,37.6,30,3,1.253
16420001584339,57.235,60,2,0.954
16420001584340,57.7,60,2,0.962
16420001584346,47.089999999999996,50,4,0.942
16420001584362,63.485,50,3,1.27
16420001584386,51.5,50,4,1.03
16420001584387,40.125,50,4,0.802
16420001584421,36.35,50,3,0.727
16420001584426,49.419999999999995,50,3,0.988
16420001584452,47.43,50,4,0.949
16420001584458,27.059999999999995,50,4,0.541
16420001584481,44.934999999999995,50,2,0.899
16420001584482,44.0,50,2,0.88
16420001584494,52.51,50,3,1.05
16420001584495,52.339999999999996,50,3,1.047
16420001584496,59.0,50,3,1.18
16420001584562,34.165000000000006,50,4,0.683
16420001584599,33.6,50,5,0.672
16420001584639,23.785,50,6,0.476
16420001584641,71.45,69,3,1.036
16420001584652,44.55,50,6,0.891
16420001584666,36.70499999999999,50,3,0.734
16420001584667,32.345,50,3,0.647
16420001584668,37.2,50,3,0.744
16420001584681,55.82,50,4,1.116
16420001584695,41.35,50,6,0.827
16420001584707,50.6,50,3,1.012
16420001584717,56.345,50,4,1.127
16420001584752,27.8,50,5,0.556
16420001584753,72.63499999999999,67,3,1.084
16420001584755,70.80499999999999,50,3,1.416
16420001584758,72.13000000000001,69,3,1.045
16420001584762,70.45,67,3,1.051
16420001584797,41.894999999999996,50,4,0.838
16420001584854,56.145,50,4,1.123
16420001584864,37.075,50,3,0.742
16420001584865,38.79,50,3,0.776
16420001584866,40.80499999999999,50,3,0.816
16420001584902,52.085,50,4,1.042
16420001584976,43.7,50,4,0.874
16420001584986,69.795,50,2,1.396
16420001584990,48.434999999999995,50,2,0.969
16420001585004,45.349999999999994,50,5,0.907
16420001585055,46.195,50,4,0.924
16420001585056,29.4,50,6,0.588
16420001585079,45.8,50,4,0.916
16420001585139,69.5,50,2,1.39
16420001585158,37.8,50,4,0.756
16420001585186,41.08,50,5,0.822
16420001585203,42.26,50,4,0.845
16420001585207,39.205,50,3,0.784
16420001585228,68.6,50,2,1.372
16420001585256,44.4,50,6,0.888
16420001585289,31.115000000000002,50,6,0.622
16420001585290,22.875,50,6,0.458
16420001585296,43.19,50,3,0.864
16420001585297,51.495,50,4,1.03
16420001585322,45.62,50,5,0.912
16420001585383,79.3,70,3,1.133
16420001585442,50.1,50,4,1.002
16420001585474,23.15,50,6,0.463
16420001585567,69.0,50,2,1.38
16420001585571,62.2,90,3,0.691
16420001585579,55.0,50,4,1.1
16420001585607,41.309999999999995,50,6,0.826
16420001585646,45.3,50,3,0.906
16420001585675,50.3,50,3,1.006
16420001585678,39.12,50,6,0.782
16420001585691,62.0,90,3,0.689
16420001585693,31.119999999999997,50,5,0.622
16420001585698,35.0,30,3,1.167
16420001585766,56.375,50,4,1.128
16420001585776,56.3,50,4,1.126
16420001585777,52.175000000000004,50,4,1.044
16420001585794,36.98,50,6,0.74
16420001585819,31.5,50,4,0.63
16420001585836,66.0,50,3,1.32
16420001586020,39.78,50,4,0.796
16420001586193,34.96,50,3,0.699
16420001586282,18.825000000000003,50,6,0.377
16420001586477,46.16,50,6,0.923
16420001586631,37.279999999999994,50,4,0.746
16420001586665,62.8,50,4,1.256
16420001586700,54.1,50,4,1.082
16420001586732,60.5,50,4,1.21
16420001588466,25.065,50,4,0.501
16420001588467,46.36,50,4,0.927
16420001588468,31.665,50,4,0.633
16420001588478,26.58,50,3,0.532
16420001588501,33.849999999999994,50,4,0.677
16420001588502,61.4,50,3,1.228
16420001588559,44.8,50,3,0.896
16420001588579,54.925,50,4,1.098
16420001588600,31.799999999999997,50,4,0.636
16420001588652,60.55,50,3,1.211
16420001588664,55.480000000000004,50,3,1.11
16420001588730,30.535,50,4,0.611
16420001588764,53.28,50,4,1.066
16420001588766,29.24,50,4,0.585
16420001588816,29.83,50,3,0.597
16420001588856,41.144999999999996,50,2,0.823
16420001588870,54.7,50,3,1.094
16420001588909,53.61,50,4,1.072
16420001588950,51.605,50,4,1.032
16420001588998,40.1,50,3,0.802
16420001589050,44.55499999999998,50,3,0.891
16420001589105,51.7,50,3,1.034
16420001589173,34.94,50,2,0.699
16420001589212,31.944999999999997,50,4,0.639
16420001590872,58.1,50,3,1.162
16420001590909,50.365,50,2,1.007
16420001590912,43.6,50,3,0.872
16420001590928,62.695,50,3,1.254
16420001590956,48.06999999999999,50,2,0.961
16420001590957,56.294999999999995,50,2,1.126
16420001590958,49.695,50,2,0.994
16420001590959,53.089999999999996,50,2,1.062
16420001590960,57.0,50,2,1.14
16420001590962,65.7,50,4,1.314
16420001590967,50.6,50,4,1.012
16420001591004,27.27,50,6,0.545
16420001591010,52.965,50,2,1.059
16420001591024,31.0,50,4,0.62
16420001591027,46.714999999999996,50,3,0.934
16420001591076,49.6,50,4,0.992
16420001591083,53.559999999999995,50,4,1.071
16420001591084,53.185,50,3,1.064
16420001591090,59.08,50,4,1.182
16420001591091,62.0,50,4,1.24
16420001591099,48.185,50,3,0.964
16420001591102,45.879999999999995,50,3,0.918
16420001591108,49.79,50,4,0.996
16420001591111,48.04,50,3,0.961
16420001591121,43.14,50,3,0.863
16420001591126,58.6,50,4,1.172
16420001591136,61.035,50,2,1.221
16420001591137,59.195,50,2,1.184
16420001591156,59.695,50,3,1.194
16420001591157,51.97,50,3,1.039
16420001591173,34.6,28,4,1.236
16420001591174,45.095000000000006,50,3,0.902
16420001591175,40.995000000000005,50,3,0.82
16420001591201,51.839999999999996,30,4,1.728
16420001591212,61.62,50,3,1.232
16420001591230,58.725,50,3,1.174
16420001591234,59.625,50,3,1.192
16420001591247,47.309999999999995,50,3,0.946
16420001591249,47.095000000000006,50,2,0.942
16420001591252,62.949999999999996,50,3,1.259
16420001591268,65.935,50,2,1.319
16420001591276,54.6,60,4,0.91
16420001591286,60.2,50,3,1.204
16420001591306,34.095000000000006,50,3,0.682
16420001591307,56.5,50,3,1.13
16420001591308,58.394999999999996,50,3,1.168
16420001591309,58.14,50,3,1.163
16420001591310,44.365,50,3,0.887
16420001591311,34.365,50,3,0.687
16420001591312,46.665000000000006,50,3,0.933
16420001591313,46.28,50,3,0.926
16420001591317,56.2,50,3,1.124
16420001591344,24.29,30,6,0.81
16420001591349,54.53,50,4,1.091
16420001591350,52.9,30,4,1.763
16420001591351,54.13,30,4,1.804
16420001591357,51.589999999999996,30,4,1.72
16420001591365,60.49,50,4,1.21
16420001591372,18.4,50,6,0.368
16420001591378,24.52,50,4,0.49
16420001591438,60.595,50,3,1.212
16420001591441,42.665000000000006,50,2,0.853
16420001591453,17.580000000000002,50,6,0.352
16420001591464,67.01,50,4,1.34
16420001591477,25.955,50,4,0.519
16420001591516,49.855,50,3,0.997
16420001591517,55.82,50,6,1.116
16420001591537,63.559999999999995,50,4,1.271
16420001591563,42.1,50,3,0.842
16420001591565,53.73,30,4,1.791
16420001591573,56.08,50,2,1.122
16420001591620,51.475,50,4,1.03
16420001591623,61.735,50,2,1.235
16420001591631,45.47,50,3,0.909
16420001591636,53.33,50,3,1.067
16420001591654,60.13,50,2,1.203
16420001591664,44.7,50,3,0.894
16420001591717,43.480000000000004,30,4,1.449
16420001591718,44.755,30,4,1.492
16420001591736,30.1,50,4,0.602
16420001591737,38.13,50,4,0.763
16420001591738,55.904999999999994,50,4,1.118
16420001591739,56.605,50,4,1.132
16420001591760,56.985,50,3,1.14
16420001591762,38.375,50,4,0.768
16420001591767,40.0,50,3,0.8
16420001591772,21.73,50,6,0.435
16420001591774,47.11,50,3,0.942
16420001591787,53.254999999999995,50,4,1.065
16420001591807,50.0,50,4,1.0
16420001591821,50.5,50,2,1.01
16420001591844,57.1,50,3,1.142
16420001591879,59.5,50,3,1.19
16420001591894,35.015,32,4,1.094
16420001591979,52.97,50,3,1.059
16420001591997,28.1,50,4,0.562
16420001592002,55.309999999999995,60,4,0.922
16420001592007,55.865,50,2,1.117
16420001592008,42.03,50,2,0.841
16420001592027,57.6,50,4,1.152
16420001592043,58.769999999999996,50,3,1.175
16420001592047,66.535,50,2,1.331
16420001592060,62.7,50,3,1.254
16420001592084,62.1,50,3,1.242
16420001592085,46.404999999999994,50,3,0.928
16420001592086,46.24,50,3,0.925
16420001592101,51.465,50,2,1.029
16420001592137,59.455,50,3,1.189
16420001592146,48.7,50,4,0.974
16420001592192,59.66499999999999,50,3,1.193
16420001592209,43.565000000000005,50,3,0.871
16420001592248,45.28,50,6,0.906
16420001592250,61.269999999999996,50,3,1.225
16420001592294,63.695,50,3,1.274
16420001592301,54.1,30,4,1.803
16420001592302,53.79999999999998,30,4,1.793
16420001592303,44.31999999999999,50,3,0.886
16420001592310,61.0,50,3,1.22
16420001592313,32.15,50,4,0.643
16420001592352,40.925,50,4,0.818
16420001592381,62.57,50,3,1.251
16420001592385,66.83,50,3,1.337
16420001592420,51.85999999999999,30,4,1.729
16420001592425,63.489999999999995,50,4,1.27
16420001592493,45.085,50,3,0.902
16420001592553,28.700000000000003,30,6,0.957
16420001592584,62.339999999999996,50,3,1.247
16420001592600,56.775000000000006,50,4,1.136
16420001592637,51.62,50,3,1.032
16420001592664,63.37,50,3,1.267
16420001592716,60.6,50,3,1.212
16420001592731,44.639999999999986,50,3,0.893
16420001592739,57.035,50,6,1.141
16420001592786,58.3,50,4,1.166
16420001592798,61.555,50,3,1.231
16420001592833,56.62,50,3,1.132
16420001592834,43.71,50,3,0.874
16420001592835,59.955,50,3,1.199
16420001592836,61.6,50,3,1.232
16420001592870,44.965,50,6,0.899
16420001597115,25.68,30,6,0.856
16420001597169,40.650000000000006,50,6,0.813
16420001597403,28.939999999999998,30,6,0.965
16420001597413,41.61,50,6,0.832
16420001599593,27.859999999999996,60,2,0.464
16420001599615,64.9,50,4,1.298
16420001599649,28.65,50,3,0.573
16420001599651,61.13,50,3,1.223
16420001599659,32.68,50,4,0.654
16420001599674,53.32,40,4,1.333
16420001599675,50.980000000000004,40,4,1.275
16420001599687,54.559999999999995,60,4,0.909
16420001599728,55.765,60,4,0.929
16420001599729,55.32,60,4,0.922
16420001599731,59.8,50,3,1.196
16420001599732,59.865,50,3,1.197
16420001599733,60.465,50,3,1.209
16420001599737,43.3,50,4,0.866
16420001599738,44.0,50,4,0.88
16420001599748,41.095000000000006,50,4,0.822
16420001599754,55.22,50,2,1.104
16420001599760,42.76,50,4,0.855
16420001599768,24.499999999999996,50,3,0.49
16420001599777,31.6,50,4,0.632
16420001599781,42.2,50,6,0.844
16420001599782,37.3,30,4,1.243
16420001599784,45.879999999999995,90,3,0.51
16420001599815,28.19,30,4,0.94
16420001599827,41.25,50,4,0.825
16420001599842,55.875,60,4,0.931
16420001599846,57.9,50,2,1.158
16420001599866,55.525000000000006,50,4,1.11
16420001599912,57.37,50,3,1.147
16420001599929,49.71,50,4,0.994
16420001599930,43.5,50,4,0.87
16420001599942,41.21,50,3,0.824
16420001599960,57.0,50,4,1.14
16420001599985,63.84,50,4,1.277
16420001600001,59.17,50,3,1.183
16420001600005,26.45,50,3,0.529
16420001600016,58.1,50,4,1.162
16420001600017,58.3,50,4,1.166
16420001600030,61.8,50,2,1.236
16420001600036,56.995,50,4,1.14
16420001600038,56.279999999999994,50,4,1.126
16420001600039,45.7,50,4,0.914
16420001600123,95.935,90,1,1.066
16420001600309,53.26,50,2,1.065
16420001600377,47.045,90,3,0.523
16420001600526,50.6,90,3,0.562
16420001600574,48.055,50,5,0.961
16420001600616,39.7,60,2,0.662
16420001600618,48.84,30,5,1.628
16420001600619,48.37,30,5,1.612
16420001600681,45.04,50,6,0.901
16420001600768,37.58,50,4,0.752
16420001600964,37.225,50,4,0.744
16420001600976,58.12,50,3,1.162
16420001601123,39.23999999999998,50,4,0.785
16420001601215,58.980000000000004,50,3,1.18
16420001601216,56.925,50,3,1.138
16420001601217,59.2,50,3,1.184
16420001601220,25.9,50,2,0.518
16420001601279,45.655,50,2,0.913
16420001601280,42.655,50,2,0.853
16420001601320,50.9,50,4,1.018
16420001601330,51.155,50,4,1.023
16420001601408,49.3,50,4,0.986
16420001601527,49.565,50,4,0.991
16420001601581,24.180000000000003,50,2,0.484
16420001603416,38.5,50,4,0.77
16420001603417,38.6,50,4,0.772
16420001603418,51.794999999999995,40,4,1.295
16420001603443,45.62,50,3,0.912
16420001603444,45.205,50,3,0.904
16420001603475,53.7,50,4,1.074
16420001603476,55.0,50,4,1.1
16420001603477,51.879999999999995,50,4,1.038
16420001603478,55.779999999999994,50,4,1.116
16420001603500,59.279999999999994,50,2,1.186
16420001603531,60.625,30,2,2.021
16420001603538,90.7,70,2,1.296
16420001603581,28.279999999999998,30,6,0.943
16420001603594,44.989999999999995,40,4,1.125
16420001603601,47.97,50,5,0.959
16420001603602,37.82,50,5,0.756
16420001603603,28.7,50,5,0.574
16420001603604,45.37,50,5,0.907
16420001603605,29.2,50,5,0.584
16420001603639,57.0,50,4,1.14
16420001603649,31.7,50,4,0.634
16420001603650,34.7,50,4,0.694
16420001603652,51.6,60,4,0.86
16420001603657,48.3,50,4,0.966
16420001603670,29.98,50,6,0.6
16420001603735,41.080000000000005,50,4,0.822
16420001603814,44.5,60,4,0.742
16420001603815,40.9,60,4,0.682
16420001603816,41.7,60,4,0.695
16420001603848,39.17,60,3,0.653
16420001603849,51.1,60,4,0.852
16420001603872,54.5,50,4,1.09
16420001603873,54.8,50,4,1.096
16420001603891,63.089999999999996,50,4,1.262
16420001603903,34.739999999999995,60,3,0.579
16420001603914,36.690000000000005,30,5,1.223
16420001603951,90.5,70,2,1.293
16420001603956,26.56,30,5,0.885
16420001604213,34.925,50,5,0.698
16420001604229,54.74,50,3,1.095
16420001604270,79.715,70,3,1.139
16420001604277,60.94,50,4,1.219
16420001604350,79.315,70,3,1.133
16420001604428,27.4,50,6,0.548
16420001604444,19.8,50,6,0.396
16420001604448,71.2,70,3,1.017
16420001604492,41.905,50,4,0.838
16420001604528,57.3,60,2,0.955
16420001604529,56.2,60,2,0.937
16420001604539,53.235,50,2,1.065
16420001604638,54.260000000000005,50,3,1.085
16420001604663,31.95,30,6,1.065
16420001604674,52.96,50,3,1.059
16420001604737,79.815,70,3,1.14
16420001604760,51.78,50,3,1.036
16420001604771,78.93,70,3,1.128
16420001604842,31.035,50,6,0.621
16420001604973,62.1,50,2,1.242
16420001607028,39.894999999999996,50,5,0.798
16420001609215,48.5,50,5,0.97
16420001609229,44.99,50,4,0.9
16420001609265,27.645,30,6,0.922
16420001609275,47.265,50,5,0.945
16420001609276,47.12,50,5,0.942
16420001609277,46.855,50,5,0.937
16420001609278,47.64,50,5,0.953
16420001609282,57.4,60,4,0.957
16420001609303,36.339999999999996,50,5,0.727
16420001609313,34.419999999999995,30,6,1.147
16420001609315,39.8,50,4,0.796
16420001609337,36.339999999999996,30,2,1.211
16420001609338,34.0,30,2,1.133
16420001609339,30.540000000000003,30,2,1.018
16420001609357,45.794999999999995,50,5,0.916
16420001609454,56.1,60,4,0.935
16420001609455,60.9,60,4,1.015
16420001612799,43.76,50,4,0.875
16420001612800,45.275,50,4,0.906
16420001612801,42.39,50,4,0.848
16420001612802,42.89,50,4,0.858
16420001612836,32.755,50,5,0.655
16420001612854,39.735,30,6,1.324
16420001612864,63.67,50,2,1.273
16420001612898,43.199999999999996,50,5,0.864
16420001612912,50.2,50,4,1.004
16420001612964,46.07,30,6,1.536
16420001612991,32.94,30,5,1.098
16420001613005,35.5,50,6,0.71
16420001613022,43.4,50,4,0.868
16420001613033,42.135,50,4,0.843
16420001613034,37.6,50,4,0.752
16420001613060,13.235000000000001,50,4,0.265
16420001613108,65.77,50,2,1.315
16420001613109,43.995,50,2,0.88
16420001613115,40.04,18,4,2.224
16420001613127,42.0,50,3,0.84
16420001613128,49.13,50,3,0.983
16420001613129,54.33,50,3,1.087
16420001613144,52.47,50,5,1.049
16420001613160,43.195,50,2,0.864
16420001613180,42.235,50,6,0.845
16420001613181,46.54,50,6,0.931
16420001613186,61.9,50,3,1.238
16420001613212,43.55,50,4,0.871
16420001613215,55.2,50,3,1.104
16420001613258,41.515,50,4,0.83
16420001613266,52.87,50,3,1.057
16420001613291,33.019999999999996,50,4,0.66
16420001613313,42.8,50,4,0.856
16420001613342,30.625,30,6,1.021
16420001613345,32.9,50,3,0.658
16420001613352,40.115,30,2,1.337
16420001613364,36.8,50,3,0.736
16420001613404,32.825,50,6,0.657
16420001613467,31.06,50,4,0.621
16420001613511,43.349999999999994,50,4,0.867
16420001613518,52.53,50,5,1.051
16420001613526,29.919999999999998,50,4,0.598
16420001613535,25.36,50,4,0.507
16420001613545,30.145000000000003,49,4,0.615
16420001613566,32.5,30,5,1.083
16420001613569,52.6,90,3,0.584
16420001613593,33.9,50,4,0.678
16420001613602,29.875,30,6,0.996
16420001613655,36.715,30,2,1.224
16420001613710,51.11999999999999,50,4,1.022
16420001613752,45.44,50,4,0.909
16420001613760,57.91999999999999,30,4,1.931
16420001613761,57.7,30,4,1.923
16420001613810,27.66,50,6,0.553
16420001613816,44.9,50,4,0.898
16420001613838,35.769999999999996,50,4,0.715
16420001613902,37.3,50,4,0.746
16420001613927,24.299999999999997,50,6,0.486
16420001613935,27.115000000000002,50,5,0.542
16420001613936,38.84,50,5,0.777
16420001613943,73.05,50,2,1.461
16420001613959,43.185,50,3,0.864
16420001613988,56.489999999999995,50,3,1.13
16420001614017,41.7,50,3,0.834
16420001614027,24.1,50,4,0.482
16420001614037,35.0,50,4,0.7
16420001614038,39.41499999999999,50,4,0.788
16420001614043,49.03,90,3,0.545
16420001614120,25.5,50,6,0.51
16420001614141,32.15,50,6,0.643
16420001614152,52.97,50,3,1.059
16420001614261,43.849999999999994,50,4,0.877
16420001614274,73.655,50,2,1.473
16420001614309,28.28,50,6,0.566
16420001614331,26.634999999999998,50,4,0.533
16420001614374,21.88,50,4,0.438
16420001614410,54.915,50,4,1.098
16420001614419,41.0,50,4,0.82
16420001614432,28.8,18,4,1.6
16420001614435,62.5,50,4,1.25
16420001614449,27.88,50,6,0.558
16420001614489,66.7,50,3,1.334
16420001614591,25.36,50,4,0.507
16420001614636,22.66,50,3,0.453
16420001614710,29.04,50,4,0.581
16420001614827,29.379999999999995,50,4,0.588
16420001614835,36.125,50,4,0.722
16420001615103,33.8,50,6,0.676
16420001615235,59.4,60,2,0.99
16420001615241,44.425,50,6,0.888
16420001615309,16.5,50,6,0.33
16420001615334,33.864999999999995,60,2,0.564
16420001615336,50.4,50,6,1.008
16420001615342,35.120000000000005,50,6,0.702
16420001615352,47.5,50,6,0.95
16420001615353,42.4,50,6,0.848
16420001615354,51.48,50,6,1.03
16420001615355,53.5,50,6,1.07
16420001615444,39.3,50,3,0.786
16420001615445,40.8,50,3,0.816
16420001615475,72.0,90,1,0.8
16420001615476,82.1,90,1,0.912
16420001615477,76.30000000000001,90,1,0.848
16420001615480,67.35,90,1,0.748
16420001615523,50.745,50,4,1.015
16420001615528,49.779999999999994,60,2,0.83
16420001615559,48.8,60,2,0.813
16420001615560,39.91,60,2,0.665
16420001615561,22.66,60,2,0.378
16420001615625,46.7,60,2,0.778
16420001615647,54.93,50,4,1.099
16420001615671,60.25,60,2,1.004
16420001615691,26.665,60,2,0.444
16420001615719,42.349999999999994,60,2,0.706
16420001615972,52.2,50,4,1.044
16420001615980,60.565000000000005,60,3,1.009
16420001615985,54.0,50,4,1.08
16420001616064,55.9,60,2,0.932
16420001616075,50.769999999999996,50,4,1.015
16420001616123,34.045,23,3,1.48
16420001616127,36.035,50,3,0.721
16420001616131,54.3,50,4,1.086
16420001616139,45.18,50,3,0.904
16420001616140,45.74,50,3,0.915
16420001616172,57.7,60,3,0.962
16420001616177,39.22,50,6,0.784
16420001616286,54.03,50,4,1.081
16420001616436,52.15,60,2,0.869
16420001620092,40.695,50,6,0.814
16420001620114,52.92,50,5,1.058
16420001620131,36.9,50,4,0.738
16420001620132,42.9,50,4,0.858
16420001620134,50.0,30,3,1.667
16420001620170,57.7,30,4,1.923
16420001620182,31.4,50,5,0.628
16420001620183,38.585,50,5,0.772
16420001620218,33.599999999999994,30,6,1.12
16420001620221,59.04999999999999,50,3,1.181
16420001620241,35.86,30,6,1.195
16420001620250,29.975,30,6,0.999
16420001620279,47.6,40,4,1.19
16420001620325,59.615,30,4,1.987
16420001620346,59.155,30,4,1.972
16420001620347,25.79999999999999,30,5,0.86
16420001620355,57.36,60,2,0.956
16420001620356,55.894999999999996,60,2,0.932
16420001620360,61.9,50,2,1.238
16420001620371,33.995,30,5,1.133
16420001620385,36.9,30,3,1.23
16420001620416,34.4,50,6,0.688
16420001620424,33.605,50,4,0.672
16420001620428,20.495,50,4,0.41
16420001620439,42.2,50,3,0.844
16420001620440,38.394999999999996,27,3,1.422
16420001620453,56.245,50,3,1.125
16420001620460,50.365,40,3,1.259
16420001620482,53.06,50,4,1.061
16420001620500,48.36499999999999,26,3,1.86
16420001620501,50.24,50,3,1.005
16420001620503,46.565000000000005,50,3,0.931
16420001620509,57.2,30,4,1.907
16420001620514,23.884999999999998,50,4,0.478
16420001620536,40.355,50,2,0.807
16420001620549,47.495,28,3,1.696
16420001620557,39.525,50,3,0.79
16420001620558,38.2,28,3,1.364
16420001620560,47.0,50,4,0.94
16420001620581,53.6,40,3,1.34
16420001620609,41.464999999999996,30,6,1.382
16420001620610,38.26,40,4,0.956
16420001620612,43.62,50,6,0.872
16420001620618,10.32,50,5,0.206
16420001620631,20.24,50,5,0.405
16420001620636,53.61,50,4,1.072
16420001620677,47.995,50,3,0.96
16420001620697,48.46,50,3,0.969
16420001620705,64.7,50,4,1.294
16420001620734,44.18000000000001,50,4,0.884
16420001620778,56.9,30,2,1.897
16420001620818,51.9,50,5,1.038
16420001620836,37.75,50,4,0.755
16420001620873,20.669999999999998,50,4,0.413
16420001620943,60.7,50,2,1.214
16420001620955,51.5,50,4,1.03
16420001620967,45.6,50,3,0.912
16420001620978,46.964999999999996,50,2,0.939
16420001620994,58.49,50,4,1.17
16420001621011,49.165000000000006,50,2,0.983
16420001621013,56.2,30,2,1.873
16420001621043,54.1,50,4,1.082
16420001621045,46.665000000000006,50,3,0.933
16420001621048,43.7,50,5,0.874
16420001621168,43.6,50,3,0.872
16420001621185,53.7,50,4,1.074
16420001621201,24.330000000000002,50,4,0.487
16420001621244,57.33,50,2,1.147
16420001621245,57.7,50,2,1.154
16420001621372,58.6,50,5,1.172
16420001621385,37.79,18,3,2.099
16420001621411,22.7,50,4,0.454
16420001621422,66.5,50,4,1.33
16420001621446,46.069999999999986,50,5,0.921
16420001621498,56.019999999999996,50,5,1.12
16420001622180,27.805,50,4,0.556
16420001622181,60.739999999999995,50,4,1.215
16420001622182,57.224999999999994,50,4,1.144
16420001622183,60.81999999999999,50,4,1.216
16420001622184,21.2,50,5,0.424
16420001622195,50.3,50,2,1.006
16420001622198,45.425,50,3,0.908
16420001622202,54.0,50,2,1.08
16420001622210,34.8,30,6,1.16
16420001622211,20.725,18,4,1.151
16420001622220,53.07,50,4,1.061
16420001622243,66.0,50,4,1.32
16420001622253,52.385,60,3,0.873
16420001622257,53.785,60,3,0.896
16420001622258,44.5,50,4,0.89
16420001622259,32.7,50,3,0.654
16420001622266,44.5,50,3,0.89
16420001622274,56.150000000000006,30,2,1.872
16420001622275,53.559999999999995,50,2,1.071
16420001622276,54.925,30,2,1.831
16420001622278,13.2,50,4,0.264
16420001622282,51.0,50,4,1.02
16420001622290,40.0,50,3,0.8
16420001622316,42.0,50,4,0.84
16420001622325,36.8,50,4,0.736
16420001622331,41.339999999999996,50,4,0.827
16420001622332,41.8,50,4,0.836
16420001622336,28.375,50,4,0.568
16420001622337,23.990000000000002,50,4,0.48
16420001622338,32.6,50,4,0.652
16420001622345,30.1,50,2,0.602
16420001622346,49.585,50,4,0.992
16420001622361,35.9,50,4,0.718
16420001622362,46.045,50,4,0.921
16420001622372,52.7,50,4,1.054
16420001622378,24.9,50,4,0.498
16420001622403,40.8,50,2,0.816
16420001622408,66.9,50,4,1.338
16420001622418,33.4,50,3,0.668
16420001622423,29.429999999999996,50,5,0.589
16420001622440,53.4,50,4,1.068
16420001622441,51.269999999999996,50,4,1.025
16420001622452,46.385000000000005,50,6,0.928
16420001622459,68.5,50,4,1.37
16420001622462,51.475,60,2,0.858
16420001622466,33.57,30,6,1.119
16420001622494,48.25,50,3,0.965
16420001622512,50.6,60,2,0.843
16420001622516,60.425,30,2,2.014
16420001622522,22.37,50,3,0.447
16420001622523,37.56,50,3,0.751
16420001622539,51.805,50,2,1.036
16420001622540,51.8,50,2,1.036
16420001622544,32.6,50,4,0.652
16420001622550,51.88999999999999,50,4,1.038
16420001622557,53.57,50,2,1.071
16420001622561,26.9,50,3,0.538
16420001622593,49.23,50,2,0.985
16420001622597,55.9,30,2,1.863
16420001622624,43.46,50,5,0.869
16420001622630,50.75,50,5,1.015
16420001622654,46.405,50,6,0.928
16420001622667,46.605,30,3,1.553
16420001622675,65.3,50,4,1.306
16420001622691,31.2,50,2,0.624
16420001622712,47.095,50,2,0.942
16420001622740,61.08,50,2,1.222
16420001622741,53.43,50,2,1.069
16420001622775,48.86,50,2,0.977
16420001622789,35.515,50,4,0.71
16420001623160,82.1,70,3,1.173
16420001623164,55.669999999999995,50,4,1.113
16420001623179,23.84,40,4,0.596
16420001623204,25.66,40,4,0.642
16420001623207,48.8,50,6,0.976
16420001623217,33.3,30,6,1.11
16420001623258,54.545,50,5,1.091
16420001623259,51.56,50,5,1.031
16420001623275,52.5,20,3,2.625
16420001623318,71.02,50,6,1.42
16420001623366,47.6,50,2,0.952
16420001623369,52.595,50,3,1.052
16420001623453,41.93,50,4,0.839
16420001623488,35.6,50,4,0.712
16420001623509,59.845,60,4,0.997
16420001623510,60.31999999999999,60,4,1.005
16420001623515,41.01,50,6,0.82
16420001623519,52.63,50,4,1.053
16420001623520,52.63,50,4,1.053
16420001623573,32.06,50,6,0.641
16420001623574,46.63,50,2,0.933
16420001623608,46.35,60,4,0.773
16420001623646,69.49,50,4,1.39
16420001623647,66.9,50,4,1.338
16420001623648,70.06,50,4,1.401
16420001623690,53.7,50,4,1.074
16420001623736,35.095000000000006,50,2,0.702
16420001623738,60.039999999999985,50,4,1.201
16420001623765,36.9,50,2,0.738
16420001623851,54.9,50,4,1.098
16420001623858,66.6,50,4,1.332
16420001623859,65.0,50,4,1.3
16420001623860,66.0,50,4,1.32
16420001623861,64.82000000000001,50,4,1.296
16420001623863,34.2,30,6,1.14
16420001623869,32.16,50,6,0.643
16420001623994,69.82,50,6,1.396
16420001624012,73.55499999999999,70,3,1.051
16420001624069,45.0,20,3,2.25
16420001624076,36.53,30,6,1.218
16420001624161,55.045,60,4,0.917
16420001624238,67.7,50,4,1.354
16420001624255,55.785,50,3,1.116
16420001624277,45.3,50,4,0.906
16420001624294,40.86,50,5,0.817
16420001624389,53.915,50,4,1.078
16420001624391,28.085,50,4,0.562
16420001624402,63.035,50,4,1.261
16420001624431,59.695,30,3,1.99
16420001624492,53.1,50,4,1.062
16420001624559,61.6,60,4,1.027
16420001624609,34.8,30,6,1.16
16420001624633,39.605,50,4,0.792
16420001624714,39.4,50,4,0.788
16420001624750,33.0,30,6,1.1
16420001624772,46.22,50,5,0.924
16420001624818,57.815,50,4,1.156
16420001624819,59.615,50,4,1.192
16420001624820,50.5,50,4,1.01
16420001624856,22.72,50,6,0.454
16420001624864,32.75,18,4,1.819
16420001624873,57.28999999999999,30,3,1.91
16420001624914,32.925,30,6,1.098
16420001624950,41.94,50,4,0.839
16420001625297,23.875,50,6,0.478
16420001628739,47.5,40,2,1.188
16420001628805,48.57,40,2,1.214
16420001628840,70.66999999999999,50,2,1.413
16420001628841,71.0,50,2,1.42
16420001631725,40.1,50,3,0.802
16420001631726,53.55,50,4,1.071
16420001631727,51.76,50,4,1.035
16420001631736,59.0,50,4,1.18
16420001631737,59.63,50,4,1.193
16420001631738,53.160000000000004,50,4,1.063
16420001631739,53.25,50,4,1.065
16420001631740,54.334999999999994,50,4,1.087
16420001631747,54.035,50,2,1.081
16420001631753,52.0,60,2,0.867
16420001631768,57.03,50,4,1.141
16420001631774,51.745,50,3,1.035
16420001631787,48.115,50,2,0.962
16420001631788,46.355,60,2,0.773
16420001631789,49.53,50,2,0.991
16420001631793,56.5,50,2,1.13
16420001631794,55.735,50,2,1.115
16420001631809,49.53,60,2,0.826
16420001631822,52.735,50,3,1.055
16420001631826,35.98,30,1,1.199
16420001631836,53.879999999999995,50,4,1.078
16420001631838,34.6,50,6,0.692
16420001631846,30.4,50,6,0.608
16420001631847,50.3,50,3,1.006
16420001631853,35.9,50,4,0.718
16420001631855,40.875,50,6,0.818
16420001631869,62.1,50,2,1.242
16420001631880,53.0,50,2,1.06
16420001631892,25.8,50,6,0.516
16420001631893,29.075,50,6,0.582
16420001631895,24.285,50,6,0.486
16420001631933,46.33,50,6,0.927
16420001631934,53.955,50,4,1.079
16420001631935,41.43,50,6,0.829
16420001631936,40.4,50,6,0.808
16420001631937,21.639999999999997,50,6,0.433
16420001631938,42.35,50,6,0.847
16420001631939,46.699999999999996,50,6,0.934
16420001631940,55.1,50,4,1.102
16420001631941,52.824999999999996,50,4,1.056
16420001631947,50.8,60,2,0.847
16420001631971,53.230000000000004,50,4,1.065
16420001631978,32.605,50,3,0.652
16420001631979,44.0,50,3,0.88
16420001631989,42.125,50,4,0.842
16420001631990,46.339999999999996,50,4,0.927
16420001631994,46.3,50,4,0.926
16420001632015,28.87,30,6,0.962
16420001632016,50.5,50,4,1.01
16420001632045,52.17999999999999,50,3,1.044
16420001632057,50.925,50,4,1.018
16420001632098,48.8,50,6,0.976
16420001632102,24.075000000000003,50,4,0.482
16420001632119,47.9,60,2,0.798
16420001632120,45.0,60,2,0.75
16420001632138,56.78,50,4,1.136
16420001632161,51.4,50,4,1.028
16420001632172,45.879999999999995,50,4,0.918
16420001632187,28.9,50,2,0.578
16420001632195,49.39,60,4,0.823
16420001632198,33.0,50,2,0.66
16420001632202,59.4,30,2,1.98
16420001632246,53.285,50,2,1.066
16420001632255,41.9,50,1,0.838
16420001632278,31.365,50,3,0.627
16420001632280,61.035,50,2,1.221
16420001632291,50.07,50,4,1.001
16420001632292,57.0,50,4,1.14
16420001632310,51.2,30,5,1.707
16420001632356,46.535,50,2,0.931
16420001632357,45.57,50,2,0.911
16420001632365,34.05,50,3,0.681
16420001632379,53.13,50,4,1.063
16420001632384,27.43,50,6,0.549
16420001632402,56.55,60,2,0.942
16420001632408,16.655,18,3,0.925
16420001632413,60.434999999999995,50,2,1.209
16420001632450,54.3,50,3,1.086
16420001632451,54.47,50,4,1.089
16420001632454,56.9,30,5,1.897
16420001632469,40.8,100,1,0.408
16420001632491,35.964999999999996,30,6,1.199
16420001632532,23.56,50,6,0.471
16420001632542,35.76,50,4,0.715
16420001632598,51.315,50,4,1.026
16420001632621,41.349999999999994,50,4,0.827
16420001632622,41.85,50,4,0.837
16420001632634,48.44,50,3,0.969
16420001632639,46.5,60,2,0.775
16420001632640,58.9,50,4,1.178
16420001632647,36.025,50,3,0.72
16420001632648,36.04,50,3,0.721
16420001632649,35.3,50,3,0.706
16420001632652,32.91,30,1,1.097
16420001632661,46.12,50,4,0.922
16420001632699,40.0,60,2,0.667
16420001632716,50.41,100,1,0.504
16420001632721,53.3,50,3,1.066
16420001632723,55.04,30,4,1.835
16420001632791,52.75,60,2,0.879
16420001632792,39.019999999999996,50,3,0.78
16420001632794,58.67,30,2,1.956
16420001632802,53.225,50,4,1.064
16420001632806,60.834999999999994,50,2,1.217
16420001632869,49.95,50,4,0.999
16420001632872,48.035,50,2,0.961
16420001632874,61.47,50,2,1.229
16420001632875,61.035,50,2,1.221
16420001632876,61.934999999999995,50,2,1.239
16420001632877,31.4,20,4,1.57
16420001632878,30.7,20,4,1.535
16420001632889,50.410000000000004,30,5,1.68
16420001632906,54.8,30,4,1.827
16420001632930,35.0,50,4,0.7
16420001632944,41.54,50,6,0.831
16420001632962,59.27,50,2,1.185
16420001632963,61.235,50,2,1.225
16420001632967,50.18,30,5,1.673
16420001632985,48.1,60,2,0.802
16420001633036,50.809999999999995,30,5,1.694
16420001633130,48.81999999999999,50,3,0.976
16420001633131,53.31999999999999,50,3,1.066
16420001633134,45.855,30,6,1.528
16420001633152,28.474999999999998,50,3,0.57
16420001633154,40.21,50,3,0.804
16420001633161,50.07999999999999,60,2,0.835
16420001633179,44.66,50,6,0.893
16420001633183,43.0,50,1,0.86
16420001633188,47.2,60,4,0.787
16420001633189,44.985,30,6,1.5
16420001633197,50.8,60,4,0.847
16420001633237,49.3,50,4,0.986
16420001633298,60.87,50,2,1.217
16420001633312,54.4,50,2,1.088
16420001633319,29.694999999999997,30,6,0.99
16420001633322,53.915,50,4,1.078
16420001633341,58.24,50,4,1.165
16420001633343,65.825,50,4,1.316
16420001633360,49.515,50,4,0.99
16420001633373,53.7,50,4,1.074
16420001633376,54.2,50,4,1.084
16420001633396,68.24,50,2,1.365
16420001633401,54.480000000000004,60,2,0.908
16420001633413,59.85,60,2,0.998
16420001633427,29.51,50,6,0.59
16420001633428,57.8,60,2,0.963
16420001633429,60.834999999999994,50,2,1.217
16420001633437,67.22,60,2,1.12
16420001633438,59.690000000000005,60,2,0.995
16420001633439,58.160000000000004,60,2,0.969
16420001633445,61.305,50,2,1.226
16420001633455,51.589999999999996,50,4,1.032
16420001633456,61.334999999999994,50,2,1.227
16420001633519,43.23,50,3,0.865
16420001633528,23.939999999999998,50,6,0.479
16420001633534,51.7,50,4,1.034
16420001633568,27.7,30,6,0.923
16420001633583,36.625,50,2,0.732
16420001633598,55.4,50,2,1.108
16420001633628,38.84,50,3,0.777
16420001633661,48.489999999999995,50,2,0.97
16420001633668,61.635,50,2,1.233
16420001633669,54.8,50,2,1.096
16420001633677,66.21000000000001,50,4,1.324
16420001633684,51.635,60,2,0.861
16420001633686,43.8,50,2,0.876
16420001633735,55.57,60,2,0.926
16420001633736,55.574999999999996,60,2,0.926
16420001633737,56.074999999999996,60,2,0.935
16420001633739,54.9,50,4,1.098
16420001633769,38.7,50,6,0.774
16420001633771,58.155,50,4,1.163
16420001633787,46.15,50,4,0.923
16420001633793,50.339999999999996,50,4,1.007
16420001633832,32.81,50,6,0.656
16420001633856,64.745,50,4,1.295
16420001633861,32.555,50,6,0.651
16420001634008,54.919999999999995,50,4,1.098
16420001634042,22.7,50,4,0.454
16420001634149,41.58,50,6,0.832
16420001634150,30.61,50,6,0.612
16420001634269,51.16,50,4,1.023
16420001634270,47.230000000000004,50,4,0.945
16420001634302,57.7,60,2,0.962
16420001634313,28.78,50,6,0.576
16420001634317,50.995,50,2,1.02
16420001634322,40.45,18,4,2.247
16420001634344,48.68,50,6,0.974
16420001634399,32.67,30,6,1.089
16420001634418,28.005,50,1,0.56
16420001634422,12.425,18,4,0.69
16420001634519,29.7,50,6,0.594
16420001634567,20.895,50,1,0.418
16420001634585,35.15,50,6,0.703
16420001634723,56.9,30,5,1.897
16420001634869,42.32,50,6,0.846
16420001634962,45.5,18,2,2.528
16420001635102,42.61999999999999,20,4,2.131
16420001635933,50.62,50,2,1.012
16420001635937,32.4,50,4,0.648
16420001635938,34.125,50,4,0.682
16420001635939,33.01,50,4,0.66
16420001635949,59.059999999999995,50,4,1.181
16420001635950,55.97,50,4,1.119
16420001635959,51.144999999999996,50,4,1.023
16420001635977,51.095,50,4,1.022
16420001635978,51.9,50,4,1.038
16420001635983,50.68,50,3,1.014
16420001635988,23.7,30,6,0.79
16420001635992,59.45,60,4,0.991
16420001635996,59.650000000000006,60,4,0.994
16420001635997,48.0,50,4,0.96
16420001636115,46.095000000000006,50,3,0.922
16420001636140,25.225,30,6,0.841
16420001636192,53.62,50,2,1.072
16420001636331,48.04,50,6,0.961
16420001636340,29.5,50,6,0.59
16420001636361,52.45,50,2,1.049
16420001636378,27.169999999999998,50,1,0.543
16420001636405,45.6,30,1,1.52
16420001636406,39.57,30,1,1.319
16420001636422,37.715,30,1,1.257
16420001636469,49.150000000000006,50,2,0.983
16420001638534,44.934999999999995,50,2,0.899
16420001638535,47.235,50,2,0.945
16420001638543,36.0,50,6,0.72
16420001638545,44.1,50,4,0.882
16420001638547,44.370000000000005,50,4,0.887
16420001638548,32.87,50,4,0.657
16420001638636,36.769999999999996,50,5,0.735
16420001638681,62.2,50,5,1.244
16420001638682,61.14,50,5,1.223
16420001638683,62.62,50,5,1.252
16420001638687,32.7,50,4,0.654
16420001638693,53.6,50,5,1.072
16420001638699,37.4,50,4,0.748
16420001638700,39.055,50,5,0.781
16420001638702,23.97,60,4,0.399
16420001638704,37.63,60,4,0.627
16420001638838,40.7,50,2,0.814
16420001638839,34.1,50,2,0.682
16420001638850,33.595,50,4,0.672
16420001638876,39.0,50,4,0.78
16420001638911,67.92,50,5,1.358
16420001638913,67.52,50,5,1.35
16420001638929,36.1,50,4,0.722
16420001638939,26.929999999999993,31,5,0.869
16420001638949,48.67,50,2,0.973
16420001639019,32.324999999999996,30,4,1.078
16420001639025,42.695,50,4,0.854
16420001639027,36.7,50,4,0.734
16420001639032,33.1,50,4,0.662
16420001639049,52.0,50,4,1.04
16420001639050,56.5,50,4,1.13
16420001639054,65.3,50,4,1.306
16420001639069,61.0,50,2,1.22
16420001639086,36.839999999999996,50,6,0.737
16420001639089,42.45,50,5,0.849
16420001639090,40.35,31,5,1.302
16420001639101,32.3,30,4,1.077
16420001639102,45.2,50,5,0.904
16420001639103,37.83,50,5,0.757
16420001639109,43.51,50,4,0.87
16420001639214,56.230000000000004,50,4,1.125
16420001639231,31.080000000000002,50,4,0.622
16420001639233,78.725,50,4,1.574
16420001639234,70.99,50,4,1.42
16420001639240,55.655,50,4,1.113
16420001639247,52.22,50,4,1.044
16420001639248,25.740000000000002,60,2,0.429
16420001639255,61.339999999999996,50,2,1.227
16420001639287,61.8,50,2,1.236
16420001639288,60.9,50,2,1.218
16420001639313,56.9,50,4,1.138
16420001639317,57.955,50,4,1.159
16420001639380,30.565,50,5,0.611
16420001639384,62.2,50,2,1.244
16420001639390,63.089999999999996,50,4,1.262
16420001639394,28.039999999999996,50,2,0.561
16420001639412,61.45,50,2,1.229
16420001639428,37.2,31,5,1.2
16420001639489,45.035,50,2,0.901
16420001639522,42.14000000000001,50,4,0.843
16420001639588,66.53999999999999,50,4,1.331
16420001639595,24.465,50,2,0.489
16420001639695,35.725,50,6,0.714
16420001639794,42.14000000000001,50,4,0.843
16420001639812,14.25,31,5,0.46
16420001639813,26.799999999999997,50,5,0.536
16420001639838,32.94,50,6,0.659
16420001640749,65.2,50,2,1.304
16420001640750,65.935,50,2,1.319
16420001640752,61.64,50,4,1.233
16420001640753,68.205,50,4,1.364
